-- MySQL dump 10.17  Distrib 10.3.17-MariaDB, for Linux (x86_64)
--
-- Host: cacti_db    Database: cacti
-- ------------------------------------------------------
-- Server version	10.4.12-MariaDB-1:10.4.12+maria~bionic

/*!40101 SET @OLD_CHARACTER_SET_CLIENT=@@CHARACTER_SET_CLIENT */;
/*!40101 SET @OLD_CHARACTER_SET_RESULTS=@@CHARACTER_SET_RESULTS */;
/*!40101 SET @OLD_COLLATION_CONNECTION=@@COLLATION_CONNECTION */;
/*!40101 SET NAMES utf8mb4 */;
/*!40103 SET @OLD_TIME_ZONE=@@TIME_ZONE */;
/*!40103 SET TIME_ZONE='+00:00' */;
/*!40014 SET @OLD_UNIQUE_CHECKS=@@UNIQUE_CHECKS, UNIQUE_CHECKS=0 */;
/*!40014 SET @OLD_FOREIGN_KEY_CHECKS=@@FOREIGN_KEY_CHECKS, FOREIGN_KEY_CHECKS=0 */;
/*!40101 SET @OLD_SQL_MODE=@@SQL_MODE, SQL_MODE='NO_AUTO_VALUE_ON_ZERO' */;
/*!40111 SET @OLD_SQL_NOTES=@@SQL_NOTES, SQL_NOTES=0 */;

--
-- Table structure for table `aggregate_graph_templates`
--

DROP TABLE IF EXISTS `aggregate_graph_templates`;
/*!40101 SET @saved_cs_client     = @@character_set_client */;
/*!40101 SET character_set_client = utf8 */;
CREATE TABLE `aggregate_graph_templates` (
  `id` int(10) unsigned NOT NULL AUTO_INCREMENT,
  `name` varchar(64) COLLATE utf8mb4_unicode_ci NOT NULL,
  `graph_template_id` int(10) unsigned NOT NULL,
  `gprint_prefix` varchar(64) COLLATE utf8mb4_unicode_ci NOT NULL,
  `gprint_format` char(2) COLLATE utf8mb4_unicode_ci DEFAULT '',
  `graph_type` int(10) unsigned NOT NULL,
  `total` int(10) unsigned NOT NULL,
  `total_type` int(10) unsigned NOT NULL,
  `total_prefix` varchar(64) COLLATE utf8mb4_unicode_ci NOT NULL,
  `order_type` int(10) unsigned NOT NULL,
  `created` timestamp NOT NULL DEFAULT current_timestamp(),
  `user_id` int(10) unsigned NOT NULL,
  PRIMARY KEY (`id`),
  KEY `graph_template_id` (`graph_template_id`),
  KEY `user_id` (`user_id`)
) ENGINE=InnoDB DEFAULT CHARSET=utf8mb4 COLLATE=utf8mb4_unicode_ci ROW_FORMAT=DYNAMIC COMMENT='Template Definitions for Aggregate Graphs';
/*!40101 SET character_set_client = @saved_cs_client */;

--
-- Dumping data for table `aggregate_graph_templates`
--

LOCK TABLES `aggregate_graph_templates` WRITE;
/*!40000 ALTER TABLE `aggregate_graph_templates` DISABLE KEYS */;
/*!40000 ALTER TABLE `aggregate_graph_templates` ENABLE KEYS */;
UNLOCK TABLES;

--
-- Table structure for table `aggregate_graph_templates_graph`
--

DROP TABLE IF EXISTS `aggregate_graph_templates_graph`;
/*!40101 SET @saved_cs_client     = @@character_set_client */;
/*!40101 SET character_set_client = utf8 */;
CREATE TABLE `aggregate_graph_templates_graph` (
  `aggregate_template_id` int(10) unsigned NOT NULL,
  `t_image_format_id` char(2) COLLATE utf8mb4_unicode_ci DEFAULT '',
  `image_format_id` tinyint(1) NOT NULL DEFAULT 0,
  `t_height` char(2) COLLATE utf8mb4_unicode_ci DEFAULT '',
  `height` mediumint(8) NOT NULL DEFAULT 0,
  `t_width` char(2) COLLATE utf8mb4_unicode_ci DEFAULT '',
  `width` mediumint(8) NOT NULL DEFAULT 0,
  `t_upper_limit` char(2) COLLATE utf8mb4_unicode_ci DEFAULT '',
  `upper_limit` varchar(20) COLLATE utf8mb4_unicode_ci NOT NULL DEFAULT '0',
  `t_lower_limit` char(2) COLLATE utf8mb4_unicode_ci DEFAULT '',
  `lower_limit` varchar(20) COLLATE utf8mb4_unicode_ci NOT NULL DEFAULT '0',
  `t_vertical_label` char(2) COLLATE utf8mb4_unicode_ci DEFAULT '',
  `vertical_label` varchar(200) COLLATE utf8mb4_unicode_ci DEFAULT '',
  `t_slope_mode` char(2) COLLATE utf8mb4_unicode_ci DEFAULT '',
  `slope_mode` char(2) COLLATE utf8mb4_unicode_ci DEFAULT 'on',
  `t_auto_scale` char(2) COLLATE utf8mb4_unicode_ci DEFAULT '',
  `auto_scale` char(2) COLLATE utf8mb4_unicode_ci DEFAULT '',
  `t_auto_scale_opts` char(2) COLLATE utf8mb4_unicode_ci DEFAULT '',
  `auto_scale_opts` tinyint(1) NOT NULL DEFAULT 0,
  `t_auto_scale_log` char(2) COLLATE utf8mb4_unicode_ci DEFAULT '',
  `auto_scale_log` char(2) COLLATE utf8mb4_unicode_ci DEFAULT '',
  `t_scale_log_units` char(2) COLLATE utf8mb4_unicode_ci DEFAULT '',
  `scale_log_units` char(2) COLLATE utf8mb4_unicode_ci DEFAULT '',
  `t_auto_scale_rigid` char(2) COLLATE utf8mb4_unicode_ci DEFAULT '',
  `auto_scale_rigid` char(2) COLLATE utf8mb4_unicode_ci DEFAULT '',
  `t_auto_padding` char(2) COLLATE utf8mb4_unicode_ci DEFAULT '',
  `auto_padding` char(2) COLLATE utf8mb4_unicode_ci DEFAULT '',
  `t_base_value` char(2) COLLATE utf8mb4_unicode_ci DEFAULT '',
  `base_value` mediumint(8) NOT NULL DEFAULT 0,
  `t_grouping` char(2) COLLATE utf8mb4_unicode_ci DEFAULT '',
  `grouping` char(2) COLLATE utf8mb4_unicode_ci NOT NULL DEFAULT '',
  `t_unit_value` char(2) COLLATE utf8mb4_unicode_ci DEFAULT '',
  `unit_value` varchar(20) COLLATE utf8mb4_unicode_ci DEFAULT '',
  `t_unit_exponent_value` char(2) COLLATE utf8mb4_unicode_ci DEFAULT '',
  `unit_exponent_value` varchar(5) COLLATE utf8mb4_unicode_ci NOT NULL DEFAULT '',
  `t_alt_y_grid` char(2) COLLATE utf8mb4_unicode_ci DEFAULT '',
  `alt_y_grid` char(2) COLLATE utf8mb4_unicode_ci DEFAULT NULL,
  `t_right_axis` char(2) COLLATE utf8mb4_unicode_ci DEFAULT '',
  `right_axis` varchar(20) COLLATE utf8mb4_unicode_ci DEFAULT NULL,
  `t_right_axis_label` char(2) COLLATE utf8mb4_unicode_ci DEFAULT '',
  `right_axis_label` varchar(200) COLLATE utf8mb4_unicode_ci DEFAULT NULL,
  `t_right_axis_format` char(2) COLLATE utf8mb4_unicode_ci DEFAULT '',
  `right_axis_format` mediumint(8) DEFAULT NULL,
  `t_right_axis_formatter` char(2) COLLATE utf8mb4_unicode_ci DEFAULT '',
  `right_axis_formatter` varchar(10) COLLATE utf8mb4_unicode_ci DEFAULT NULL,
  `t_left_axis_formatter` char(2) COLLATE utf8mb4_unicode_ci DEFAULT '',
  `left_axis_formatter` varchar(10) COLLATE utf8mb4_unicode_ci DEFAULT NULL,
  `t_no_gridfit` char(2) COLLATE utf8mb4_unicode_ci DEFAULT '',
  `no_gridfit` char(2) COLLATE utf8mb4_unicode_ci DEFAULT NULL,
  `t_unit_length` char(2) COLLATE utf8mb4_unicode_ci DEFAULT '',
  `unit_length` varchar(10) COLLATE utf8mb4_unicode_ci DEFAULT NULL,
  `t_tab_width` char(2) COLLATE utf8mb4_unicode_ci DEFAULT '',
  `tab_width` varchar(20) COLLATE utf8mb4_unicode_ci DEFAULT '30',
  `t_dynamic_labels` char(2) COLLATE utf8mb4_unicode_ci DEFAULT '',
  `dynamic_labels` char(2) COLLATE utf8mb4_unicode_ci DEFAULT NULL,
  `t_force_rules_legend` char(2) COLLATE utf8mb4_unicode_ci DEFAULT '',
  `force_rules_legend` char(2) COLLATE utf8mb4_unicode_ci DEFAULT NULL,
  `t_legend_position` char(2) COLLATE utf8mb4_unicode_ci DEFAULT '',
  `legend_position` varchar(10) COLLATE utf8mb4_unicode_ci DEFAULT NULL,
  `t_legend_direction` char(2) COLLATE utf8mb4_unicode_ci DEFAULT '',
  `legend_direction` varchar(10) COLLATE utf8mb4_unicode_ci DEFAULT NULL,
  PRIMARY KEY (`aggregate_template_id`)
) ENGINE=InnoDB DEFAULT CHARSET=utf8mb4 COLLATE=utf8mb4_unicode_ci ROW_FORMAT=DYNAMIC COMMENT='Aggregate Template Graph Data';
/*!40101 SET character_set_client = @saved_cs_client */;

--
-- Dumping data for table `aggregate_graph_templates_graph`
--

LOCK TABLES `aggregate_graph_templates_graph` WRITE;
/*!40000 ALTER TABLE `aggregate_graph_templates_graph` DISABLE KEYS */;
/*!40000 ALTER TABLE `aggregate_graph_templates_graph` ENABLE KEYS */;
UNLOCK TABLES;

--
-- Table structure for table `aggregate_graph_templates_item`
--

DROP TABLE IF EXISTS `aggregate_graph_templates_item`;
/*!40101 SET @saved_cs_client     = @@character_set_client */;
/*!40101 SET character_set_client = utf8 */;
CREATE TABLE `aggregate_graph_templates_item` (
  `aggregate_template_id` int(10) unsigned NOT NULL,
  `graph_templates_item_id` int(10) unsigned NOT NULL,
  `sequence` mediumint(8) unsigned NOT NULL DEFAULT 0,
  `color_template` int(11) NOT NULL,
  `t_graph_type_id` char(2) COLLATE utf8mb4_unicode_ci DEFAULT '',
  `graph_type_id` tinyint(3) NOT NULL DEFAULT 0,
  `t_cdef_id` char(2) COLLATE utf8mb4_unicode_ci DEFAULT '',
  `cdef_id` mediumint(8) unsigned DEFAULT NULL,
  `item_skip` char(2) COLLATE utf8mb4_unicode_ci NOT NULL,
  `item_total` char(2) COLLATE utf8mb4_unicode_ci NOT NULL,
  PRIMARY KEY (`aggregate_template_id`,`graph_templates_item_id`)
) ENGINE=InnoDB DEFAULT CHARSET=utf8mb4 COLLATE=utf8mb4_unicode_ci ROW_FORMAT=DYNAMIC COMMENT='Aggregate Template Graph Items';
/*!40101 SET character_set_client = @saved_cs_client */;

--
-- Dumping data for table `aggregate_graph_templates_item`
--

LOCK TABLES `aggregate_graph_templates_item` WRITE;
/*!40000 ALTER TABLE `aggregate_graph_templates_item` DISABLE KEYS */;
/*!40000 ALTER TABLE `aggregate_graph_templates_item` ENABLE KEYS */;
UNLOCK TABLES;

--
-- Table structure for table `aggregate_graphs`
--

DROP TABLE IF EXISTS `aggregate_graphs`;
/*!40101 SET @saved_cs_client     = @@character_set_client */;
/*!40101 SET character_set_client = utf8 */;
CREATE TABLE `aggregate_graphs` (
  `id` int(10) unsigned NOT NULL AUTO_INCREMENT,
  `aggregate_template_id` int(10) unsigned NOT NULL,
  `template_propogation` char(2) COLLATE utf8mb4_unicode_ci NOT NULL DEFAULT '',
  `local_graph_id` int(10) unsigned NOT NULL,
  `title_format` varchar(128) COLLATE utf8mb4_unicode_ci NOT NULL,
  `graph_template_id` int(10) unsigned NOT NULL,
  `gprint_prefix` varchar(64) COLLATE utf8mb4_unicode_ci NOT NULL,
  `gprint_format` char(2) COLLATE utf8mb4_unicode_ci DEFAULT '',
  `graph_type` int(10) unsigned NOT NULL,
  `total` int(10) unsigned NOT NULL,
  `total_type` int(10) unsigned NOT NULL,
  `total_prefix` varchar(64) COLLATE utf8mb4_unicode_ci NOT NULL,
  `order_type` int(10) unsigned NOT NULL,
  `created` timestamp NOT NULL DEFAULT current_timestamp() ON UPDATE current_timestamp(),
  `user_id` int(10) unsigned NOT NULL,
  PRIMARY KEY (`id`),
  KEY `aggregate_template_id` (`aggregate_template_id`),
  KEY `local_graph_id` (`local_graph_id`),
  KEY `title_format` (`title_format`),
  KEY `user_id` (`user_id`)
) ENGINE=InnoDB DEFAULT CHARSET=utf8mb4 COLLATE=utf8mb4_unicode_ci ROW_FORMAT=DYNAMIC COMMENT='Aggregate Graph Definitions';
/*!40101 SET character_set_client = @saved_cs_client */;

--
-- Dumping data for table `aggregate_graphs`
--

LOCK TABLES `aggregate_graphs` WRITE;
/*!40000 ALTER TABLE `aggregate_graphs` DISABLE KEYS */;
/*!40000 ALTER TABLE `aggregate_graphs` ENABLE KEYS */;
UNLOCK TABLES;

--
-- Table structure for table `aggregate_graphs_graph_item`
--

DROP TABLE IF EXISTS `aggregate_graphs_graph_item`;
/*!40101 SET @saved_cs_client     = @@character_set_client */;
/*!40101 SET character_set_client = utf8 */;
CREATE TABLE `aggregate_graphs_graph_item` (
  `aggregate_graph_id` int(10) unsigned NOT NULL,
  `graph_templates_item_id` int(10) unsigned NOT NULL,
  `sequence` mediumint(8) unsigned NOT NULL DEFAULT 0,
  `color_template` int(11) unsigned NOT NULL,
  `t_graph_type_id` char(2) COLLATE utf8mb4_unicode_ci DEFAULT '',
  `graph_type_id` tinyint(3) NOT NULL DEFAULT 0,
  `t_cdef_id` char(2) COLLATE utf8mb4_unicode_ci DEFAULT '',
  `cdef_id` mediumint(8) unsigned DEFAULT NULL,
  `item_skip` char(2) COLLATE utf8mb4_unicode_ci NOT NULL,
  `item_total` char(2) COLLATE utf8mb4_unicode_ci NOT NULL,
  PRIMARY KEY (`aggregate_graph_id`,`graph_templates_item_id`)
) ENGINE=InnoDB DEFAULT CHARSET=utf8mb4 COLLATE=utf8mb4_unicode_ci ROW_FORMAT=DYNAMIC COMMENT='Aggregate Graph Graph Items';
/*!40101 SET character_set_client = @saved_cs_client */;

--
-- Dumping data for table `aggregate_graphs_graph_item`
--

LOCK TABLES `aggregate_graphs_graph_item` WRITE;
/*!40000 ALTER TABLE `aggregate_graphs_graph_item` DISABLE KEYS */;
/*!40000 ALTER TABLE `aggregate_graphs_graph_item` ENABLE KEYS */;
UNLOCK TABLES;

--
-- Table structure for table `aggregate_graphs_items`
--

DROP TABLE IF EXISTS `aggregate_graphs_items`;
/*!40101 SET @saved_cs_client     = @@character_set_client */;
/*!40101 SET character_set_client = utf8 */;
CREATE TABLE `aggregate_graphs_items` (
  `aggregate_graph_id` int(10) unsigned NOT NULL,
  `local_graph_id` int(10) unsigned NOT NULL,
  `sequence` mediumint(8) unsigned NOT NULL DEFAULT 0,
  PRIMARY KEY (`aggregate_graph_id`,`local_graph_id`)
) ENGINE=InnoDB DEFAULT CHARSET=utf8mb4 COLLATE=utf8mb4_unicode_ci ROW_FORMAT=DYNAMIC COMMENT='Aggregate Graph Items';
/*!40101 SET character_set_client = @saved_cs_client */;

--
-- Dumping data for table `aggregate_graphs_items`
--

LOCK TABLES `aggregate_graphs_items` WRITE;
/*!40000 ALTER TABLE `aggregate_graphs_items` DISABLE KEYS */;
/*!40000 ALTER TABLE `aggregate_graphs_items` ENABLE KEYS */;
UNLOCK TABLES;

--
-- Table structure for table `automation_devices`
--

DROP TABLE IF EXISTS `automation_devices`;
/*!40101 SET @saved_cs_client     = @@character_set_client */;
/*!40101 SET character_set_client = utf8 */;
CREATE TABLE `automation_devices` (
  `id` bigint(20) unsigned NOT NULL AUTO_INCREMENT,
  `network_id` int(10) unsigned NOT NULL DEFAULT 0,
  `hostname` varchar(100) COLLATE utf8mb4_unicode_ci NOT NULL DEFAULT '',
  `ip` varchar(17) COLLATE utf8mb4_unicode_ci NOT NULL DEFAULT '',
  `snmp_community` varchar(100) COLLATE utf8mb4_unicode_ci NOT NULL DEFAULT '',
  `snmp_version` tinyint(1) unsigned NOT NULL DEFAULT 1,
  `snmp_port` mediumint(5) unsigned NOT NULL DEFAULT 161,
  `snmp_username` varchar(50) COLLATE utf8mb4_unicode_ci DEFAULT NULL,
  `snmp_password` varchar(50) COLLATE utf8mb4_unicode_ci DEFAULT NULL,
  `snmp_auth_protocol` char(6) COLLATE utf8mb4_unicode_ci DEFAULT '',
  `snmp_priv_passphrase` varchar(200) COLLATE utf8mb4_unicode_ci DEFAULT '',
  `snmp_priv_protocol` char(6) COLLATE utf8mb4_unicode_ci DEFAULT '',
  `snmp_context` varchar(64) COLLATE utf8mb4_unicode_ci DEFAULT '',
  `snmp_engine_id` varchar(64) COLLATE utf8mb4_unicode_ci DEFAULT '',
  `sysName` varchar(100) COLLATE utf8mb4_unicode_ci NOT NULL DEFAULT '',
  `sysLocation` varchar(255) COLLATE utf8mb4_unicode_ci NOT NULL DEFAULT '',
  `sysContact` varchar(255) COLLATE utf8mb4_unicode_ci NOT NULL DEFAULT '',
  `sysDescr` varchar(255) COLLATE utf8mb4_unicode_ci NOT NULL DEFAULT '',
  `sysUptime` int(32) NOT NULL DEFAULT 0,
  `os` varchar(64) COLLATE utf8mb4_unicode_ci NOT NULL DEFAULT '',
  `snmp` tinyint(4) NOT NULL DEFAULT 0,
  `known` tinyint(4) NOT NULL DEFAULT 0,
  `up` tinyint(4) NOT NULL DEFAULT 0,
  `time` int(11) NOT NULL DEFAULT 0,
  PRIMARY KEY (`id`),
  UNIQUE KEY `ip` (`ip`),
  KEY `hostname` (`hostname`)
) ENGINE=InnoDB DEFAULT CHARSET=utf8mb4 COLLATE=utf8mb4_unicode_ci ROW_FORMAT=DYNAMIC COMMENT='Table of Discovered Devices';
/*!40101 SET character_set_client = @saved_cs_client */;

--
-- Dumping data for table `automation_devices`
--

LOCK TABLES `automation_devices` WRITE;
/*!40000 ALTER TABLE `automation_devices` DISABLE KEYS */;
/*!40000 ALTER TABLE `automation_devices` ENABLE KEYS */;
UNLOCK TABLES;

--
-- Table structure for table `automation_graph_rule_items`
--

DROP TABLE IF EXISTS `automation_graph_rule_items`;
/*!40101 SET @saved_cs_client     = @@character_set_client */;
/*!40101 SET character_set_client = utf8 */;
CREATE TABLE `automation_graph_rule_items` (
  `id` mediumint(8) unsigned NOT NULL AUTO_INCREMENT,
  `rule_id` mediumint(8) unsigned NOT NULL DEFAULT 0,
  `sequence` smallint(3) unsigned NOT NULL DEFAULT 0,
  `operation` smallint(3) unsigned NOT NULL DEFAULT 0,
  `field` varchar(255) COLLATE utf8mb4_unicode_ci NOT NULL DEFAULT '',
  `operator` smallint(3) unsigned NOT NULL DEFAULT 0,
  `pattern` varchar(255) COLLATE utf8mb4_unicode_ci NOT NULL DEFAULT '',
  PRIMARY KEY (`id`)
) ENGINE=InnoDB AUTO_INCREMENT=7 DEFAULT CHARSET=utf8mb4 COLLATE=utf8mb4_unicode_ci ROW_FORMAT=DYNAMIC COMMENT='Automation Graph Rule Items';
/*!40101 SET character_set_client = @saved_cs_client */;

--
-- Dumping data for table `automation_graph_rule_items`
--

LOCK TABLES `automation_graph_rule_items` WRITE;
/*!40000 ALTER TABLE `automation_graph_rule_items` DISABLE KEYS */;
INSERT INTO `automation_graph_rule_items` VALUES (1,1,1,0,'ifOperStatus',7,'Up'),(2,1,2,1,'ifIP',16,''),(3,1,3,1,'ifHwAddr',16,''),(4,2,1,0,'ifOperStatus',7,'Up'),(5,2,2,1,'ifIP',16,''),(6,2,3,1,'ifHwAddr',16,'');
/*!40000 ALTER TABLE `automation_graph_rule_items` ENABLE KEYS */;
UNLOCK TABLES;

--
-- Table structure for table `automation_graph_rules`
--

DROP TABLE IF EXISTS `automation_graph_rules`;
/*!40101 SET @saved_cs_client     = @@character_set_client */;
/*!40101 SET character_set_client = utf8 */;
CREATE TABLE `automation_graph_rules` (
  `id` mediumint(8) unsigned NOT NULL AUTO_INCREMENT,
  `name` varchar(255) COLLATE utf8mb4_unicode_ci NOT NULL DEFAULT '',
  `snmp_query_id` smallint(3) unsigned NOT NULL DEFAULT 0,
  `graph_type_id` smallint(3) unsigned NOT NULL DEFAULT 0,
  `enabled` char(2) COLLATE utf8mb4_unicode_ci DEFAULT '',
  PRIMARY KEY (`id`),
  KEY `name` (`name`(171))
) ENGINE=InnoDB AUTO_INCREMENT=4 DEFAULT CHARSET=utf8mb4 COLLATE=utf8mb4_unicode_ci ROW_FORMAT=DYNAMIC COMMENT='Automation Graph Rules';
/*!40101 SET character_set_client = @saved_cs_client */;

--
-- Dumping data for table `automation_graph_rules`
--

LOCK TABLES `automation_graph_rules` WRITE;
/*!40000 ALTER TABLE `automation_graph_rules` DISABLE KEYS */;
INSERT INTO `automation_graph_rules` VALUES (1,'Traffic 64 bit Server',4,14,'on'),(2,'Traffic 64 bit Server Linux',4,14,'on'),(3,'Disk Space',7,28,'on');
/*!40000 ALTER TABLE `automation_graph_rules` ENABLE KEYS */;
UNLOCK TABLES;

--
-- Table structure for table `automation_ips`
--

DROP TABLE IF EXISTS `automation_ips`;
/*!40101 SET @saved_cs_client     = @@character_set_client */;
/*!40101 SET character_set_client = utf8 */;
CREATE TABLE `automation_ips` (
  `ip_address` varchar(20) COLLATE utf8mb4_unicode_ci NOT NULL DEFAULT '',
  `hostname` varchar(100) COLLATE utf8mb4_unicode_ci DEFAULT NULL,
  `network_id` int(10) unsigned DEFAULT NULL,
  `pid` int(10) unsigned DEFAULT NULL,
  `status` int(10) unsigned DEFAULT NULL,
  `thread` int(10) unsigned DEFAULT NULL,
  PRIMARY KEY (`ip_address`),
  KEY `pid` (`pid`)
) ENGINE=MEMORY DEFAULT CHARSET=utf8mb4 COLLATE=utf8mb4_unicode_ci COMMENT='List of discoverable ip addresses used for scanning';
/*!40101 SET character_set_client = @saved_cs_client */;

--
-- Dumping data for table `automation_ips`
--

LOCK TABLES `automation_ips` WRITE;
/*!40000 ALTER TABLE `automation_ips` DISABLE KEYS */;
/*!40000 ALTER TABLE `automation_ips` ENABLE KEYS */;
UNLOCK TABLES;

--
-- Table structure for table `automation_match_rule_items`
--

DROP TABLE IF EXISTS `automation_match_rule_items`;
/*!40101 SET @saved_cs_client     = @@character_set_client */;
/*!40101 SET character_set_client = utf8 */;
CREATE TABLE `automation_match_rule_items` (
  `id` mediumint(8) unsigned NOT NULL AUTO_INCREMENT,
  `rule_id` mediumint(8) unsigned NOT NULL DEFAULT 0,
  `rule_type` smallint(3) unsigned NOT NULL DEFAULT 0,
  `sequence` smallint(3) unsigned NOT NULL DEFAULT 0,
  `operation` smallint(3) unsigned NOT NULL DEFAULT 0,
  `field` varchar(255) COLLATE utf8mb4_unicode_ci NOT NULL DEFAULT '',
  `operator` smallint(3) unsigned NOT NULL DEFAULT 0,
  `pattern` varchar(255) COLLATE utf8mb4_unicode_ci NOT NULL DEFAULT '',
  PRIMARY KEY (`id`)
) ENGINE=InnoDB AUTO_INCREMENT=9 DEFAULT CHARSET=utf8mb4 COLLATE=utf8mb4_unicode_ci ROW_FORMAT=DYNAMIC COMMENT='Automation Match Rule Items';
/*!40101 SET character_set_client = @saved_cs_client */;

--
-- Dumping data for table `automation_match_rule_items`
--

LOCK TABLES `automation_match_rule_items` WRITE;
/*!40000 ALTER TABLE `automation_match_rule_items` DISABLE KEYS */;
INSERT INTO `automation_match_rule_items` VALUES (1,1,1,1,0,'h.snmp_sysDescr',8,''),(2,1,1,2,1,'h.snmp_version',12,'2'),(3,1,3,1,0,'ht.name',1,'Linux'),(4,2,1,1,0,'ht.name',1,'Linux'),(5,2,1,2,1,'h.snmp_version',12,'2'),(6,2,3,1,0,'ht.name',1,'SNMP'),(7,2,3,2,1,'gt.name',1,'Traffic'),(8,1,1,3,1,'h.snmp_sysDescr',2,'Windows');
/*!40000 ALTER TABLE `automation_match_rule_items` ENABLE KEYS */;
UNLOCK TABLES;

--
-- Table structure for table `automation_networks`
--

DROP TABLE IF EXISTS `automation_networks`;
/*!40101 SET @saved_cs_client     = @@character_set_client */;
/*!40101 SET character_set_client = utf8 */;
CREATE TABLE `automation_networks` (
  `id` int(10) unsigned NOT NULL AUTO_INCREMENT,
  `poller_id` int(10) unsigned DEFAULT 1,
  `site_id` int(10) unsigned DEFAULT 1,
  `name` varchar(128) COLLATE utf8mb4_unicode_ci NOT NULL DEFAULT '' COMMENT 'The name for this network',
  `subnet_range` varchar(1024) COLLATE utf8mb4_unicode_ci NOT NULL DEFAULT '' COMMENT 'Defined subnet ranges for discovery',
  `dns_servers` varchar(128) COLLATE utf8mb4_unicode_ci NOT NULL DEFAULT '' COMMENT 'DNS Servers to use for name resolution',
  `enabled` char(2) COLLATE utf8mb4_unicode_ci DEFAULT '',
  `notification_enabled` char(2) COLLATE utf8mb4_unicode_ci DEFAULT '',
  `notification_email` varchar(255) COLLATE utf8mb4_unicode_ci DEFAULT '',
  `notification_fromname` varchar(32) COLLATE utf8mb4_unicode_ci DEFAULT '',
  `notification_fromemail` varchar(128) COLLATE utf8mb4_unicode_ci DEFAULT '',
  `snmp_id` int(10) unsigned DEFAULT NULL,
  `enable_netbios` char(2) COLLATE utf8mb4_unicode_ci DEFAULT '',
  `add_to_cacti` char(2) COLLATE utf8mb4_unicode_ci DEFAULT '',
  `same_sysname` char(2) COLLATE utf8mb4_unicode_ci DEFAULT '',
  `total_ips` int(10) unsigned DEFAULT 0,
  `up_hosts` int(10) unsigned NOT NULL DEFAULT 0,
  `snmp_hosts` int(10) unsigned NOT NULL DEFAULT 0,
  `ping_method` int(10) unsigned NOT NULL DEFAULT 0 COMMENT 'The ping method (ICMP:TCP:UDP)',
  `ping_port` int(10) unsigned NOT NULL DEFAULT 0 COMMENT 'For TCP:UDP the port to ping',
  `ping_timeout` int(10) unsigned NOT NULL DEFAULT 0 COMMENT 'The ping timeout in seconds',
  `ping_retries` int(10) unsigned DEFAULT 0,
  `sched_type` int(10) unsigned NOT NULL DEFAULT 0 COMMENT 'Schedule type: manual or automatic',
  `threads` int(10) unsigned DEFAULT 1,
  `run_limit` int(10) unsigned DEFAULT 0 COMMENT 'The maximum runtime for the discovery',
  `start_at` varchar(20) COLLATE utf8mb4_unicode_ci DEFAULT NULL,
  `next_start` timestamp NOT NULL DEFAULT '0000-00-00 00:00:00',
  `recur_every` int(10) unsigned DEFAULT 1,
  `day_of_week` varchar(45) COLLATE utf8mb4_unicode_ci DEFAULT NULL COMMENT 'The days of week to run in crontab format',
  `month` varchar(45) COLLATE utf8mb4_unicode_ci DEFAULT NULL COMMENT 'The months to run in crontab format',
  `day_of_month` varchar(45) COLLATE utf8mb4_unicode_ci DEFAULT NULL COMMENT 'The days of month to run in crontab format',
  `monthly_week` varchar(45) COLLATE utf8mb4_unicode_ci DEFAULT NULL,
  `monthly_day` varchar(45) COLLATE utf8mb4_unicode_ci DEFAULT NULL,
  `last_runtime` double NOT NULL DEFAULT 0 COMMENT 'The last runtime for discovery',
  `last_started` timestamp NOT NULL DEFAULT '0000-00-00 00:00:00' COMMENT 'The time the discovery last started',
  `last_status` varchar(128) COLLATE utf8mb4_unicode_ci NOT NULL DEFAULT '' COMMENT 'The last exit message if any',
  `rerun_data_queries` char(2) COLLATE utf8mb4_unicode_ci DEFAULT NULL COMMENT 'Rerun data queries or not for existing hosts',
  PRIMARY KEY (`id`),
  KEY `poller_id` (`poller_id`)
) ENGINE=InnoDB AUTO_INCREMENT=2 DEFAULT CHARSET=utf8mb4 COLLATE=utf8mb4_unicode_ci ROW_FORMAT=DYNAMIC COMMENT='Stores scanning subnet definitions';
/*!40101 SET character_set_client = @saved_cs_client */;

--
-- Dumping data for table `automation_networks`
--

LOCK TABLES `automation_networks` WRITE;
/*!40000 ALTER TABLE `automation_networks` DISABLE KEYS */;
INSERT INTO `automation_networks` VALUES (1,1,0,'Test Network','192.168.1.0/24','','','','','','',1,'on','on','',254,0,0,1,22,400,1,2,10,1200,'0000-00-00 00:00:00','2020-05-17 15:00:00',2,'4','','','','',0,'0000-00-00 00:00:00','','on');
/*!40000 ALTER TABLE `automation_networks` ENABLE KEYS */;
UNLOCK TABLES;

--
-- Table structure for table `automation_processes`
--

DROP TABLE IF EXISTS `automation_processes`;
/*!40101 SET @saved_cs_client     = @@character_set_client */;
/*!40101 SET character_set_client = utf8 */;
CREATE TABLE `automation_processes` (
  `pid` int(8) unsigned NOT NULL,
  `poller_id` int(10) unsigned DEFAULT 1,
  `network_id` int(10) unsigned NOT NULL DEFAULT 0,
  `task` varchar(20) COLLATE utf8mb4_unicode_ci DEFAULT '',
  `status` varchar(20) COLLATE utf8mb4_unicode_ci DEFAULT NULL,
  `command` varchar(20) COLLATE utf8mb4_unicode_ci DEFAULT NULL,
  `up_hosts` int(10) unsigned DEFAULT 0,
  `snmp_hosts` int(10) unsigned DEFAULT 0,
  `heartbeat` timestamp NOT NULL DEFAULT '0000-00-00 00:00:00',
  PRIMARY KEY (`pid`,`network_id`)
) ENGINE=MEMORY DEFAULT CHARSET=utf8mb4 COLLATE=utf8mb4_unicode_ci COMMENT='Table tracking active poller processes';
/*!40101 SET character_set_client = @saved_cs_client */;

--
-- Dumping data for table `automation_processes`
--

LOCK TABLES `automation_processes` WRITE;
/*!40000 ALTER TABLE `automation_processes` DISABLE KEYS */;
/*!40000 ALTER TABLE `automation_processes` ENABLE KEYS */;
UNLOCK TABLES;

--
-- Table structure for table `automation_snmp`
--

DROP TABLE IF EXISTS `automation_snmp`;
/*!40101 SET @saved_cs_client     = @@character_set_client */;
/*!40101 SET character_set_client = utf8 */;
CREATE TABLE `automation_snmp` (
  `id` int(10) unsigned NOT NULL AUTO_INCREMENT,
  `name` varchar(100) COLLATE utf8mb4_unicode_ci NOT NULL DEFAULT '',
  PRIMARY KEY (`id`)
) ENGINE=InnoDB AUTO_INCREMENT=2 DEFAULT CHARSET=utf8mb4 COLLATE=utf8mb4_unicode_ci ROW_FORMAT=DYNAMIC COMMENT='Group of SNMP Option Sets';
/*!40101 SET character_set_client = @saved_cs_client */;

--
-- Dumping data for table `automation_snmp`
--

LOCK TABLES `automation_snmp` WRITE;
/*!40000 ALTER TABLE `automation_snmp` DISABLE KEYS */;
INSERT INTO `automation_snmp` VALUES (1,'Default Option Set');
/*!40000 ALTER TABLE `automation_snmp` ENABLE KEYS */;
UNLOCK TABLES;

--
-- Table structure for table `automation_snmp_items`
--

DROP TABLE IF EXISTS `automation_snmp_items`;
/*!40101 SET @saved_cs_client     = @@character_set_client */;
/*!40101 SET character_set_client = utf8 */;
CREATE TABLE `automation_snmp_items` (
  `id` int(10) unsigned NOT NULL AUTO_INCREMENT,
  `snmp_id` int(10) unsigned NOT NULL DEFAULT 0,
  `sequence` int(10) unsigned NOT NULL DEFAULT 0,
  `snmp_version` tinyint(1) unsigned NOT NULL DEFAULT 1,
  `snmp_community` varchar(100) COLLATE utf8mb4_unicode_ci NOT NULL,
  `snmp_port` mediumint(5) unsigned NOT NULL DEFAULT 161,
  `snmp_timeout` int(10) unsigned NOT NULL DEFAULT 500,
  `snmp_retries` tinyint(11) unsigned NOT NULL DEFAULT 3,
  `max_oids` int(12) unsigned DEFAULT 10,
  `snmp_username` varchar(50) COLLATE utf8mb4_unicode_ci DEFAULT NULL,
  `snmp_password` varchar(50) COLLATE utf8mb4_unicode_ci DEFAULT NULL,
  `snmp_auth_protocol` char(6) COLLATE utf8mb4_unicode_ci DEFAULT '',
  `snmp_priv_passphrase` varchar(200) COLLATE utf8mb4_unicode_ci DEFAULT '',
  `snmp_priv_protocol` char(6) COLLATE utf8mb4_unicode_ci DEFAULT '',
  `snmp_context` varchar(64) COLLATE utf8mb4_unicode_ci DEFAULT '',
  `snmp_engine_id` varchar(64) COLLATE utf8mb4_unicode_ci DEFAULT '',
  PRIMARY KEY (`id`,`snmp_id`)
) ENGINE=InnoDB AUTO_INCREMENT=4 DEFAULT CHARSET=utf8mb4 COLLATE=utf8mb4_unicode_ci ROW_FORMAT=DYNAMIC COMMENT='Set of SNMP Options';
/*!40101 SET character_set_client = @saved_cs_client */;

--
-- Dumping data for table `automation_snmp_items`
--

LOCK TABLES `automation_snmp_items` WRITE;
/*!40000 ALTER TABLE `automation_snmp_items` DISABLE KEYS */;
INSERT INTO `automation_snmp_items` VALUES (1,1,2,2,'public',161,1000,3,10,'admin','baseball','MD5','','DES','',''),(2,1,3,2,'private',161,1000,3,10,'admin','baseball','MD5','','DES','',''),(3,1,1,2,'rocomm',161,500,3,10,'','','MD5','','DES','','');
/*!40000 ALTER TABLE `automation_snmp_items` ENABLE KEYS */;
UNLOCK TABLES;

--
-- Table structure for table `automation_templates`
--

DROP TABLE IF EXISTS `automation_templates`;
/*!40101 SET @saved_cs_client     = @@character_set_client */;
/*!40101 SET character_set_client = utf8 */;
CREATE TABLE `automation_templates` (
  `id` int(8) NOT NULL AUTO_INCREMENT,
  `host_template` int(8) NOT NULL DEFAULT 0,
  `availability_method` int(10) unsigned DEFAULT 2,
  `sysDescr` varchar(255) COLLATE utf8mb4_unicode_ci DEFAULT '',
  `sysName` varchar(255) COLLATE utf8mb4_unicode_ci DEFAULT '',
  `sysOid` varchar(60) COLLATE utf8mb4_unicode_ci DEFAULT '',
  `sequence` int(10) unsigned DEFAULT 0,
  PRIMARY KEY (`id`)
) ENGINE=InnoDB AUTO_INCREMENT=6 DEFAULT CHARSET=utf8mb4 COLLATE=utf8mb4_unicode_ci ROW_FORMAT=DYNAMIC COMMENT='Templates of SNMP Sys variables used for automation';
/*!40101 SET character_set_client = @saved_cs_client */;

--
-- Dumping data for table `automation_templates`
--

LOCK TABLES `automation_templates` WRITE;
/*!40000 ALTER TABLE `automation_templates` DISABLE KEYS */;
INSERT INTO `automation_templates` VALUES (1,3,2,'Linux','','',2),(2,1,2,'HP ETHERNET','','',1),(3,5,2,'Linux','','',1),(4,6,2,'Windows','','',2),(5,2,2,'(Cisco Internetwork Operating System Software|IOS)','','',3);
/*!40000 ALTER TABLE `automation_templates` ENABLE KEYS */;
UNLOCK TABLES;

--
-- Table structure for table `automation_tree_rule_items`
--

DROP TABLE IF EXISTS `automation_tree_rule_items`;
/*!40101 SET @saved_cs_client     = @@character_set_client */;
/*!40101 SET character_set_client = utf8 */;
CREATE TABLE `automation_tree_rule_items` (
  `id` mediumint(8) unsigned NOT NULL AUTO_INCREMENT,
  `rule_id` mediumint(8) unsigned NOT NULL DEFAULT 0,
  `sequence` smallint(3) unsigned NOT NULL DEFAULT 0,
  `field` varchar(255) COLLATE utf8mb4_unicode_ci NOT NULL DEFAULT '',
  `sort_type` smallint(3) unsigned NOT NULL DEFAULT 0,
  `propagate_changes` char(2) COLLATE utf8mb4_unicode_ci DEFAULT '',
  `search_pattern` varchar(255) COLLATE utf8mb4_unicode_ci NOT NULL DEFAULT '',
  `replace_pattern` varchar(255) COLLATE utf8mb4_unicode_ci NOT NULL DEFAULT '',
  PRIMARY KEY (`id`)
) ENGINE=InnoDB AUTO_INCREMENT=5 DEFAULT CHARSET=utf8mb4 COLLATE=utf8mb4_unicode_ci ROW_FORMAT=DYNAMIC COMMENT='Automation Tree Rule Items';
/*!40101 SET character_set_client = @saved_cs_client */;

--
-- Dumping data for table `automation_tree_rule_items`
--

LOCK TABLES `automation_tree_rule_items` WRITE;
/*!40000 ALTER TABLE `automation_tree_rule_items` DISABLE KEYS */;
INSERT INTO `automation_tree_rule_items` VALUES (1,1,1,'ht.name',1,'','^(.*)\\s*Linux\\s*(.*)$','${1}\\n${2}'),(2,1,2,'h.hostname',1,'','^(\\w*)\\s*(\\w*)\\s*(\\w*).*$',''),(3,2,1,'0',2,'on','Traffic',''),(4,2,2,'gtg.title_cache',1,'','^(.*)\\s*-\\s*Traffic -\\s*(.*)$','${1}\\n${2}');
/*!40000 ALTER TABLE `automation_tree_rule_items` ENABLE KEYS */;
UNLOCK TABLES;

--
-- Table structure for table `automation_tree_rules`
--

DROP TABLE IF EXISTS `automation_tree_rules`;
/*!40101 SET @saved_cs_client     = @@character_set_client */;
/*!40101 SET character_set_client = utf8 */;
CREATE TABLE `automation_tree_rules` (
  `id` mediumint(8) unsigned NOT NULL AUTO_INCREMENT,
  `name` varchar(255) COLLATE utf8mb4_unicode_ci NOT NULL DEFAULT '',
  `tree_id` smallint(3) unsigned NOT NULL DEFAULT 0,
  `tree_item_id` mediumint(8) unsigned NOT NULL DEFAULT 0,
  `leaf_type` smallint(3) unsigned NOT NULL DEFAULT 0,
  `host_grouping_type` smallint(3) unsigned NOT NULL DEFAULT 0,
  `enabled` char(2) COLLATE utf8mb4_unicode_ci DEFAULT '',
  PRIMARY KEY (`id`),
  KEY `name` (`name`(171))
) ENGINE=InnoDB AUTO_INCREMENT=3 DEFAULT CHARSET=utf8mb4 COLLATE=utf8mb4_unicode_ci ROW_FORMAT=DYNAMIC COMMENT='Automation Tree Rules';
/*!40101 SET character_set_client = @saved_cs_client */;

--
-- Dumping data for table `automation_tree_rules`
--

LOCK TABLES `automation_tree_rules` WRITE;
/*!40000 ALTER TABLE `automation_tree_rules` DISABLE KEYS */;
INSERT INTO `automation_tree_rules` VALUES (1,'New Device',1,0,3,1,'on'),(2,'New Graph',1,0,2,1,'');
/*!40000 ALTER TABLE `automation_tree_rules` ENABLE KEYS */;
UNLOCK TABLES;

--
-- Table structure for table `cdef`
--

DROP TABLE IF EXISTS `cdef`;
/*!40101 SET @saved_cs_client     = @@character_set_client */;
/*!40101 SET character_set_client = utf8 */;
CREATE TABLE `cdef` (
  `id` mediumint(8) unsigned NOT NULL AUTO_INCREMENT,
  `hash` varchar(32) COLLATE utf8mb4_unicode_ci NOT NULL DEFAULT '',
  `system` mediumint(8) unsigned NOT NULL DEFAULT 0,
  `name` varchar(255) COLLATE utf8mb4_unicode_ci NOT NULL DEFAULT '',
  PRIMARY KEY (`id`),
  KEY `hash` (`hash`),
  KEY `name` (`name`(171))
) ENGINE=InnoDB AUTO_INCREMENT=20 DEFAULT CHARSET=utf8mb4 COLLATE=utf8mb4_unicode_ci ROW_FORMAT=DYNAMIC;
/*!40101 SET character_set_client = @saved_cs_client */;

--
-- Dumping data for table `cdef`
--

LOCK TABLES `cdef` WRITE;
/*!40000 ALTER TABLE `cdef` DISABLE KEYS */;
INSERT INTO `cdef` VALUES (2,'73f95f8b77b5508157d64047342c421e',0,'Turn Bytes into Bits'),(3,'3d352eed9fa8f7b2791205b3273708c7',0,'Make Stack Negative'),(4,'e961cc8ec04fda6ed4981cf5ad501aa5',0,'Make Per 5 Minutes'),(12,'f1ac79f05f255c02f914c920f1038c54',0,'Total All Data Sources'),(14,'634a23af5e78af0964e8d33b1a4ed26b',0,'Multiply by 1024'),(15,'068984b5ccdfd2048869efae5166f722',0,'Total All Data Sources, Multiply by 1024'),(16,'f0995854fa3f78e0b5ec3e42b468d857',0,'Round Up Number'),(17,'e467c2a53cd92031c422b0703329b59a',0,'Turn Uptime to Days'),(18,'2edaef75ae74a4919e6774fdcc51231d',0,'Net-SNMP - IO Wait'),(19,'551f401b7345d62439832e7e7c722d53',0,'Convert Data Source to Data Rate');
/*!40000 ALTER TABLE `cdef` ENABLE KEYS */;
UNLOCK TABLES;

--
-- Table structure for table `cdef_items`
--

DROP TABLE IF EXISTS `cdef_items`;
/*!40101 SET @saved_cs_client     = @@character_set_client */;
/*!40101 SET character_set_client = utf8 */;
CREATE TABLE `cdef_items` (
  `id` mediumint(8) unsigned NOT NULL AUTO_INCREMENT,
  `hash` varchar(32) COLLATE utf8mb4_unicode_ci NOT NULL DEFAULT '',
  `cdef_id` mediumint(8) unsigned NOT NULL DEFAULT 0,
  `sequence` mediumint(8) unsigned NOT NULL DEFAULT 0,
  `type` tinyint(2) NOT NULL DEFAULT 0,
  `value` varchar(150) COLLATE utf8mb4_unicode_ci NOT NULL DEFAULT '',
  PRIMARY KEY (`id`),
  KEY `cdef_id_sequence` (`cdef_id`,`sequence`)
) ENGINE=InnoDB AUTO_INCREMENT=35 DEFAULT CHARSET=utf8mb4 COLLATE=utf8mb4_unicode_ci ROW_FORMAT=DYNAMIC;
/*!40101 SET character_set_client = @saved_cs_client */;

--
-- Dumping data for table `cdef_items`
--

LOCK TABLES `cdef_items` WRITE;
/*!40000 ALTER TABLE `cdef_items` DISABLE KEYS */;
INSERT INTO `cdef_items` VALUES (7,'9bbf6b792507bb9bb17d2af0970f9be9',2,1,4,'CURRENT_DATA_SOURCE'),(8,'caa4e023ac2d7b1c4b4c8c4adfd55dfe',2,3,2,'3'),(9,'a4b8eb2c3bf4920a3ef571a7a004be53',2,2,6,'8'),(10,'c888c9fe6b62c26c4bfe23e18991731d',3,1,4,'CURRENT_DATA_SOURCE'),(11,'1e1d0b29a94e08b648c8f053715442a0',3,3,2,'3'),(12,'4355c197998c7f8b285be7821ddc6da4',3,2,6,'-1'),(13,'40bb7a1143b0f2e2efca14eb356236de',4,1,4,'CURRENT_DATA_SOURCE'),(14,'42686ea0925c0220924b7d333599cd67',4,3,2,'3'),(15,'faf1b148b2c0e0527362ed5b8ca1d351',4,2,6,'300'),(16,'0ef6b8a42dc83b4e43e437960fccd2ea',12,1,4,'ALL_DATA_SOURCES_NODUPS'),(18,'86370cfa0008fe8c56b28be80ee39a40',14,1,4,'CURRENT_DATA_SOURCE'),(19,'9a35cc60d47691af37f6fddf02064e20',14,2,6,'1024'),(20,'5d7a7941ec0440b257e5598a27dd1688',14,3,2,'3'),(21,'44fd595c60539ff0f5817731d9f43a85',15,1,4,'ALL_DATA_SOURCES_NODUPS'),(22,'aa38be265e5ac31783e57ce6f9314e9a',15,2,6,'1024'),(23,'204423d4b2598f1f7252eea19458345c',15,3,2,'3'),(24,'f8be084bb9912c335248a7624b1791a7',16,1,4,'CURRENT_DATA_SOURCE'),(25,'fb418923ccd3854f97245b692f86d2c0',16,2,1,'6'),(26,'c658f6a764966a4bcfbb4b0ef3deba37',17,1,4,'CURRENT_DATA_SOURCE'),(27,'f540004e39b64358d09d333535f2f497',17,2,6,'8640000'),(28,'a413e8cd783534eb54756ecec2029338',17,3,2,'4'),(29,'a96e5ae6dcdf2ca5ef1e2f9706b62ff0',18,1,6,'100'),(30,'ae2da3b8309debcc90d58fd3a7652315',18,2,4,'ALL_DATA_SOURCES_NODUPS'),(31,'56c946373bc51a86c631660a68aa7361',18,3,2,'2'),(32,'769be0527605b501381a54272d1da3e9',19,1,4,'CURRENT_DATA_SOURCE'),(33,'83663603689f36b7ba80f63e6f26f64d',19,2,4,'CURRENT_DATA_SOURCE_PI'),(34,'dfbec091d7792d2409e9310e58c7055c',19,3,2,'4');
/*!40000 ALTER TABLE `cdef_items` ENABLE KEYS */;
UNLOCK TABLES;

--
-- Table structure for table `color_template_items`
--

DROP TABLE IF EXISTS `color_template_items`;
/*!40101 SET @saved_cs_client     = @@character_set_client */;
/*!40101 SET character_set_client = utf8 */;
CREATE TABLE `color_template_items` (
  `color_template_item_id` int(12) unsigned NOT NULL AUTO_INCREMENT,
  `color_template_id` mediumint(8) unsigned NOT NULL DEFAULT 0,
  `color_id` mediumint(8) unsigned NOT NULL DEFAULT 0,
  `sequence` mediumint(8) unsigned NOT NULL DEFAULT 0,
  PRIMARY KEY (`color_template_item_id`)
) ENGINE=InnoDB AUTO_INCREMENT=45 DEFAULT CHARSET=utf8mb4 COLLATE=utf8mb4_unicode_ci ROW_FORMAT=DYNAMIC COMMENT='Color Items for Color Templates';
/*!40101 SET character_set_client = @saved_cs_client */;

--
-- Dumping data for table `color_template_items`
--

LOCK TABLES `color_template_items` WRITE;
/*!40000 ALTER TABLE `color_template_items` DISABLE KEYS */;
INSERT INTO `color_template_items` VALUES (1,1,4,1),(2,1,24,2),(3,1,98,3),(4,1,25,4),(5,2,25,1),(6,2,29,2),(7,2,30,3),(8,2,31,4),(9,2,33,5),(10,2,35,6),(11,2,41,7),(12,2,9,8),(13,3,15,1),(14,3,31,2),(15,3,28,3),(16,3,8,4),(17,3,34,5),(18,3,33,6),(19,3,35,7),(20,3,41,8),(21,3,36,9),(22,3,42,10),(23,3,44,11),(24,3,48,12),(25,3,9,13),(26,3,49,14),(27,3,51,15),(28,3,52,16),(29,4,76,1),(30,4,84,2),(31,4,89,3),(32,4,17,4),(33,4,86,5),(34,4,88,6),(35,4,90,7),(36,4,94,8),(37,4,96,9),(38,4,93,10),(39,4,91,11),(40,4,22,12),(41,4,12,13),(42,4,95,14),(43,4,6,15),(44,4,92,16);
/*!40000 ALTER TABLE `color_template_items` ENABLE KEYS */;
UNLOCK TABLES;

--
-- Table structure for table `color_templates`
--

DROP TABLE IF EXISTS `color_templates`;
/*!40101 SET @saved_cs_client     = @@character_set_client */;
/*!40101 SET character_set_client = utf8 */;
CREATE TABLE `color_templates` (
  `color_template_id` mediumint(8) unsigned NOT NULL AUTO_INCREMENT,
  `name` varchar(255) COLLATE utf8mb4_unicode_ci NOT NULL DEFAULT '',
  PRIMARY KEY (`color_template_id`)
) ENGINE=InnoDB AUTO_INCREMENT=5 DEFAULT CHARSET=utf8mb4 COLLATE=utf8mb4_unicode_ci ROW_FORMAT=DYNAMIC COMMENT='Color Templates';
/*!40101 SET character_set_client = @saved_cs_client */;

--
-- Dumping data for table `color_templates`
--

LOCK TABLES `color_templates` WRITE;
/*!40000 ALTER TABLE `color_templates` DISABLE KEYS */;
INSERT INTO `color_templates` VALUES (1,'Yellow: light -> dark, 4 colors'),(2,'Red: light yellow > dark red, 8 colors'),(3,'Red: light -> dark, 16 colors'),(4,'Green: dark -> light, 16 colors');
/*!40000 ALTER TABLE `color_templates` ENABLE KEYS */;
UNLOCK TABLES;

--
-- Table structure for table `colors`
--

DROP TABLE IF EXISTS `colors`;
/*!40101 SET @saved_cs_client     = @@character_set_client */;
/*!40101 SET character_set_client = utf8 */;
CREATE TABLE `colors` (
  `id` mediumint(8) unsigned NOT NULL AUTO_INCREMENT,
  `name` varchar(40) COLLATE utf8mb4_unicode_ci DEFAULT '',
  `hex` varchar(6) COLLATE utf8mb4_unicode_ci NOT NULL DEFAULT '',
  `read_only` char(2) COLLATE utf8mb4_unicode_ci DEFAULT '',
  PRIMARY KEY (`id`),
  UNIQUE KEY `hex` (`hex`)
) ENGINE=InnoDB AUTO_INCREMENT=440 DEFAULT CHARSET=utf8mb4 COLLATE=utf8mb4_unicode_ci ROW_FORMAT=DYNAMIC;
/*!40101 SET character_set_client = @saved_cs_client */;

--
-- Dumping data for table `colors`
--

LOCK TABLES `colors` WRITE;
/*!40000 ALTER TABLE `colors` DISABLE KEYS */;
INSERT INTO `colors` VALUES (1,'Black','000000','on'),(2,'White','FFFFFF','on'),(4,'','FAFD9E',''),(5,'','C0C0C0',''),(6,'','74C366',''),(7,'','6DC8FE',''),(8,'','EA8F00',''),(9,'Red','FF0000','on'),(10,'','4444FF',''),(11,'Magenta','FF00FF','on'),(12,'Green','00FF00','on'),(13,'','8D85F3',''),(14,'','AD3B6E',''),(15,'','EACC00',''),(16,'','12B3B5',''),(17,'','157419',''),(18,'','C4FD3D',''),(19,'','817C4E',''),(20,'','002A97',''),(21,'','0000FF',''),(22,'','00CF00',''),(24,'','F9FD5F',''),(25,'','FFF200',''),(26,'','CCBB00',''),(27,'','837C04',''),(28,'','EAAF00',''),(29,'','FFD660',''),(30,'','FFC73B',''),(31,'','FFAB00',''),(33,'','FF7D00',''),(34,'','ED7600',''),(35,'','FF5700',''),(36,'','EE5019',''),(37,'','B1441E',''),(38,'','FFC3C0',''),(39,'','FF897C',''),(40,'','FF6044',''),(41,'','FF4105',''),(42,'','DA4725',''),(43,'','942D0C',''),(44,'','FF3932',''),(45,'','862F2F',''),(46,'','FF5576',''),(47,'','562B29',''),(48,'','F51D30',''),(49,'','DE0056',''),(50,'','ED5394',''),(51,'','B90054',''),(52,'','8F005C',''),(53,'','F24AC8',''),(54,'','E8CDEF',''),(55,'','D8ACE0',''),(56,'','A150AA',''),(57,'','750F7D',''),(58,'','8D00BA',''),(59,'','623465',''),(60,'','55009D',''),(61,'','3D168B',''),(62,'','311F4E',''),(63,'','D2D8F9',''),(64,'','9FA4EE',''),(65,'','6557D0',''),(66,'','4123A1',''),(67,'','4668E4',''),(68,'','0D006A',''),(69,'','00004D',''),(70,'','001D61',''),(71,'','00234B',''),(72,'','002A8F',''),(73,'','2175D9',''),(74,'','7CB3F1',''),(75,'','005199',''),(76,'','004359',''),(77,'','00A0C1',''),(78,'','007283',''),(79,'','00BED9',''),(80,'','AFECED',''),(81,'','55D6D3',''),(82,'','00BBB4',''),(83,'','009485',''),(84,'','005D57',''),(85,'','008A77',''),(86,'','008A6D',''),(87,'','00B99B',''),(88,'','009F67',''),(89,'','00694A',''),(90,'','00A348',''),(91,'','00BF47',''),(92,'','96E78A',''),(93,'','00BD27',''),(94,'','35962B',''),(95,'','7EE600',''),(96,'','6EA100',''),(97,'','CAF100',''),(98,'','F5F800',''),(99,'','CDCFC4',''),(100,'','BCBEB3',''),(101,'','AAABA1',''),(102,'','8F9286',''),(103,'','797C6E',''),(104,'','2E3127',''),(105,'Night','0C090A','on'),(106,'Gunmetal','2C3539','on'),(107,'Midnight','2B1B17','on'),(108,'Charcoal','34282C','on'),(109,'Dark Slate Grey','25383C','on'),(110,'Oil','3B3131','on'),(111,'Black Cat','413839','on'),(112,'Iridium','3D3C3A','on'),(113,'Black Eel','463E3F','on'),(114,'Black Cow','4C4646','on'),(115,'Gray Wolf','504A4B','on'),(116,'Vampire Gray','565051','on'),(117,'Gray Dolphin','5C5858','on'),(118,'Carbon Gray','625D5D','on'),(119,'Ash Gray','666362','on'),(120,'Cloudy Gray','6D6968','on'),(121,'Smokey Gray','726E6D','on'),(122,'Gray','736F6E','on'),(123,'Granite','837E7C','on'),(124,'Battleship Gray','848482','on'),(125,'Gray Cloud','B6B6B4','on'),(126,'Gray Goose','D1D0CE','on'),(127,'Platinum','E5E4E2','on'),(128,'Metallic Silver','BCC6CC','on'),(129,'Blue Gray','98AFC7','on'),(130,'Light Slate Gray','6D7B8D','on'),(131,'Slate Gray','657383','on'),(132,'Jet Gray','616D7E','on'),(133,'Mist Blue','646D7E','on'),(134,'Marble Blue','566D7E','on'),(135,'Slate Blue','737CA1','on'),(136,'Steel Blue','4863A0','on'),(137,'Blue Jay','2B547E','on'),(138,'Dark Slate Blue','2B3856','on'),(139,'Midnight Blue','151B54','on'),(140,'Navy Blue','000080','on'),(141,'Blue Whale','342D7E','on'),(142,'Lapis Blue','15317E','on'),(143,'Cornflower Blue','151B8D','on'),(144,'Earth Blue','0000A0','on'),(145,'Cobalt Blue','0020C2','on'),(146,'Blueberry Blue','0041C2','on'),(147,'Sapphire Blue','2554C7','on'),(148,'Blue Eyes','1569C7','on'),(149,'Royal Blue','2B60DE','on'),(150,'Blue Orchid','1F45FC','on'),(151,'Blue Lotus','6960EC','on'),(152,'Light Slate Blue','736AFF','on'),(153,'Slate Blue','357EC7','on'),(154,'Glacial Blue Ice','368BC1','on'),(155,'Silk Blue','488AC7','on'),(156,'Blue Ivy','3090C7','on'),(157,'Blue Koi','659EC7','on'),(158,'Columbia Blue','87AFC7','on'),(159,'Baby Blue','95B9C7','on'),(160,'Light Steel Blue','728FCE','on'),(161,'Ocean Blue','2B65EC','on'),(162,'Blue Ribbon','306EFF','on'),(163,'Blue Dress','157DEC','on'),(164,'Dodger Blue','1589FF','on'),(165,'Cornflower Blue','6495ED','on'),(166,'Sky Blue','6698FF','on'),(167,'Butterfly Blue','38ACEC','on'),(168,'Iceberg','56A5EC','on'),(169,'Crystal Blue','5CB3FF','on'),(170,'Deep Sky Blue','3BB9FF','on'),(171,'Denim Blue','79BAEC','on'),(172,'Light Sky Blue','82CAFA','on'),(173,'Day Sky Blue','82CAFF','on'),(174,'Jeans Blue','A0CFEC','on'),(175,'Blue Angel','B7CEEC','on'),(176,'Pastel Blue','B4CFEC','on'),(177,'Sea Blue','C2DFFF','on'),(178,'Powder Blue','C6DEFF','on'),(179,'Coral Blue','AFDCEC','on'),(180,'Light Blue','ADDFFF','on'),(181,'Robin Egg Blue','BDEDFF','on'),(182,'Pale Blue Lily','CFECEC','on'),(183,'Light Cyan','E0FFFF','on'),(184,'Water','EBF4FA','on'),(185,'Alice Blue','F0F8FF','on'),(186,'Azure','F0FFFF','on'),(187,'Light Slate','CCFFFF','on'),(188,'Light Aquamarine','93FFE8','on'),(189,'Electric Blue','9AFEFF','on'),(190,'Aquamarine','7FFFD4','on'),(191,'Cyan or Aqua','00FFFF','on'),(192,'Tron Blue','7DFDFE','on'),(193,'Blue Zircon','57FEFF','on'),(194,'Blue Lagoon','8EEBEC','on'),(195,'Celeste','50EBEC','on'),(196,'Blue Diamond','4EE2EC','on'),(197,'Tiffany Blue','81D8D0','on'),(198,'Cyan Opaque','92C7C7','on'),(199,'Blue Hosta','77BFC7','on'),(200,'Northern Lights Blue','78C7C7','on'),(201,'Medium Turquoise','48CCCD','on'),(202,'Turquoise','43C6DB','on'),(203,'Jellyfish','46C7C7','on'),(204,'Macaw Blue Green','43BFC7','on'),(205,'Light Sea Green','3EA99F','on'),(206,'Dark Turquoise','3B9C9C','on'),(207,'Sea Turtle Green','438D80','on'),(208,'Medium Aquamarine','348781','on'),(209,'Greenish Blue','307D7E','on'),(210,'Grayish Turquoise','5E7D7E','on'),(211,'Beetle Green','4C787E','on'),(212,'Teal','008080','on'),(213,'Sea Green','4E8975','on'),(214,'Camouflage Green','78866B','on'),(215,'Sage Green','848b79','on'),(216,'Hazel Green','617C58','on'),(217,'Venom Green','728C00','on'),(218,'Fern Green','667C26','on'),(219,'Dark Forrest Green','254117','on'),(220,'Medium Sea Green','306754','on'),(221,'Medium Forest Green','347235','on'),(222,'Seaweed Green','437C17','on'),(223,'Pine Green','387C44','on'),(224,'Jungle Green','347C2C','on'),(225,'Shamrock Green','347C17','on'),(226,'Medium Spring Green','348017','on'),(227,'Forest Green','4E9258','on'),(228,'Green Onion','6AA121','on'),(229,'Spring Green','4AA02C','on'),(230,'Lime Green','41A317','on'),(231,'Clover Green','3EA055','on'),(232,'Green Snake','6CBB3C','on'),(233,'Alien Green','6CC417','on'),(234,'Green Apple','4CC417','on'),(235,'Yellow Green','52D017','on'),(236,'Kelly Green','4CC552','on'),(237,'Zombie Green','54C571','on'),(238,'Frog Green','99C68E','on'),(239,'Green Peas','89C35C','on'),(240,'Dollar Bill Green','85BB65','on'),(241,'Dark Sea Green','8BB381','on'),(242,'Iguana Green','9CB071','on'),(243,'Avocado Green','B2C248','on'),(244,'Pistachio Green','9DC209','on'),(245,'Salad Green','A1C935','on'),(246,'Hummingbird Green','7FE817','on'),(247,'Nebula Green','59E817','on'),(248,'Stoplight Go Green','57E964','on'),(249,'Algae Green','64E986','on'),(250,'Jade Green','5EFB6E','on'),(251,'Emerald Green','5FFB17','on'),(252,'Lawn Green','87F717','on'),(253,'Chartreuse','8AFB17','on'),(254,'Dragon Green','6AFB92','on'),(255,'Mint green','98FF98','on'),(256,'Green Thumb','B5EAAA','on'),(257,'Light Jade','C3FDB8','on'),(258,'Tea Green','CCFB5D','on'),(259,'Green Yellow','B1FB17','on'),(260,'Slime Green','BCE954','on'),(261,'Goldenrod','EDDA74','on'),(262,'Harvest Gold','EDE275','on'),(263,'Sun Yellow','FFE87C','on'),(264,'Yellow','FFFF00','on'),(265,'Corn Yellow','FFF380','on'),(266,'Parchment','FFFFC2','on'),(267,'Cream','FFFFCC','on'),(268,'Lemon Chiffon','FFF8C6','on'),(269,'Cornsilk','FFF8DC','on'),(270,'Beige','F5F5DC','on'),(271,'Blonde','FBF6D9','on'),(272,'Antique White','FAEBD7','on'),(273,'Champagne','F7E7CE','on'),(274,'Blanched Almond','FFEBCD','on'),(275,'Vanilla','F3E5AB','on'),(276,'Tan Brown','ECE5B6','on'),(277,'Peach','FFE5B4','on'),(278,'Mustard','FFDB58','on'),(279,'Rubber Ducky Yellow','FFD801','on'),(280,'Bright Gold','FDD017','on'),(281,'Golden Brown','EAC117','on'),(282,'Macaroni and Cheese','F2BB66','on'),(283,'Saffron','FBB917','on'),(284,'Beer','FBB117','on'),(285,'Cantaloupe','FFA62F','on'),(286,'Bee Yellow','E9AB17','on'),(287,'Brown Sugar','E2A76F','on'),(288,'BurlyWood','DEB887','on'),(289,'Deep Peach','FFCBA4','on'),(290,'Ginger Brown','C9BE62','on'),(291,'School Bus Yellow','E8A317','on'),(292,'Sandy Brown','EE9A4D','on'),(293,'Fall Leaf Brown','C8B560','on'),(294,'Orange Gold','D4A017','on'),(295,'Sand','C2B280','on'),(296,'Cookie Brown','C7A317','on'),(297,'Caramel','C68E17','on'),(298,'Brass','B5A642','on'),(299,'Khaki','ADA96E','on'),(300,'Camel Brown','C19A6B','on'),(301,'Bronze','CD7F32','on'),(302,'Tiger Orange','C88141','on'),(303,'Cinnamon','C58917','on'),(304,'Bullet Shell','AF9B60','on'),(305,'Dark Goldenrod','AF7817','on'),(306,'Copper','B87333','on'),(307,'Wood','966F33','on'),(308,'Oak Brown','806517','on'),(309,'Moccasin','827839','on'),(310,'Army Brown','827B60','on'),(311,'Sandstone','786D5F','on'),(312,'Mocha','493D26','on'),(313,'Taupe','483C32','on'),(314,'Coffee','6F4E37','on'),(315,'Brown Bear','835C3B','on'),(316,'Red Dirt','7F5217','on'),(317,'Sepia','7F462C','on'),(318,'Orange Salmon','C47451','on'),(319,'Rust','C36241','on'),(320,'Red Fox','C35817','on'),(321,'Chocolate','C85A17','on'),(322,'Sedona','CC6600','on'),(323,'Papaya Orange','E56717','on'),(324,'Halloween Orange','E66C2C','on'),(325,'Pumpkin Orange','F87217','on'),(326,'Construction Cone Orange','F87431','on'),(327,'Sunrise Orange','E67451','on'),(328,'Mango Orange','FF8040','on'),(329,'Dark Orange','F88017','on'),(330,'Coral','FF7F50','on'),(331,'Basket Ball Orange','F88158','on'),(332,'Light Salmon','F9966B','on'),(333,'Tangerine','E78A61','on'),(334,'Dark Salmon','E18B6B','on'),(335,'Light Coral','E77471','on'),(336,'Bean Red','F75D59','on'),(337,'Valentine Red','E55451','on'),(338,'Shocking Orange','E55B3C','on'),(339,'Scarlet','FF2400','on'),(340,'Ruby Red','F62217','on'),(341,'Ferrari Red','F70D1A','on'),(342,'Fire Engine Red','F62817','on'),(343,'Lava Red','E42217','on'),(344,'Love Red','E41B17','on'),(345,'Grapefruit','DC381F','on'),(346,'Chestnut Red','C34A2C','on'),(347,'Cherry Red','C24641','on'),(348,'Mahogany','C04000','on'),(349,'Chilli Pepper','C11B17','on'),(350,'Cranberry','9F000F','on'),(351,'Red Wine','990012','on'),(352,'Burgundy','8C001A','on'),(353,'Chestnut','954535','on'),(354,'Blood Red','7E3517','on'),(355,'Sienna','8A4117','on'),(356,'Sangria','7E3817','on'),(357,'Firebrick','800517','on'),(358,'Maroon','810541','on'),(359,'Plum Pie','7D0541','on'),(360,'Velvet Maroon','7E354D','on'),(361,'Plum Velvet','7D0552','on'),(362,'Rosy Finch','7F4E52','on'),(363,'Puce','7F5A58','on'),(364,'Dull Purple','7F525D','on'),(365,'Rosy Brown','B38481','on'),(366,'Khaki Rose','C5908E','on'),(367,'Pink Bow','C48189','on'),(368,'Lipstick Pink','C48793','on'),(369,'Rose','E8ADAA','on'),(370,'Desert Sand','EDC9AF','on'),(371,'Pig Pink','FDD7E4','on'),(372,'Cotton Candy','FCDFFF','on'),(373,'Pink Bubblegum','FFDFDD','on'),(374,'Misty Rose','FBBBB9','on'),(375,'Pink','FAAFBE','on'),(376,'Light Pink','FAAFBA','on'),(377,'Flamingo Pink','F9A7B0','on'),(378,'Pink Rose','E7A1B0','on'),(379,'Pink Daisy','E799A3','on'),(380,'Cadillac Pink','E38AAE','on'),(381,'Carnation Pink','F778A1','on'),(382,'Blush Red','E56E94','on'),(383,'Hot Pink','F660AB','on'),(384,'Watermelon Pink','FC6C85','on'),(385,'Violet Red','F6358A','on'),(386,'Deep Pink','F52887','on'),(387,'Pink Cupcake','E45E9D','on'),(388,'Pink Lemonade','E4287C','on'),(389,'Neon Pink','F535AA','on'),(390,'Dimorphotheca Magenta','E3319D','on'),(391,'Bright Neon Pink','F433FF','on'),(392,'Pale Violet Red','D16587','on'),(393,'Tulip Pink','C25A7C','on'),(394,'Medium Violet Red','CA226B','on'),(395,'Rogue Pink','C12869','on'),(396,'Burnt Pink','C12267','on'),(397,'Bashful Pink','C25283','on'),(398,'Carnation Pink','C12283','on'),(399,'Plum','B93B8F','on'),(400,'Viola Purple','7E587E','on'),(401,'Purple Iris','571B7E','on'),(402,'Plum Purple','583759','on'),(403,'Indigo','4B0082','on'),(404,'Purple Monster','461B7E','on'),(405,'Purple Haze','4E387E','on'),(406,'Eggplant','614051','on'),(407,'Grape','5E5A80','on'),(408,'Purple Jam','6A287E','on'),(409,'Dark Orchid','7D1B7E','on'),(410,'Purple Flower','A74AC7','on'),(411,'Medium Orchid','B048B5','on'),(412,'Purple Amethyst','6C2DC7','on'),(413,'Dark Violet','842DCE','on'),(414,'Violet','8D38C9','on'),(415,'Purple Sage Bush','7A5DC7','on'),(416,'Lovely Purple','7F38EC','on'),(417,'Purple','8E35EF','on'),(418,'Aztech Purple','893BFF','on'),(419,'Medium Purple','8467D7','on'),(420,'Jasmine Purple','A23BEC','on'),(421,'Purple Daffodil','B041FF','on'),(422,'Tyrian Purple','C45AEC','on'),(423,'Crocus Purple','9172EC','on'),(424,'Purple Mimosa','9E7BFF','on'),(425,'Heliotrope Purple','D462FF','on'),(426,'Crimson','E238EC','on'),(427,'Purple Dragon','C38EC7','on'),(428,'Lilac','C8A2C8','on'),(429,'Blush Pink','E6A9EC','on'),(430,'Mauve','E0B0FF','on'),(431,'Wisteria Purple','C6AEC7','on'),(432,'Blossom Pink','F9B7FF','on'),(433,'Thistle','D2B9D3','on'),(434,'Periwinkle','E9CFEC','on'),(435,'Lavender Pinocchio','EBDDE2','on'),(436,'Lavender Blue','E3E4FA','on'),(437,'Pearl','FDEEF4','on'),(438,'SeaShell','FFF5EE','on'),(439,'Milk White','FEFCFF','on');
/*!40000 ALTER TABLE `colors` ENABLE KEYS */;
UNLOCK TABLES;

--
-- Table structure for table `data_debug`
--

DROP TABLE IF EXISTS `data_debug`;
/*!40101 SET @saved_cs_client     = @@character_set_client */;
/*!40101 SET character_set_client = utf8 */;
CREATE TABLE `data_debug` (
  `id` int(11) unsigned NOT NULL AUTO_INCREMENT,
  `started` int(11) NOT NULL DEFAULT 0,
  `done` int(11) NOT NULL DEFAULT 0,
  `user` int(11) NOT NULL DEFAULT 0,
  `datasource` int(11) NOT NULL DEFAULT 0,
  `info` text COLLATE utf8mb4_unicode_ci NOT NULL DEFAULT '',
  `issue` text COLLATE utf8mb4_unicode_ci DEFAULT '',
  PRIMARY KEY (`id`),
  KEY `user` (`user`),
  KEY `done` (`done`),
  KEY `datasource` (`datasource`),
  KEY `started` (`started`)
) ENGINE=InnoDB DEFAULT CHARSET=utf8mb4 COLLATE=utf8mb4_unicode_ci ROW_FORMAT=DYNAMIC COMMENT='Datasource Debugger Information';
/*!40101 SET character_set_client = @saved_cs_client */;

--
-- Dumping data for table `data_debug`
--

LOCK TABLES `data_debug` WRITE;
/*!40000 ALTER TABLE `data_debug` DISABLE KEYS */;
/*!40000 ALTER TABLE `data_debug` ENABLE KEYS */;
UNLOCK TABLES;

--
-- Table structure for table `data_input`
--

DROP TABLE IF EXISTS `data_input`;
/*!40101 SET @saved_cs_client     = @@character_set_client */;
/*!40101 SET character_set_client = utf8 */;
CREATE TABLE `data_input` (
  `id` mediumint(8) unsigned NOT NULL AUTO_INCREMENT,
  `hash` varchar(32) COLLATE utf8mb4_unicode_ci NOT NULL DEFAULT '',
  `name` varchar(200) COLLATE utf8mb4_unicode_ci NOT NULL DEFAULT '',
  `input_string` varchar(512) COLLATE utf8mb4_unicode_ci DEFAULT NULL,
  `type_id` tinyint(2) NOT NULL DEFAULT 0,
  PRIMARY KEY (`id`),
  KEY `name_type_id` (`name`(171),`type_id`)
) ENGINE=InnoDB AUTO_INCREMENT=32 DEFAULT CHARSET=utf8mb4 COLLATE=utf8mb4_unicode_ci ROW_FORMAT=DYNAMIC;
/*!40101 SET character_set_client = @saved_cs_client */;

--
-- Dumping data for table `data_input`
--

LOCK TABLES `data_input` WRITE;
/*!40000 ALTER TABLE `data_input` DISABLE KEYS */;
INSERT INTO `data_input` VALUES (1,'3eb92bb845b9660a7445cf9740726522','Get SNMP Data','',2),(2,'bf566c869ac6443b0c75d1c32b5a350e','Get SNMP Data (Indexed)','',3),(3,'274f4685461170b9eb1b98d22567ab5e','Unix - Get Free Disk Space','<path_cacti>/scripts/diskfree.sh <partition>',1),(4,'95ed0993eb3095f9920d431ac80f4231','Unix - Get Load Average','perl <path_cacti>/scripts/loadavg_multi.pl',1),(5,'79a284e136bb6b061c6f96ec219ac448','Unix - Get Logged In Users','perl <path_cacti>/scripts/unix_users.pl <username>',1),(6,'362e6d4768937c4f899dd21b91ef0ff8','Linux - Get Memory Usage','perl <path_cacti>/scripts/linux_memory.pl <grepstr>',1),(7,'a637359e0a4287ba43048a5fdf202066','Unix - Get System Processes','perl <path_cacti>/scripts/unix_processes.pl',1),(8,'47d6bfe8be57a45171afd678920bd399','Unix - Get TCP Connections','perl <path_cacti>/scripts/unix_tcp_connections.pl <grepstr>',1),(9,'cc948e4de13f32b6aea45abaadd287a3','Unix - Get Web Hits','perl <path_cacti>/scripts/webhits.pl <log_path>',1),(10,'8bd153aeb06e3ff89efc73f35849a7a0','Unix - Ping Host','perl <path_cacti>/scripts/ping.pl <hostname>',1),(11,'80e9e4c4191a5da189ae26d0e237f015','Get Script Data (Indexed)','',4),(12,'332111d8b54ac8ce939af87a7eac0c06','Get Script Server Data (Indexed)','',6),(13,'4b7c41aef3c9c7b7cd457c373cfac84d','Cacti Stats - Main Poller','<path_cacti>/scripts/ss_poller.php ss_poller',5),(14,'0ae31b2bdee03a22e676c6412b494fde','Cacti Stats - Boost','<path_cacti>/scripts/ss_poller.php ss_boost',5),(15,'6a40673bc2ac25fa3fd5c94e4c793910','Cacti Stats - Items','<path_cacti>/scripts/ss_poller.php ss_poller_items',5),(16,'c57ecb685171224fc376a0cbf10d08ff','Cacti Stats - Recache (Legacy)','<path_cacti>/scripts/ss_poller.php ss_recache',5),(17,'fd8efbd6a865853728f90cf6933764df','Cacti Stats - Boost Memory','<path_cacti>/scripts/ss_poller.php ss_boost_mem',5),(18,'9c1806942353034cf391635c6620eee7','Cacti Stats - Users','<path_php_binary> -q <path_cacti>/scripts/cacti_user_stats.php',1),(19,'eeebe9434c3d5241a022f0a4806913aa','Cacti Stats - Export Graphs (Legacy)','<path_cacti>/scripts/ss_poller.php ss_export',5),(20,'35b5b9184425856bfea58a564bde6a40','Cacti Stats - Export Duration (Legacy)','<path_cacti>/scripts/ss_poller.php ss_export',5),(21,'1040a9488d2e501c92775988a7764c97','Cacti Stats - Syslog Statistics','<path_cacti>/scripts/ss_poller.php ss_syslog_stats',5),(22,'677d42661935700e4c1f0490cb7f9860','Cacti Stats - Syslog Runtime','<path_cacti>/scripts/ss_poller.php ss_syslog_time',5),(23,'24b7d45245646cf7a55740f401f08035','Cacti Stats - Thold Runtime','<path_cacti>/scripts/ss_poller.php ss_thold_time',5),(24,'ba87a70974427cc0a303e9b34480397b','Cacti Stats - Boost Average Row Size','<path_cacti>/scripts/ss_poller.php ss_boost_avg_size',5),(25,'21db60a71526a131ca6556bedfacdfbf','Cacti Stats - Boost Records','<path_cacti>/scripts/ss_poller.php ss_boost_records',5),(26,'d9d758fdb1aad500fdd66b5b8a0aa636','Cacti Stats - Boost Table Size','<path_cacti>/scripts/ss_poller.php ss_boost_table',5),(27,'57bf4b03ad6d127f048fdc2309cbbd87','Cacti Stats - Boost Timing Detail','<path_cacti>/scripts/ss_poller.php ss_boost_timing',5),(28,'e4a60e4b8da9689294450dd161580dbd','Device - Polling Time','<path_cacti>/scripts/ss_hstats.php ss_hstats <host_id> polling_time',5),(29,'bb8130b897891fbcb8d77fb74cbc1d67','Device - Uptime','<path_cacti>/scripts/ss_hstats.php ss_hstats <host_id> uptime',5),(30,'65b66ec906cd11d474d3588a223ab7b3','Net-SNMP - Combined SCSI Disk I/O','<path_cacti>/scripts/ss_net_snmp_disk_io.php ss_net_snmp_disk_io <hostname>',5),(31,'d58b9cad6311a6b9652d49c0066e0582','Net-SNMP - Combined SCSI Disk Bytes','<path_cacti>/scripts/ss_net_snmp_disk_bytes.php ss_net_snmp_disk_bytes <hostname>',5);
/*!40000 ALTER TABLE `data_input` ENABLE KEYS */;
UNLOCK TABLES;

--
-- Table structure for table `data_input_data`
--

DROP TABLE IF EXISTS `data_input_data`;
/*!40101 SET @saved_cs_client     = @@character_set_client */;
/*!40101 SET character_set_client = utf8 */;
CREATE TABLE `data_input_data` (
  `data_input_field_id` mediumint(8) unsigned NOT NULL DEFAULT 0,
  `data_template_data_id` mediumint(8) unsigned NOT NULL DEFAULT 0,
  `t_value` char(2) COLLATE utf8mb4_unicode_ci DEFAULT NULL,
  `value` text COLLATE utf8mb4_unicode_ci DEFAULT NULL,
  PRIMARY KEY (`data_input_field_id`,`data_template_data_id`),
  KEY `data_template_data_id` (`data_template_data_id`),
  KEY `t_value` (`t_value`)
) ENGINE=InnoDB DEFAULT CHARSET=utf8mb4 COLLATE=utf8mb4_unicode_ci ROW_FORMAT=DYNAMIC;
/*!40101 SET character_set_client = @saved_cs_client */;

--
-- Dumping data for table `data_input_data`
--

LOCK TABLES `data_input_data` WRITE;
/*!40000 ALTER TABLE `data_input_data` DISABLE KEYS */;
INSERT INTO `data_input_data` VALUES (1,4,'',''),(1,5,'',''),(1,6,'',''),(1,19,'',''),(1,20,'',''),(1,22,'',''),(1,23,'',''),(1,24,'',''),(1,25,'',''),(1,26,'',''),(1,27,'',''),(1,30,'',''),(1,31,'',''),(1,32,'',''),(1,33,'',''),(1,34,'',''),(1,35,'',''),(1,42,'',''),(1,43,'',''),(1,44,'',''),(1,45,'',''),(1,46,'',''),(1,47,'',''),(1,48,'',''),(1,49,'',''),(1,50,'',''),(1,51,'',''),(1,52,'',''),(1,53,'',''),(1,54,'',''),(1,55,'',''),(1,58,'',''),(1,59,'',''),(1,61,'',''),(1,73,NULL,'10.254.10.241'),(1,74,NULL,'10.254.10.241'),(1,75,'',''),(1,76,'',''),(1,77,'',''),(1,78,'',''),(1,79,'',''),(1,87,NULL,'10.254.10.251'),(1,88,NULL,'10.254.10.251'),(1,89,NULL,'10.254.10.251'),(1,90,NULL,'10.254.10.251'),(1,91,NULL,'10.254.10.251'),(1,92,NULL,'10.254.10.251'),(1,93,NULL,'10.254.10.251'),(1,94,NULL,'10.254.10.251'),(1,95,NULL,'10.254.10.251'),(1,96,NULL,'10.254.10.251'),(1,97,NULL,'10.254.10.251'),(1,98,NULL,'10.254.10.251'),(1,99,NULL,'10.254.10.251'),(1,100,NULL,'10.254.10.251'),(1,103,'',''),(1,104,'',''),(1,105,'',''),(1,106,'',''),(1,107,'',''),(1,108,'',''),(1,109,'',''),(1,110,'',''),(1,111,'',''),(1,112,'',''),(1,113,'',''),(1,114,'',''),(1,115,'',''),(1,119,'',''),(1,136,'',''),(1,137,'',''),(1,138,NULL,'10.254.0.1'),(1,141,'',''),(1,142,'',''),(1,143,'',''),(1,144,'',''),(1,145,'',''),(1,146,'',''),(1,147,'',''),(1,150,NULL,'10.254.254.252'),(1,151,NULL,'10.254.254.252'),(1,152,NULL,'10.254.254.252'),(1,153,NULL,'10.254.254.252'),(1,154,NULL,'10.254.254.252'),(1,155,NULL,'10.254.254.252'),(1,156,NULL,'10.254.254.252'),(1,157,NULL,'10.254.254.252'),(1,158,NULL,'10.254.254.252'),(1,159,NULL,'10.254.254.252'),(1,160,NULL,'10.254.254.252'),(1,161,NULL,'10.254.254.252'),(1,162,NULL,'10.254.254.252'),(1,163,NULL,'10.254.254.252'),(1,166,'',''),(1,167,'',''),(1,168,'',''),(1,169,'',''),(1,170,'',''),(1,171,'',''),(1,172,'',''),(1,173,'',''),(1,177,'',''),(1,178,'',''),(1,179,'',''),(1,180,'',''),(1,181,'',''),(1,182,'',''),(1,183,'',''),(1,184,'',''),(1,187,NULL,'10.254.110.193'),(1,188,NULL,'10.254.110.193'),(1,189,NULL,'10.254.110.193'),(1,190,NULL,'10.254.110.193'),(1,191,NULL,'10.254.110.193'),(1,192,NULL,'10.254.110.193'),(1,193,NULL,'10.254.110.193'),(1,194,NULL,'10.254.110.193'),(1,195,NULL,'10.254.110.193'),(1,196,NULL,'10.254.110.193'),(1,197,NULL,'10.254.110.193'),(1,198,NULL,'10.254.110.193'),(1,199,NULL,'10.254.110.193'),(1,200,NULL,'10.254.110.193'),(1,203,'',''),(1,204,'',''),(1,205,'',''),(1,206,'',''),(1,207,'',''),(1,217,'',''),(1,218,'',''),(1,219,NULL,'10.101.0.1'),(1,222,'',''),(1,223,'',''),(1,224,'',''),(1,225,'',''),(1,226,'',''),(1,227,'',''),(1,228,'',''),(1,229,'',''),(1,230,'',''),(1,231,'',''),(1,232,'',''),(1,233,'',''),(1,236,NULL,'10.101.29.253'),(1,237,NULL,'10.101.29.253'),(1,238,NULL,'10.101.29.253'),(1,239,NULL,'10.101.29.253'),(1,240,NULL,'10.101.29.253'),(1,241,NULL,'10.101.29.253'),(1,242,NULL,'10.101.29.253'),(1,243,NULL,'10.101.29.253'),(1,244,NULL,'10.101.29.253'),(1,245,NULL,'10.101.29.253'),(1,246,NULL,'10.101.29.253'),(1,247,NULL,'10.101.29.253'),(1,248,NULL,'10.101.29.253'),(1,249,NULL,'10.101.29.253'),(1,252,'',''),(1,253,'',''),(1,254,'',''),(1,255,'',''),(1,256,'',''),(1,257,'',''),(1,258,'',''),(1,259,'',''),(1,260,'',''),(1,263,'',''),(1,264,'',''),(1,265,'',''),(1,266,'',''),(1,267,'',''),(1,269,'',''),(1,270,'',''),(1,272,'',''),(1,273,'',''),(1,274,'',''),(1,277,NULL,'10.101.29.252'),(1,278,NULL,'10.101.29.252'),(1,279,NULL,'10.101.29.252'),(1,280,NULL,'10.101.29.252'),(1,281,NULL,'10.101.29.252'),(1,282,NULL,'10.101.29.252'),(1,283,NULL,'10.101.29.252'),(1,284,NULL,'10.101.29.252'),(1,285,NULL,'10.101.29.252'),(1,286,NULL,'10.101.29.252'),(1,287,NULL,'10.101.29.252'),(1,288,NULL,'10.101.29.252'),(1,289,NULL,'10.101.29.252'),(1,290,NULL,'10.101.29.252'),(1,293,'',''),(1,294,'',''),(1,295,'',''),(1,296,'',''),(1,297,'',''),(1,298,'',''),(1,299,'',''),(1,300,'',''),(1,301,'',''),(1,304,'',''),(1,305,'',''),(1,306,'',''),(1,307,'',''),(1,308,'',''),(1,309,'',''),(1,310,'',''),(1,311,'',''),(1,312,'',''),(1,313,'',''),(1,314,'',''),(1,315,'',''),(1,316,'',''),(2,4,'',''),(2,5,'',''),(2,6,'',''),(2,19,'',''),(2,20,'',''),(2,22,'',''),(2,23,'',''),(2,24,'',''),(2,25,'',''),(2,26,'',''),(2,27,'',''),(2,30,'',''),(2,31,'',''),(2,32,'',''),(2,33,'',''),(2,34,'',''),(2,35,'',''),(2,42,'',''),(2,43,'',''),(2,44,'',''),(2,45,'',''),(2,46,'',''),(2,47,'',''),(2,48,'',''),(2,49,'',''),(2,50,'',''),(2,51,'',''),(2,52,'',''),(2,53,'',''),(2,54,'',''),(2,55,'',''),(2,58,'',''),(2,59,'',''),(2,61,'',''),(2,73,NULL,'rocomm'),(2,74,NULL,'rocomm'),(2,75,'',''),(2,76,'',''),(2,77,'',''),(2,78,'',''),(2,79,'',''),(2,87,NULL,'rocomm'),(2,88,NULL,'rocomm'),(2,89,NULL,'rocomm'),(2,90,NULL,'rocomm'),(2,91,NULL,'rocomm'),(2,92,NULL,'rocomm'),(2,93,NULL,'rocomm'),(2,94,NULL,'rocomm'),(2,95,NULL,'rocomm'),(2,96,NULL,'rocomm'),(2,97,NULL,'rocomm'),(2,98,NULL,'rocomm'),(2,99,NULL,'rocomm'),(2,100,NULL,'rocomm'),(2,103,'',''),(2,104,'',''),(2,105,'',''),(2,106,'',''),(2,107,'',''),(2,108,'',''),(2,109,'',''),(2,110,'',''),(2,111,'',''),(2,112,'',''),(2,113,'',''),(2,114,'',''),(2,115,'',''),(2,119,'',''),(2,136,'',''),(2,137,'',''),(2,138,NULL,'rocomm'),(2,141,'',''),(2,142,'',''),(2,143,'',''),(2,144,'',''),(2,145,'',''),(2,146,'',''),(2,147,'',''),(2,150,NULL,'rocomm'),(2,151,NULL,'rocomm'),(2,152,NULL,'rocomm'),(2,153,NULL,'rocomm'),(2,154,NULL,'rocomm'),(2,155,NULL,'rocomm'),(2,156,NULL,'rocomm'),(2,157,NULL,'rocomm'),(2,158,NULL,'rocomm'),(2,159,NULL,'rocomm'),(2,160,NULL,'rocomm'),(2,161,NULL,'rocomm'),(2,162,NULL,'rocomm'),(2,163,NULL,'rocomm'),(2,166,'',''),(2,167,'',''),(2,168,'',''),(2,169,'',''),(2,170,'',''),(2,171,'',''),(2,172,'',''),(2,173,'',''),(2,177,'',''),(2,178,'',''),(2,179,'',''),(2,180,'',''),(2,181,'',''),(2,182,'',''),(2,183,'',''),(2,184,'',''),(2,187,NULL,'rocomm'),(2,188,NULL,'rocomm'),(2,189,NULL,'rocomm'),(2,190,NULL,'rocomm'),(2,191,NULL,'rocomm'),(2,192,NULL,'rocomm'),(2,193,NULL,'rocomm'),(2,194,NULL,'rocomm'),(2,195,NULL,'rocomm'),(2,196,NULL,'rocomm'),(2,197,NULL,'rocomm'),(2,198,NULL,'rocomm'),(2,199,NULL,'rocomm'),(2,200,NULL,'rocomm'),(2,203,'',''),(2,204,'',''),(2,205,'',''),(2,206,'',''),(2,207,'',''),(2,217,'',''),(2,218,'',''),(2,219,NULL,'rocomm'),(2,222,'',''),(2,223,'',''),(2,224,'',''),(2,225,'',''),(2,226,'',''),(2,227,'',''),(2,228,'',''),(2,229,'',''),(2,230,'',''),(2,231,'',''),(2,232,'',''),(2,233,'',''),(2,236,NULL,'public'),(2,237,NULL,'public'),(2,238,NULL,'public'),(2,239,NULL,'public'),(2,240,NULL,'public'),(2,241,NULL,'public'),(2,242,NULL,'public'),(2,243,NULL,'public'),(2,244,NULL,'public'),(2,245,NULL,'public'),(2,246,NULL,'public'),(2,247,NULL,'public'),(2,248,NULL,'public'),(2,249,NULL,'public'),(2,252,'',''),(2,253,'',''),(2,254,'',''),(2,255,'',''),(2,256,'',''),(2,257,'',''),(2,258,'',''),(2,259,'',''),(2,260,'',''),(2,263,'',''),(2,264,'',''),(2,265,'',''),(2,266,'',''),(2,267,'',''),(2,269,'',''),(2,270,'',''),(2,272,'',''),(2,273,'',''),(2,274,'',''),(2,277,NULL,'public'),(2,278,NULL,'public'),(2,279,NULL,'public'),(2,280,NULL,'public'),(2,281,NULL,'public'),(2,282,NULL,'public'),(2,283,NULL,'public'),(2,284,NULL,'public'),(2,285,NULL,'public'),(2,286,NULL,'public'),(2,287,NULL,'public'),(2,288,NULL,'public'),(2,289,NULL,'public'),(2,290,NULL,'public'),(2,293,'',''),(2,294,'',''),(2,295,'',''),(2,296,'',''),(2,297,'',''),(2,298,'',''),(2,299,'',''),(2,300,'',''),(2,301,'',''),(2,304,'',''),(2,305,'',''),(2,306,'',''),(2,307,'',''),(2,308,'',''),(2,309,'',''),(2,310,'',''),(2,311,'',''),(2,312,'',''),(2,313,'',''),(2,314,'',''),(2,315,'',''),(2,316,'',''),(3,4,'',''),(3,5,'',''),(3,6,'',''),(3,19,'',''),(3,20,'',''),(3,22,'',''),(3,23,'',''),(3,24,'',''),(3,25,'',''),(3,26,'',''),(3,27,'',''),(3,30,'',''),(3,32,'',''),(3,33,'',''),(3,35,'',''),(3,42,'',''),(3,43,'',''),(3,44,'',''),(3,45,'',''),(3,46,'',''),(3,47,'',''),(3,48,'',''),(3,49,'',''),(3,50,'',''),(3,51,'',''),(3,52,'',''),(3,53,'',''),(3,54,'',''),(3,55,'',''),(3,73,NULL,''),(3,74,NULL,''),(3,87,NULL,''),(3,88,NULL,''),(3,89,NULL,''),(3,90,NULL,''),(3,91,NULL,''),(3,92,NULL,''),(3,93,NULL,''),(3,94,NULL,''),(3,95,NULL,''),(3,96,NULL,''),(3,97,NULL,''),(3,98,NULL,''),(3,99,NULL,''),(3,100,NULL,''),(3,136,'',''),(3,137,'',''),(3,138,NULL,''),(3,141,'',''),(3,142,'',''),(3,143,'',''),(3,144,'',''),(3,145,'',''),(3,146,'',''),(3,147,'',''),(3,150,NULL,''),(3,151,NULL,''),(3,152,NULL,''),(3,153,NULL,''),(3,154,NULL,''),(3,155,NULL,''),(3,156,NULL,''),(3,157,NULL,''),(3,158,NULL,''),(3,159,NULL,''),(3,160,NULL,''),(3,161,NULL,''),(3,162,NULL,''),(3,163,NULL,''),(3,177,'',''),(3,178,'',''),(3,179,'',''),(3,180,'',''),(3,181,'',''),(3,182,'',''),(3,183,'',''),(3,184,'',''),(3,187,NULL,''),(3,188,NULL,''),(3,189,NULL,''),(3,190,NULL,''),(3,191,NULL,''),(3,192,NULL,''),(3,193,NULL,''),(3,194,NULL,''),(3,195,NULL,''),(3,196,NULL,''),(3,197,NULL,''),(3,198,NULL,''),(3,199,NULL,''),(3,200,NULL,''),(3,217,'',''),(3,218,'',''),(3,219,NULL,''),(3,222,'',''),(3,223,'',''),(3,224,'',''),(3,236,NULL,''),(3,237,NULL,''),(3,238,NULL,''),(3,239,NULL,''),(3,240,NULL,''),(3,241,NULL,''),(3,242,NULL,''),(3,243,NULL,''),(3,244,NULL,''),(3,245,NULL,''),(3,246,NULL,''),(3,247,NULL,''),(3,248,NULL,''),(3,249,NULL,''),(3,263,'',''),(3,264,'',''),(3,269,'',''),(3,270,'',''),(3,273,'',''),(3,274,'',''),(3,277,NULL,''),(3,278,NULL,''),(3,279,NULL,''),(3,280,NULL,''),(3,281,NULL,''),(3,282,NULL,''),(3,283,NULL,''),(3,284,NULL,''),(3,285,NULL,''),(3,286,NULL,''),(3,287,NULL,''),(3,288,NULL,''),(3,289,NULL,''),(3,290,NULL,''),(3,310,'',''),(3,311,'',''),(3,312,'',''),(3,313,'',''),(3,314,'',''),(3,315,'',''),(4,27,'',''),(4,35,'',''),(4,42,'',''),(4,43,'',''),(4,44,'',''),(4,45,'',''),(4,46,'',''),(4,47,'',''),(4,48,'',''),(4,49,'',''),(4,50,'',''),(4,51,'',''),(4,52,'',''),(4,53,'',''),(4,54,'',''),(4,55,'',''),(4,73,NULL,''),(4,74,NULL,''),(4,87,NULL,''),(4,88,NULL,''),(4,89,NULL,''),(4,90,NULL,''),(4,91,NULL,''),(4,92,NULL,''),(4,93,NULL,''),(4,94,NULL,''),(4,95,NULL,''),(4,96,NULL,''),(4,97,NULL,''),(4,98,NULL,''),(4,99,NULL,''),(4,100,NULL,''),(4,138,NULL,''),(4,150,NULL,''),(4,151,NULL,''),(4,152,NULL,''),(4,153,NULL,''),(4,154,NULL,''),(4,155,NULL,''),(4,156,NULL,''),(4,157,NULL,''),(4,158,NULL,''),(4,159,NULL,''),(4,160,NULL,''),(4,161,NULL,''),(4,162,NULL,''),(4,163,NULL,''),(4,187,NULL,''),(4,188,NULL,''),(4,189,NULL,''),(4,190,NULL,''),(4,191,NULL,''),(4,192,NULL,''),(4,193,NULL,''),(4,194,NULL,''),(4,195,NULL,''),(4,196,NULL,''),(4,197,NULL,''),(4,198,NULL,''),(4,199,NULL,''),(4,200,NULL,''),(4,219,NULL,''),(4,236,NULL,''),(4,237,NULL,''),(4,238,NULL,''),(4,239,NULL,''),(4,240,NULL,''),(4,241,NULL,''),(4,242,NULL,''),(4,243,NULL,''),(4,244,NULL,''),(4,245,NULL,''),(4,246,NULL,''),(4,247,NULL,''),(4,248,NULL,''),(4,249,NULL,''),(4,277,NULL,''),(4,278,NULL,''),(4,279,NULL,''),(4,280,NULL,''),(4,281,NULL,''),(4,282,NULL,''),(4,283,NULL,''),(4,284,NULL,''),(4,285,NULL,''),(4,286,NULL,''),(4,287,NULL,''),(4,288,NULL,''),(4,289,NULL,''),(4,290,NULL,''),(5,27,'',''),(5,35,'',''),(5,42,'',''),(5,43,'',''),(5,44,'',''),(5,45,'',''),(5,46,'',''),(5,47,'',''),(5,48,'',''),(5,49,'',''),(5,50,'',''),(5,51,'',''),(5,52,'',''),(5,53,'',''),(5,54,'',''),(5,55,'',''),(5,73,NULL,'2'),(5,74,NULL,'2'),(5,87,NULL,'2'),(5,88,NULL,'2'),(5,89,NULL,'2'),(5,90,NULL,'2'),(5,91,NULL,'2'),(5,92,NULL,'2'),(5,93,NULL,'2'),(5,94,NULL,'2'),(5,95,NULL,'2'),(5,96,NULL,'2'),(5,97,NULL,'2'),(5,98,NULL,'2'),(5,99,NULL,'2'),(5,100,NULL,'2'),(5,138,NULL,'2'),(5,150,NULL,'2'),(5,151,NULL,'2'),(5,152,NULL,'2'),(5,153,NULL,'2'),(5,154,NULL,'2'),(5,155,NULL,'2'),(5,156,NULL,'2'),(5,157,NULL,'2'),(5,158,NULL,'2'),(5,159,NULL,'2'),(5,160,NULL,'2'),(5,161,NULL,'2'),(5,162,NULL,'2'),(5,163,NULL,'2'),(5,187,NULL,'2'),(5,188,NULL,'2'),(5,189,NULL,'2'),(5,190,NULL,'2'),(5,191,NULL,'2'),(5,192,NULL,'2'),(5,193,NULL,'2'),(5,194,NULL,'2'),(5,195,NULL,'2'),(5,196,NULL,'2'),(5,197,NULL,'2'),(5,198,NULL,'2'),(5,199,NULL,'2'),(5,200,NULL,'2'),(5,219,NULL,'2'),(5,236,NULL,'2'),(5,237,NULL,'2'),(5,238,NULL,'2'),(5,239,NULL,'2'),(5,240,NULL,'2'),(5,241,NULL,'2'),(5,242,NULL,'2'),(5,243,NULL,'2'),(5,244,NULL,'2'),(5,245,NULL,'2'),(5,246,NULL,'2'),(5,247,NULL,'2'),(5,248,NULL,'2'),(5,249,NULL,'2'),(5,277,NULL,'2'),(5,278,NULL,'2'),(5,279,NULL,'2'),(5,280,NULL,'2'),(5,281,NULL,'2'),(5,282,NULL,'2'),(5,283,NULL,'2'),(5,284,NULL,'2'),(5,285,NULL,'2'),(5,286,NULL,'2'),(5,287,NULL,'2'),(5,288,NULL,'2'),(5,289,NULL,'2'),(5,290,NULL,'2'),(6,27,'','.1.3.6.1.4.1.9.2.1.58.0'),(6,35,'on',''),(6,42,'','.1.3.6.1.4.1.2021.10.1.3.1'),(6,43,'','.1.3.6.1.4.1.2021.10.1.3.2'),(6,44,'','.1.3.6.1.4.1.2021.10.1.3.3'),(6,45,'','.1.3.6.1.4.1.2021.4.14.0'),(6,46,'','.1.3.6.1.4.1.2021.4.6.0'),(6,47,'','.1.3.6.1.4.1.2021.4.15.0'),(6,48,'','.1.3.6.1.4.1.2021.4.5.0'),(6,49,'','.1.3.6.1.2.1.25.1.5.0'),(6,50,'','.1.3.6.1.2.1.25.1.6.0'),(6,51,'','.1.3.6.1.4.1.2021.11.10.0'),(6,52,'','.1.3.6.1.4.1.2021.11.9.0'),(6,53,'','.1.3.6.1.4.1.2021.11.11.0'),(6,54,'','.1.3.6.1.4.1.2021.11.7.0'),(6,55,'','.1.3.6.1.4.1.2021.11.8.0'),(6,73,'','.1.3.6.1.2.1.25.1.5.0'),(6,74,'','.1.3.6.1.2.1.25.1.6.0'),(6,87,'','.1.3.6.1.4.1.2021.10.1.3.1'),(6,88,'','.1.3.6.1.4.1.2021.10.1.3.3'),(6,89,'','.1.3.6.1.4.1.2021.10.1.3.2'),(6,90,'','.1.3.6.1.4.1.2021.4.14.0'),(6,91,'','.1.3.6.1.4.1.2021.4.15.0'),(6,92,'','.1.3.6.1.4.1.2021.4.6.0'),(6,93,'','.1.3.6.1.4.1.2021.4.5.0'),(6,94,'','.1.3.6.1.2.1.25.1.5.0'),(6,95,'','.1.3.6.1.2.1.25.1.6.0'),(6,96,'','.1.3.6.1.4.1.2021.11.11.0'),(6,97,'','.1.3.6.1.4.1.2021.11.10.0'),(6,98,'','.1.3.6.1.4.1.2021.11.9.0'),(6,99,'','.1.3.6.1.4.1.2021.11.7.0'),(6,100,'','.1.3.6.1.4.1.2021.11.8.0'),(6,138,'','.1.3.6.1.4.1.9.2.1.58.0'),(6,150,'','.1.3.6.1.4.1.2021.10.1.3.1'),(6,151,'','.1.3.6.1.4.1.2021.10.1.3.3'),(6,152,'','.1.3.6.1.4.1.2021.10.1.3.2'),(6,153,'','.1.3.6.1.4.1.2021.4.14.0'),(6,154,'','.1.3.6.1.4.1.2021.4.15.0'),(6,155,'','.1.3.6.1.4.1.2021.4.6.0'),(6,156,'','.1.3.6.1.4.1.2021.4.5.0'),(6,157,'','.1.3.6.1.2.1.25.1.5.0'),(6,158,'','.1.3.6.1.2.1.25.1.6.0'),(6,159,'','.1.3.6.1.4.1.2021.11.11.0'),(6,160,'','.1.3.6.1.4.1.2021.11.10.0'),(6,161,'','.1.3.6.1.4.1.2021.11.9.0'),(6,162,'','.1.3.6.1.4.1.2021.11.7.0'),(6,163,'','.1.3.6.1.4.1.2021.11.8.0'),(6,187,'','.1.3.6.1.4.1.2021.10.1.3.1'),(6,188,'','.1.3.6.1.4.1.2021.10.1.3.3'),(6,189,'','.1.3.6.1.4.1.2021.10.1.3.2'),(6,190,'','.1.3.6.1.4.1.2021.4.14.0'),(6,191,'','.1.3.6.1.4.1.2021.4.15.0'),(6,192,'','.1.3.6.1.4.1.2021.4.6.0'),(6,193,'','.1.3.6.1.4.1.2021.4.5.0'),(6,194,'','.1.3.6.1.2.1.25.1.5.0'),(6,195,'','.1.3.6.1.2.1.25.1.6.0'),(6,196,'','.1.3.6.1.4.1.2021.11.11.0'),(6,197,'','.1.3.6.1.4.1.2021.11.10.0'),(6,198,'','.1.3.6.1.4.1.2021.11.9.0'),(6,199,'','.1.3.6.1.4.1.2021.11.7.0'),(6,200,'','.1.3.6.1.4.1.2021.11.8.0'),(6,219,'','.1.3.6.1.4.1.9.2.1.58.0'),(6,236,'','.1.3.6.1.4.1.2021.10.1.3.1'),(6,237,'','.1.3.6.1.4.1.2021.10.1.3.3'),(6,238,'','.1.3.6.1.4.1.2021.10.1.3.2'),(6,239,'','.1.3.6.1.4.1.2021.4.14.0'),(6,240,'','.1.3.6.1.4.1.2021.4.15.0'),(6,241,'','.1.3.6.1.4.1.2021.4.6.0'),(6,242,'','.1.3.6.1.4.1.2021.4.5.0'),(6,243,'','.1.3.6.1.2.1.25.1.5.0'),(6,244,'','.1.3.6.1.2.1.25.1.6.0'),(6,245,'','.1.3.6.1.4.1.2021.11.11.0'),(6,246,'','.1.3.6.1.4.1.2021.11.10.0'),(6,247,'','.1.3.6.1.4.1.2021.11.9.0'),(6,248,'','.1.3.6.1.4.1.2021.11.7.0'),(6,249,'','.1.3.6.1.4.1.2021.11.8.0'),(6,277,'','.1.3.6.1.4.1.2021.10.1.3.1'),(6,278,'','.1.3.6.1.4.1.2021.10.1.3.3'),(6,279,'','.1.3.6.1.4.1.2021.10.1.3.2'),(6,280,'','.1.3.6.1.4.1.2021.4.14.0'),(6,281,'','.1.3.6.1.4.1.2021.4.15.0'),(6,282,'','.1.3.6.1.4.1.2021.4.6.0'),(6,283,'','.1.3.6.1.4.1.2021.4.5.0'),(6,284,'','.1.3.6.1.2.1.25.1.5.0'),(6,285,'','.1.3.6.1.2.1.25.1.6.0'),(6,286,'','.1.3.6.1.4.1.2021.11.11.0'),(6,287,'','.1.3.6.1.4.1.2021.11.10.0'),(6,288,'','.1.3.6.1.4.1.2021.11.9.0'),(6,289,'','.1.3.6.1.4.1.2021.11.7.0'),(6,290,'','.1.3.6.1.4.1.2021.11.8.0'),(7,30,'',''),(7,31,'',''),(7,32,'',''),(7,33,'',''),(7,58,'',''),(7,61,'',''),(7,103,NULL,'10.254.10.251'),(7,104,NULL,'10.254.10.251'),(7,105,NULL,'10.254.10.251'),(7,106,NULL,'10.254.10.251'),(7,107,NULL,'10.254.10.251'),(7,108,NULL,'10.254.10.251'),(7,109,NULL,'10.254.10.251'),(7,136,NULL,'10.254.10.251'),(7,137,NULL,'10.254.10.241'),(7,141,NULL,'10.254.0.1'),(7,142,NULL,'10.254.0.1'),(7,143,NULL,'10.254.0.1'),(7,144,NULL,'10.254.0.1'),(7,145,NULL,'10.254.0.1'),(7,146,NULL,'10.254.0.1'),(7,147,NULL,'10.254.0.1'),(7,177,NULL,'10.254.254.252'),(7,178,NULL,'10.254.254.252'),(7,179,NULL,'10.254.254.252'),(7,180,NULL,'10.254.254.252'),(7,181,NULL,'10.254.254.252'),(7,182,NULL,'10.254.254.252'),(7,183,NULL,'10.254.254.252'),(7,184,NULL,'10.254.254.252'),(7,217,NULL,'10.254.110.193'),(7,218,NULL,'10.254.110.193'),(7,222,NULL,'10.101.0.1'),(7,223,NULL,'10.101.0.1'),(7,224,NULL,'10.101.0.1'),(7,225,NULL,'10.101.0.1'),(7,226,NULL,'10.101.0.1'),(7,227,NULL,'10.101.0.1'),(7,228,NULL,'10.254.254.252'),(7,229,NULL,'10.254.254.252'),(7,230,NULL,'10.254.254.252'),(7,231,NULL,'10.254.254.252'),(7,232,NULL,'10.254.254.252'),(7,233,NULL,'10.254.254.252'),(7,263,NULL,'10.101.29.253'),(7,264,NULL,'10.101.29.253'),(7,265,NULL,'10.101.29.253'),(7,266,NULL,'10.101.29.253'),(7,267,NULL,'10.101.29.253'),(7,269,NULL,'10.101.29.253'),(7,270,NULL,'10.101.29.253'),(7,272,NULL,'10.101.0.1'),(7,273,NULL,'10.101.0.1'),(7,274,NULL,'10.101.0.1'),(7,304,NULL,'10.101.29.252'),(7,305,NULL,'10.101.29.252'),(7,306,NULL,'10.101.29.252'),(7,307,NULL,'10.101.29.252'),(7,308,NULL,'10.101.29.252'),(7,309,NULL,'10.101.29.252'),(7,310,NULL,'10.101.29.252'),(7,311,NULL,'10.101.29.252'),(7,312,NULL,'10.101.29.252'),(7,313,NULL,'10.101.29.252'),(7,314,NULL,'10.101.29.252'),(7,315,NULL,'10.101.29.252'),(7,316,NULL,'10.101.29.253'),(8,30,'',''),(8,31,'',''),(8,32,'',''),(8,33,'',''),(8,58,'',''),(8,61,'',''),(8,103,NULL,'rocomm'),(8,104,NULL,'rocomm'),(8,105,NULL,'rocomm'),(8,106,NULL,'rocomm'),(8,107,NULL,'rocomm'),(8,108,NULL,'rocomm'),(8,109,NULL,'rocomm'),(8,136,NULL,'rocomm'),(8,137,NULL,'rocomm'),(8,141,NULL,'rocomm'),(8,142,NULL,'rocomm'),(8,143,NULL,'rocomm'),(8,144,NULL,'rocomm'),(8,145,NULL,'rocomm'),(8,146,NULL,'rocomm'),(8,147,NULL,'rocomm'),(8,177,NULL,'rocomm'),(8,178,NULL,'rocomm'),(8,179,NULL,'rocomm'),(8,180,NULL,'rocomm'),(8,181,NULL,'rocomm'),(8,182,NULL,'rocomm'),(8,183,NULL,'rocomm'),(8,184,NULL,'rocomm'),(8,217,NULL,'rocomm'),(8,218,NULL,'rocomm'),(8,222,NULL,'rocomm'),(8,223,NULL,'rocomm'),(8,224,NULL,'rocomm'),(8,225,NULL,'rocomm'),(8,226,NULL,'rocomm'),(8,227,NULL,'rocomm'),(8,228,NULL,'rocomm'),(8,229,NULL,'rocomm'),(8,230,NULL,'rocomm'),(8,231,NULL,'rocomm'),(8,232,NULL,'rocomm'),(8,233,NULL,'rocomm'),(8,263,NULL,'public'),(8,264,NULL,'public'),(8,265,NULL,'public'),(8,266,NULL,'public'),(8,267,NULL,'public'),(8,269,NULL,'public'),(8,270,NULL,'public'),(8,272,NULL,'rocomm'),(8,273,NULL,'rocomm'),(8,274,NULL,'rocomm'),(8,304,NULL,'public'),(8,305,NULL,'public'),(8,306,NULL,'public'),(8,307,NULL,'public'),(8,308,NULL,'public'),(8,309,NULL,'public'),(8,310,NULL,'public'),(8,311,NULL,'public'),(8,312,NULL,'public'),(8,313,NULL,'public'),(8,314,NULL,'public'),(8,315,NULL,'public'),(8,316,NULL,'public'),(9,30,'',''),(9,31,'',''),(9,32,'',''),(9,33,'',''),(9,58,'',''),(9,61,'',''),(9,103,NULL,''),(9,104,NULL,''),(9,105,NULL,''),(9,106,NULL,''),(9,107,NULL,''),(9,108,NULL,''),(9,109,NULL,''),(9,136,NULL,''),(9,137,NULL,''),(9,141,NULL,''),(9,142,NULL,''),(9,143,NULL,''),(9,144,NULL,''),(9,145,NULL,''),(9,146,NULL,''),(9,147,NULL,''),(9,177,NULL,''),(9,178,NULL,''),(9,179,NULL,''),(9,180,NULL,''),(9,181,NULL,''),(9,182,NULL,''),(9,183,NULL,''),(9,184,NULL,''),(9,217,NULL,''),(9,218,NULL,''),(9,222,NULL,''),(9,223,NULL,''),(9,224,NULL,''),(9,225,NULL,''),(9,226,NULL,''),(9,227,NULL,''),(9,228,NULL,''),(9,229,NULL,''),(9,230,NULL,''),(9,231,NULL,''),(9,232,NULL,''),(9,233,NULL,''),(9,263,NULL,''),(9,264,NULL,''),(9,265,NULL,''),(9,266,NULL,''),(9,267,NULL,''),(9,269,NULL,''),(9,270,NULL,''),(9,272,NULL,''),(9,273,NULL,''),(9,274,NULL,''),(9,304,NULL,''),(9,305,NULL,''),(9,306,NULL,''),(9,307,NULL,''),(9,308,NULL,''),(9,309,NULL,''),(9,310,NULL,''),(9,311,NULL,''),(9,312,NULL,''),(9,313,NULL,''),(9,314,NULL,''),(9,315,NULL,''),(9,316,NULL,''),(10,30,'',''),(10,31,'',''),(10,32,'',''),(10,33,'',''),(10,58,'',''),(10,61,'',''),(10,103,NULL,''),(10,104,NULL,''),(10,105,NULL,''),(10,106,NULL,''),(10,107,NULL,''),(10,108,NULL,''),(10,109,NULL,''),(10,136,NULL,''),(10,137,NULL,''),(10,141,NULL,''),(10,142,NULL,''),(10,143,NULL,''),(10,144,NULL,''),(10,145,NULL,''),(10,146,NULL,''),(10,147,NULL,''),(10,177,NULL,''),(10,178,NULL,''),(10,179,NULL,''),(10,180,NULL,''),(10,181,NULL,''),(10,182,NULL,''),(10,183,NULL,''),(10,184,NULL,''),(10,217,NULL,''),(10,218,NULL,''),(10,222,NULL,''),(10,223,NULL,''),(10,224,NULL,''),(10,225,NULL,''),(10,226,NULL,''),(10,227,NULL,''),(10,228,NULL,''),(10,229,NULL,''),(10,230,NULL,''),(10,231,NULL,''),(10,232,NULL,''),(10,233,NULL,''),(10,263,NULL,''),(10,264,NULL,''),(10,265,NULL,''),(10,266,NULL,''),(10,267,NULL,''),(10,269,NULL,''),(10,270,NULL,''),(10,272,NULL,''),(10,273,NULL,''),(10,274,NULL,''),(10,304,NULL,''),(10,305,NULL,''),(10,306,NULL,''),(10,307,NULL,''),(10,308,NULL,''),(10,309,NULL,''),(10,310,NULL,''),(10,311,NULL,''),(10,312,NULL,''),(10,313,NULL,''),(10,314,NULL,''),(10,315,NULL,''),(10,316,NULL,''),(11,30,'',''),(11,31,'',''),(11,32,'',''),(11,33,'',''),(11,58,'',''),(11,61,'',''),(11,103,NULL,'2'),(11,104,NULL,'2'),(11,105,NULL,'2'),(11,106,NULL,'2'),(11,107,NULL,'2'),(11,108,NULL,'2'),(11,109,NULL,'2'),(11,136,NULL,'2'),(11,137,NULL,'2'),(11,141,NULL,'2'),(11,142,NULL,'2'),(11,143,NULL,'2'),(11,144,NULL,'2'),(11,145,NULL,'2'),(11,146,NULL,'2'),(11,147,NULL,'2'),(11,177,NULL,'2'),(11,178,NULL,'2'),(11,179,NULL,'2'),(11,180,NULL,'2'),(11,181,NULL,'2'),(11,182,NULL,'2'),(11,183,NULL,'2'),(11,184,NULL,'2'),(11,217,NULL,'2'),(11,218,NULL,'2'),(11,222,NULL,'2'),(11,223,NULL,'2'),(11,224,NULL,'2'),(11,225,NULL,'2'),(11,226,NULL,'2'),(11,227,NULL,'2'),(11,228,NULL,'2'),(11,229,NULL,'2'),(11,230,NULL,'2'),(11,231,NULL,'2'),(11,232,NULL,'2'),(11,233,NULL,'2'),(11,263,NULL,'2'),(11,264,NULL,'2'),(11,265,NULL,'2'),(11,266,NULL,'2'),(11,267,NULL,'2'),(11,269,NULL,'2'),(11,270,NULL,'2'),(11,272,NULL,'2'),(11,273,NULL,'2'),(11,274,NULL,'2'),(11,304,NULL,'2'),(11,305,NULL,'2'),(11,306,NULL,'2'),(11,307,NULL,'2'),(11,308,NULL,'2'),(11,309,NULL,'2'),(11,310,NULL,'2'),(11,311,NULL,'2'),(11,312,NULL,'2'),(11,313,NULL,'2'),(11,314,NULL,'2'),(11,315,NULL,'2'),(11,316,NULL,'2'),(12,30,'on',''),(12,31,'on',''),(12,32,'on',''),(12,33,'on',''),(12,58,'on',''),(12,61,'on',''),(12,103,'','diskIODevice'),(12,104,'','diskIODevice'),(12,105,'','diskIODevice'),(12,106,'','diskIODevice'),(12,107,'','diskIODevice'),(12,108,'','diskIODevice'),(12,109,'','diskIODevice'),(12,136,'','ifName'),(12,137,'','ifName'),(12,141,'','ifName'),(12,142,'','ifName'),(12,143,'','ifName'),(12,144,'','ifName'),(12,145,'','ifName'),(12,146,'','ifName'),(12,147,'','ifName'),(12,177,'','ifName'),(12,178,'','ifName'),(12,179,'','ifName'),(12,180,'','ifName'),(12,181,'','ifName'),(12,182,'','ifName'),(12,183,'','ifName'),(12,184,'','ifName'),(12,217,'','ifName'),(12,218,'','ifName'),(12,222,'','ifDescr'),(12,223,'','ifDescr'),(12,224,'','ifDescr'),(12,225,'','ifDescr'),(12,226,'','ifDescr'),(12,227,'','ifDescr'),(12,228,'','ifName'),(12,229,'','ifName'),(12,230,'','ifName'),(12,231,'','ifName'),(12,232,'','ifName'),(12,233,'','ifName'),(12,263,'','ifName'),(12,264,'','ifName'),(12,265,'','ifName'),(12,266,'','ifName'),(12,267,'','ifName'),(12,269,'','ifName'),(12,270,'','ifName'),(12,272,'','ifDescr'),(12,273,'','ifDescr'),(12,274,'','ifDescr'),(12,304,'','ifName'),(12,305,'','ifName'),(12,306,'','ifName'),(12,307,'','ifName'),(12,308,'','ifName'),(12,309,'','ifName'),(12,310,'','ifName'),(12,311,'','ifName'),(12,312,'','ifName'),(12,313,'','ifName'),(12,314,'','ifName'),(12,315,'','ifName'),(12,316,'','ifName'),(13,30,'on',''),(13,31,'on',''),(13,32,'on',''),(13,33,'on',''),(13,58,'on',''),(13,61,'on',''),(13,103,'','sda'),(13,104,'','sda1'),(13,105,'','sda2'),(13,106,'','sda3'),(13,107,'','sr0'),(13,108,'','dm-0'),(13,109,'','dm-1'),(13,136,'','ens192'),(13,137,'','ethernet_32769'),(13,141,'','Gi0/4'),(13,142,'','Gi0/5'),(13,143,'','Gi0/0'),(13,144,'','Gi0/1'),(13,145,'','Gi0/2'),(13,146,'','Gi0/3'),(13,147,'','Vl10'),(13,177,'','mgmt'),(13,178,'','ethernet1/1'),(13,179,'','ethernet1/2'),(13,180,'','ethernet1/2.252'),(13,181,'','loopback.1'),(13,182,'','loopback.44'),(13,183,'','loopback.64'),(13,184,'','tunnel.2255'),(13,217,'','vmnic0'),(13,218,'','vmnic1'),(13,222,'','FastEthernet0'),(13,223,'','Tunnel210'),(13,224,'','Vlan999'),(13,225,'','FastEthernet0'),(13,226,'','Tunnel210'),(13,227,'','Vlan999'),(13,228,'','mgmt'),(13,229,'','ethernet1/1'),(13,230,'','ethernet1/2'),(13,231,'','ethernet1/2.252'),(13,232,'','loopback.1'),(13,233,'','tunnel.2255'),(13,263,'','br-lan'),(13,264,'','wlan0'),(13,265,'','eth0'),(13,266,'','br-lan'),(13,267,'','eth0.1'),(13,269,'','eth0'),(13,270,'','eth0.1'),(13,272,'','FastEthernet6'),(13,273,'','FastEthernet6'),(13,274,'','Vlan3029'),(13,304,'','eth0'),(13,305,'','eth1'),(13,306,'','wlan0'),(13,307,'','br-lan'),(13,308,'','eth0.1'),(13,309,'','wlan1'),(13,310,'','eth0'),(13,311,'','eth1'),(13,312,'','wlan0'),(13,313,'','br-lan'),(13,314,'','eth0.1'),(13,315,'','wlan1'),(13,316,'','wlan0'),(14,30,'on',''),(14,31,'on',''),(14,32,'on',''),(14,33,'on',''),(14,58,'on',''),(14,61,'on',''),(14,103,'','30'),(14,104,'','30'),(14,105,'','30'),(14,106,'','30'),(14,107,'','30'),(14,108,'','30'),(14,109,'','30'),(14,136,'','16'),(14,137,'','16'),(14,141,'','16'),(14,142,'','16'),(14,143,'','16'),(14,144,'','16'),(14,145,'','16'),(14,146,'','16'),(14,147,'','16'),(14,177,'','16'),(14,178,'','16'),(14,179,'','16'),(14,180,'','16'),(14,181,'','16'),(14,182,'','16'),(14,183,'','16'),(14,184,'','16'),(14,217,'','16'),(14,218,'','16'),(14,222,'','16'),(14,223,'','16'),(14,224,'','16'),(14,225,'','11'),(14,226,'','11'),(14,227,'','11'),(14,228,'','11'),(14,229,'','11'),(14,230,'','11'),(14,231,'','11'),(14,232,'','11'),(14,233,'','11'),(14,263,'','16'),(14,264,'','16'),(14,265,'','11'),(14,266,'','11'),(14,267,'','11'),(14,269,'','16'),(14,270,'','16'),(14,272,'','11'),(14,273,'','16'),(14,274,'','14'),(14,304,'','11'),(14,305,'','11'),(14,306,'','11'),(14,307,'','11'),(14,308,'','11'),(14,309,'','11'),(14,310,'','16'),(14,311,'','16'),(14,312,'','16'),(14,313,'','16'),(14,314,'','16'),(14,315,'','16'),(14,316,'','11'),(20,38,'',''),(20,64,'',''),(22,39,'','MemFree:'),(22,40,'','SwapFree:'),(22,65,'','MemFree:'),(22,66,'','SwapFree:'),(29,34,'',''),(31,41,'on',''),(32,41,'on',''),(33,41,'on',''),(35,17,'',''),(35,18,'',''),(35,19,'',''),(35,20,'',''),(35,21,'',''),(35,22,'',''),(35,23,'',''),(35,24,'',''),(35,25,'',''),(35,26,'',''),(35,59,'on',''),(35,60,'on',''),(35,75,'','hrStorageDescr'),(35,76,'','hrStorageDescr'),(35,77,'','hrStorageDescr'),(35,78,'','hrStorageDescr'),(35,79,'','hrStorageDescr'),(35,80,'','hrProcessorFrwID'),(35,81,'','hrProcessorFrwID'),(35,82,'','hrProcessorFrwID'),(35,83,'','hrProcessorFrwID'),(35,84,'','hrProcessorFrwID'),(35,110,'','hrStorageDescr'),(35,111,'','hrStorageDescr'),(35,112,'','hrStorageDescr'),(35,113,'','hrStorageDescr'),(35,114,'','hrStorageDescr'),(35,115,'','hrStorageDescr'),(35,119,'','hrStorageDescr'),(35,131,'','hrProcessorFrwID'),(35,132,'','hrProcessorFrwID'),(35,133,'','hrProcessorFrwID'),(35,134,'','hrProcessorFrwID'),(35,135,'','hrProcessorFrwID'),(35,166,'','hrStorageDescr'),(35,167,'','hrStorageDescr'),(35,168,'','hrStorageDescr'),(35,169,'','hrStorageDescr'),(35,170,'','hrStorageDescr'),(35,171,'','hrStorageDescr'),(35,172,'','hrStorageDescr'),(35,173,'','hrStorageDescr'),(35,174,'','hrProcessorFrwID'),(35,175,'','hrProcessorFrwID'),(35,176,'','hrProcessorFrwID'),(35,203,'','hrStorageDescr'),(35,204,'','hrStorageDescr'),(35,205,'','hrStorageDescr'),(35,206,'','hrStorageDescr'),(35,207,'','hrStorageDescr'),(35,208,'','hrProcessorFrwID'),(35,209,'','hrProcessorFrwID'),(35,210,'','hrProcessorFrwID'),(35,211,'','hrProcessorFrwID'),(35,212,'','hrProcessorFrwID'),(35,213,'','hrProcessorFrwID'),(35,214,'','hrProcessorFrwID'),(35,215,'','hrProcessorFrwID'),(35,216,'','hrProcessorFrwID'),(35,252,'','hrStorageDescr'),(35,253,'','hrStorageDescr'),(35,254,'','hrStorageDescr'),(35,255,'','hrStorageDescr'),(35,256,'','hrStorageDescr'),(35,257,'','hrStorageDescr'),(35,258,'','hrStorageDescr'),(35,259,'','hrStorageDescr'),(35,260,'','hrStorageDescr'),(35,261,'','hrProcessorFrwID'),(35,262,'','hrProcessorFrwID'),(35,293,'','hrStorageDescr'),(35,294,'','hrStorageDescr'),(35,295,'','hrStorageDescr'),(35,296,'','hrStorageDescr'),(35,297,'','hrStorageDescr'),(35,298,'','hrStorageDescr'),(35,299,'','hrStorageDescr'),(35,300,'','hrStorageDescr'),(35,301,'','hrStorageDescr'),(35,302,'','hrProcessorFrwID'),(35,303,'','hrProcessorFrwID'),(36,17,'',''),(36,18,'',''),(36,19,'',''),(36,20,'',''),(36,21,'',''),(36,22,'',''),(36,23,'',''),(36,24,'',''),(36,25,'',''),(36,26,'',''),(36,59,'on',''),(36,60,'on',''),(36,75,'','C: Label:  Serial Number 5c53e558'),(36,76,'','E:'),(36,77,'','F: Label:{[  Serial Number 2c15daee'),(36,78,'','Virtual Memory'),(36,79,'','Physical Memory'),(36,80,'','0'),(36,81,'','1'),(36,82,'','2'),(36,83,'','3'),(36,84,'','Total'),(36,110,'','Physical memory'),(36,111,'','Virtual memory'),(36,112,'','Memory buffers'),(36,113,'','Cached memory'),(36,114,'','Shared memory'),(36,115,'','Swap space'),(36,119,'','/'),(36,131,'','0'),(36,132,'','1'),(36,133,'','2'),(36,134,'','3'),(36,135,'','Total'),(36,166,'','Slot-1 Data Processor-0 Packet Descriptors'),(36,167,'','Slot-1 Data Processor-0 Hardware Packet Buffers'),(36,168,'','Slot-1 Data Processor-0 Software Packet Buffers'),(36,169,'','Slot-1 Management Memory'),(36,170,'','Slot-1 Management Swap'),(36,171,'','Slot-1 Management Config Partition'),(36,172,'','Slot-1 Management Log Partition'),(36,173,'','Slot-1 Management Root Partition'),(36,174,'','0'),(36,175,'','1'),(36,176,'','Total'),(36,203,'','/vmfs/volumes/74d44de3-badab4a7-4ea4-c38aabcedd47'),(36,204,'','/vmfs/volumes/d6898cea-deace11e-3ef6-8232f41fae8e'),(36,205,'','/vmfs/volumes/5e1e4c55-b17bae26-c5a6-000077b590dc'),(36,206,'','/vmfs/volumes/5adb3f0e-3610b08a-4dcb-901b0e2dce68'),(36,207,'','Real Memory'),(36,208,'','0'),(36,209,'','1'),(36,210,'','2'),(36,211,'','3'),(36,212,'','4'),(36,213,'','5'),(36,214,'','6'),(36,215,'','7'),(36,216,'','Total'),(36,252,'','Physical memory'),(36,253,'','Virtual memory'),(36,254,'','Memory buffers'),(36,255,'','Cached memory'),(36,256,'','Shared memory'),(36,257,'','Swap space'),(36,258,'','/rom'),(36,259,'','/overlay'),(36,260,'','/'),(36,261,'','0'),(36,262,'','Total'),(36,293,'','Physical memory'),(36,294,'','Virtual memory'),(36,295,'','Memory buffers'),(36,296,'','Cached memory'),(36,297,'','Shared memory'),(36,298,'','Swap space'),(36,299,'','/rom'),(36,300,'','/overlay'),(36,301,'','/'),(36,302,'','0'),(36,303,'','Total'),(37,17,'',''),(37,18,'',''),(37,19,'',''),(37,20,'',''),(37,21,'',''),(37,22,'',''),(37,23,'',''),(37,24,'',''),(37,25,'',''),(37,26,'',''),(37,59,'on',''),(37,60,'on',''),(37,75,'','28'),(37,76,'','28'),(37,77,'','28'),(37,78,'','28'),(37,79,'','28'),(37,80,'','29'),(37,81,'','29'),(37,82,'','29'),(37,83,'','29'),(37,84,'','29'),(37,110,'','28'),(37,111,'','28'),(37,112,'','28'),(37,113,'','28'),(37,114,'','28'),(37,115,'','28'),(37,119,'','28'),(37,131,'','29'),(37,132,'','29'),(37,133,'','29'),(37,134,'','29'),(37,135,'','29'),(37,166,'','28'),(37,167,'','28'),(37,168,'','28'),(37,169,'','28'),(37,170,'','28'),(37,171,'','28'),(37,172,'','28'),(37,173,'','28'),(37,174,'','29'),(37,175,'','29'),(37,176,'','29'),(37,203,'','28'),(37,204,'','28'),(37,205,'','28'),(37,206,'','28'),(37,207,'','28'),(37,208,'','29'),(37,209,'','29'),(37,210,'','29'),(37,211,'','29'),(37,212,'','29'),(37,213,'','29'),(37,214,'','29'),(37,215,'','29'),(37,216,'','29'),(37,252,'','28'),(37,253,'','28'),(37,254,'','28'),(37,255,'','28'),(37,256,'','28'),(37,257,'','28'),(37,258,'','28'),(37,259,'','28'),(37,260,'','28'),(37,261,'','29'),(37,262,'','29'),(37,293,'','28'),(37,294,'','28'),(37,295,'','28'),(37,296,'','28'),(37,297,'','28'),(37,298,'','28'),(37,299,'','28'),(37,300,'','28'),(37,301,'','28'),(37,302,'','29'),(37,303,'','29'),(39,30,'',''),(39,31,'',''),(39,32,'',''),(39,33,'',''),(39,58,'',''),(39,136,NULL,'161'),(39,137,NULL,'161'),(39,141,NULL,'161'),(39,142,NULL,'161'),(39,143,NULL,'161'),(39,144,NULL,'161'),(39,145,NULL,'161'),(39,146,NULL,'161'),(39,147,NULL,'161'),(39,177,NULL,'161'),(39,178,NULL,'161'),(39,179,NULL,'161'),(39,180,NULL,'161'),(39,181,NULL,'161'),(39,182,NULL,'161'),(39,183,NULL,'161'),(39,184,NULL,'161'),(39,217,NULL,'161'),(39,218,NULL,'161'),(39,222,NULL,'161'),(39,223,NULL,'161'),(39,224,NULL,'161'),(39,225,NULL,'161'),(39,226,NULL,'161'),(39,227,NULL,'161'),(39,228,NULL,'161'),(39,229,NULL,'161'),(39,230,NULL,'161'),(39,231,NULL,'161'),(39,232,NULL,'161'),(39,233,NULL,'161'),(39,263,NULL,'161'),(39,264,NULL,'161'),(39,265,NULL,'161'),(39,266,NULL,'161'),(39,267,NULL,'161'),(39,269,NULL,'161'),(39,270,NULL,'161'),(39,272,NULL,'161'),(39,273,NULL,'161'),(39,274,NULL,'161'),(39,304,NULL,'161'),(39,305,NULL,'161'),(39,306,NULL,'161'),(39,307,NULL,'161'),(39,308,NULL,'161'),(39,309,NULL,'161'),(39,310,NULL,'161'),(39,311,NULL,'161'),(39,312,NULL,'161'),(39,313,NULL,'161'),(39,314,NULL,'161'),(39,315,NULL,'161'),(39,316,NULL,'161'),(40,27,'',''),(40,35,'',''),(40,42,'',''),(40,43,'',''),(40,44,'',''),(40,45,'',''),(40,46,'',''),(40,47,'',''),(40,48,'',''),(40,49,'',''),(40,50,'',''),(40,51,'',''),(40,52,'',''),(40,53,'',''),(40,54,'',''),(40,55,'',''),(40,73,NULL,'161'),(40,74,NULL,'161'),(40,87,NULL,'161'),(40,88,NULL,'161'),(40,89,NULL,'161'),(40,90,NULL,'161'),(40,91,NULL,'161'),(40,92,NULL,'161'),(40,93,NULL,'161'),(40,94,NULL,'161'),(40,95,NULL,'161'),(40,96,NULL,'161'),(40,97,NULL,'161'),(40,98,NULL,'161'),(40,99,NULL,'161'),(40,100,NULL,'161'),(40,138,NULL,'161'),(40,150,NULL,'161'),(40,151,NULL,'161'),(40,152,NULL,'161'),(40,153,NULL,'161'),(40,154,NULL,'161'),(40,155,NULL,'161'),(40,156,NULL,'161'),(40,157,NULL,'161'),(40,158,NULL,'161'),(40,159,NULL,'161'),(40,160,NULL,'161'),(40,161,NULL,'161'),(40,162,NULL,'161'),(40,163,NULL,'161'),(40,187,NULL,'161'),(40,188,NULL,'161'),(40,189,NULL,'161'),(40,190,NULL,'161'),(40,191,NULL,'161'),(40,192,NULL,'161'),(40,193,NULL,'161'),(40,194,NULL,'161'),(40,195,NULL,'161'),(40,196,NULL,'161'),(40,197,NULL,'161'),(40,198,NULL,'161'),(40,199,NULL,'161'),(40,200,NULL,'161'),(40,219,NULL,'161'),(40,236,NULL,'161'),(40,237,NULL,'161'),(40,238,NULL,'161'),(40,239,NULL,'161'),(40,240,NULL,'161'),(40,241,NULL,'161'),(40,242,NULL,'161'),(40,243,NULL,'161'),(40,244,NULL,'161'),(40,245,NULL,'161'),(40,246,NULL,'161'),(40,247,NULL,'161'),(40,248,NULL,'161'),(40,249,NULL,'161'),(40,277,NULL,'161'),(40,278,NULL,'161'),(40,279,NULL,'161'),(40,280,NULL,'161'),(40,281,NULL,'161'),(40,282,NULL,'161'),(40,283,NULL,'161'),(40,284,NULL,'161'),(40,285,NULL,'161'),(40,286,NULL,'161'),(40,287,NULL,'161'),(40,288,NULL,'161'),(40,289,NULL,'161'),(40,290,NULL,'161'),(41,27,'',''),(41,35,'',''),(41,42,'',''),(41,43,'',''),(41,44,'',''),(41,45,'',''),(41,46,'',''),(41,47,'',''),(41,48,'',''),(41,49,'',''),(41,50,'',''),(41,51,'',''),(41,52,'',''),(41,53,'',''),(41,54,'',''),(41,55,'',''),(41,73,NULL,''),(41,74,NULL,''),(41,87,NULL,''),(41,88,NULL,''),(41,89,NULL,''),(41,90,NULL,''),(41,91,NULL,''),(41,92,NULL,''),(41,93,NULL,''),(41,94,NULL,''),(41,95,NULL,''),(41,96,NULL,''),(41,97,NULL,''),(41,98,NULL,''),(41,99,NULL,''),(41,100,NULL,''),(41,138,NULL,''),(41,150,NULL,''),(41,151,NULL,''),(41,152,NULL,''),(41,153,NULL,''),(41,154,NULL,''),(41,155,NULL,''),(41,156,NULL,''),(41,157,NULL,''),(41,158,NULL,''),(41,159,NULL,''),(41,160,NULL,''),(41,161,NULL,''),(41,162,NULL,''),(41,163,NULL,''),(41,187,NULL,''),(41,188,NULL,''),(41,189,NULL,''),(41,190,NULL,''),(41,191,NULL,''),(41,192,NULL,''),(41,193,NULL,''),(41,194,NULL,''),(41,195,NULL,''),(41,196,NULL,''),(41,197,NULL,''),(41,198,NULL,''),(41,199,NULL,''),(41,200,NULL,''),(41,219,NULL,''),(41,236,NULL,''),(41,237,NULL,''),(41,238,NULL,''),(41,239,NULL,''),(41,240,NULL,''),(41,241,NULL,''),(41,242,NULL,''),(41,243,NULL,''),(41,244,NULL,''),(41,245,NULL,''),(41,246,NULL,''),(41,247,NULL,''),(41,248,NULL,''),(41,249,NULL,''),(41,277,NULL,''),(41,278,NULL,''),(41,279,NULL,''),(41,280,NULL,''),(41,281,NULL,''),(41,282,NULL,''),(41,283,NULL,''),(41,284,NULL,''),(41,285,NULL,''),(41,286,NULL,''),(41,287,NULL,''),(41,288,NULL,''),(41,289,NULL,''),(41,290,NULL,''),(42,27,'',''),(42,35,'',''),(42,42,'',''),(42,43,'',''),(42,44,'',''),(42,45,'',''),(42,46,'',''),(42,47,'',''),(42,48,'',''),(42,49,'',''),(42,50,'',''),(42,51,'',''),(42,52,'',''),(42,53,'',''),(42,54,'',''),(42,55,'',''),(42,73,NULL,''),(42,74,NULL,''),(42,87,NULL,''),(42,88,NULL,''),(42,89,NULL,''),(42,90,NULL,''),(42,91,NULL,''),(42,92,NULL,''),(42,93,NULL,''),(42,94,NULL,''),(42,95,NULL,''),(42,96,NULL,''),(42,97,NULL,''),(42,98,NULL,''),(42,99,NULL,''),(42,100,NULL,''),(42,138,NULL,''),(42,150,NULL,''),(42,151,NULL,''),(42,152,NULL,''),(42,153,NULL,''),(42,154,NULL,''),(42,155,NULL,''),(42,156,NULL,''),(42,157,NULL,''),(42,158,NULL,''),(42,159,NULL,''),(42,160,NULL,''),(42,161,NULL,''),(42,162,NULL,''),(42,163,NULL,''),(42,187,NULL,''),(42,188,NULL,''),(42,189,NULL,''),(42,190,NULL,''),(42,191,NULL,''),(42,192,NULL,''),(42,193,NULL,''),(42,194,NULL,''),(42,195,NULL,''),(42,196,NULL,''),(42,197,NULL,''),(42,198,NULL,''),(42,199,NULL,''),(42,200,NULL,''),(42,219,NULL,''),(42,236,NULL,''),(42,237,NULL,''),(42,238,NULL,''),(42,239,NULL,''),(42,240,NULL,''),(42,241,NULL,''),(42,242,NULL,''),(42,243,NULL,''),(42,244,NULL,''),(42,245,NULL,''),(42,246,NULL,''),(42,247,NULL,''),(42,248,NULL,''),(42,249,NULL,''),(42,277,NULL,''),(42,278,NULL,''),(42,279,NULL,''),(42,280,NULL,''),(42,281,NULL,''),(42,282,NULL,''),(42,283,NULL,''),(42,284,NULL,''),(42,285,NULL,''),(42,286,NULL,''),(42,287,NULL,''),(42,288,NULL,''),(42,289,NULL,''),(42,290,NULL,''),(43,27,'',''),(43,35,'',''),(43,42,'',''),(43,43,'',''),(43,44,'',''),(43,45,'',''),(43,46,'',''),(43,47,'',''),(43,48,'',''),(43,49,'',''),(43,50,'',''),(43,51,'',''),(43,52,'',''),(43,53,'',''),(43,54,'',''),(43,55,'',''),(43,73,NULL,''),(43,74,NULL,''),(43,87,NULL,''),(43,88,NULL,''),(43,89,NULL,''),(43,90,NULL,''),(43,91,NULL,''),(43,92,NULL,''),(43,93,NULL,''),(43,94,NULL,''),(43,95,NULL,''),(43,96,NULL,''),(43,97,NULL,''),(43,98,NULL,''),(43,99,NULL,''),(43,100,NULL,''),(43,138,NULL,''),(43,150,NULL,''),(43,151,NULL,''),(43,152,NULL,''),(43,153,NULL,''),(43,154,NULL,''),(43,155,NULL,''),(43,156,NULL,''),(43,157,NULL,''),(43,158,NULL,''),(43,159,NULL,''),(43,160,NULL,''),(43,161,NULL,''),(43,162,NULL,''),(43,163,NULL,''),(43,187,NULL,''),(43,188,NULL,''),(43,189,NULL,''),(43,190,NULL,''),(43,191,NULL,''),(43,192,NULL,''),(43,193,NULL,''),(43,194,NULL,''),(43,195,NULL,''),(43,196,NULL,''),(43,197,NULL,''),(43,198,NULL,''),(43,199,NULL,''),(43,200,NULL,''),(43,219,NULL,''),(43,236,NULL,''),(43,237,NULL,''),(43,238,NULL,''),(43,239,NULL,''),(43,240,NULL,''),(43,241,NULL,''),(43,242,NULL,''),(43,243,NULL,''),(43,244,NULL,''),(43,245,NULL,''),(43,246,NULL,''),(43,247,NULL,''),(43,248,NULL,''),(43,249,NULL,''),(43,277,NULL,''),(43,278,NULL,''),(43,279,NULL,''),(43,280,NULL,''),(43,281,NULL,''),(43,282,NULL,''),(43,283,NULL,''),(43,284,NULL,''),(43,285,NULL,''),(43,286,NULL,''),(43,287,NULL,''),(43,288,NULL,''),(43,289,NULL,''),(43,290,NULL,''),(44,30,'',''),(44,58,'',''),(44,136,NULL,''),(44,137,NULL,''),(44,141,NULL,''),(44,142,NULL,''),(44,143,NULL,''),(44,144,NULL,''),(44,145,NULL,''),(44,146,NULL,''),(44,147,NULL,''),(44,177,NULL,''),(44,178,NULL,''),(44,179,NULL,''),(44,180,NULL,''),(44,181,NULL,''),(44,182,NULL,''),(44,183,NULL,''),(44,184,NULL,''),(44,217,NULL,''),(44,218,NULL,''),(44,222,NULL,''),(44,223,NULL,''),(44,224,NULL,''),(44,263,NULL,''),(44,264,NULL,''),(44,269,NULL,''),(44,270,NULL,''),(44,273,NULL,''),(44,274,NULL,''),(44,310,NULL,''),(44,311,NULL,''),(44,312,NULL,''),(44,313,NULL,''),(44,314,NULL,''),(44,315,NULL,''),(45,30,'',''),(45,58,'',''),(45,136,NULL,''),(45,137,NULL,''),(45,141,NULL,''),(45,142,NULL,''),(45,143,NULL,''),(45,144,NULL,''),(45,145,NULL,''),(45,146,NULL,''),(45,147,NULL,''),(45,177,NULL,''),(45,178,NULL,''),(45,179,NULL,''),(45,180,NULL,''),(45,181,NULL,''),(45,182,NULL,''),(45,183,NULL,''),(45,184,NULL,''),(45,217,NULL,''),(45,218,NULL,''),(45,222,NULL,''),(45,223,NULL,''),(45,224,NULL,''),(45,263,NULL,''),(45,264,NULL,''),(45,269,NULL,''),(45,270,NULL,''),(45,273,NULL,''),(45,274,NULL,''),(45,310,NULL,''),(45,311,NULL,''),(45,312,NULL,''),(45,313,NULL,''),(45,314,NULL,''),(45,315,NULL,''),(46,30,'',''),(46,58,'',''),(46,136,NULL,''),(46,137,NULL,''),(46,141,NULL,''),(46,142,NULL,''),(46,143,NULL,''),(46,144,NULL,''),(46,145,NULL,''),(46,146,NULL,''),(46,147,NULL,''),(46,177,NULL,''),(46,178,NULL,''),(46,179,NULL,''),(46,180,NULL,''),(46,181,NULL,''),(46,182,NULL,''),(46,183,NULL,''),(46,184,NULL,''),(46,217,NULL,''),(46,218,NULL,''),(46,222,NULL,''),(46,223,NULL,''),(46,224,NULL,''),(46,263,NULL,''),(46,264,NULL,''),(46,269,NULL,''),(46,270,NULL,''),(46,273,NULL,''),(46,274,NULL,''),(46,310,NULL,''),(46,311,NULL,''),(46,312,NULL,''),(46,313,NULL,''),(46,314,NULL,''),(46,315,NULL,''),(89,28,'',''),(89,71,NULL,'3'),(89,85,NULL,'4'),(89,139,NULL,'5'),(89,148,NULL,'6'),(89,185,NULL,'7'),(89,220,NULL,'8'),(89,234,NULL,'9'),(89,275,NULL,'10'),(91,29,'',''),(91,72,NULL,'3'),(91,86,NULL,'4'),(91,140,NULL,'5'),(91,149,NULL,'6'),(91,186,NULL,'7'),(91,221,NULL,'8'),(91,235,NULL,'9'),(91,276,NULL,'10'),(93,56,'',''),(93,101,NULL,'10.254.10.251'),(93,164,NULL,'10.254.254.252'),(93,201,NULL,'10.254.110.193'),(93,250,NULL,'10.101.29.253'),(93,291,NULL,'10.101.29.252'),(96,57,'',''),(96,102,NULL,'10.254.10.251'),(96,165,NULL,'10.254.254.252'),(96,202,NULL,'10.254.110.193'),(96,251,NULL,'10.101.29.253'),(96,292,NULL,'10.101.29.252');
/*!40000 ALTER TABLE `data_input_data` ENABLE KEYS */;
UNLOCK TABLES;

--
-- Table structure for table `data_input_fields`
--

DROP TABLE IF EXISTS `data_input_fields`;
/*!40101 SET @saved_cs_client     = @@character_set_client */;
/*!40101 SET character_set_client = utf8 */;
CREATE TABLE `data_input_fields` (
  `id` mediumint(8) unsigned NOT NULL AUTO_INCREMENT,
  `hash` varchar(32) COLLATE utf8mb4_unicode_ci NOT NULL DEFAULT '',
  `data_input_id` mediumint(8) unsigned NOT NULL DEFAULT 0,
  `name` varchar(200) COLLATE utf8mb4_unicode_ci NOT NULL DEFAULT '',
  `data_name` varchar(50) COLLATE utf8mb4_unicode_ci NOT NULL DEFAULT '',
  `input_output` char(3) COLLATE utf8mb4_unicode_ci NOT NULL DEFAULT '',
  `update_rra` char(2) COLLATE utf8mb4_unicode_ci DEFAULT '0',
  `sequence` smallint(5) NOT NULL DEFAULT 0,
  `type_code` varchar(40) COLLATE utf8mb4_unicode_ci DEFAULT NULL,
  `regexp_match` varchar(200) COLLATE utf8mb4_unicode_ci DEFAULT NULL,
  `allow_nulls` char(2) COLLATE utf8mb4_unicode_ci DEFAULT NULL,
  PRIMARY KEY (`id`),
  KEY `data_input_id` (`data_input_id`),
  KEY `input_output` (`input_output`),
  KEY `type_code_data_input_id` (`type_code`,`data_input_id`)
) ENGINE=InnoDB AUTO_INCREMENT=99 DEFAULT CHARSET=utf8mb4 COLLATE=utf8mb4_unicode_ci ROW_FORMAT=DYNAMIC;
/*!40101 SET character_set_client = @saved_cs_client */;

--
-- Dumping data for table `data_input_fields`
--

LOCK TABLES `data_input_fields` WRITE;
/*!40000 ALTER TABLE `data_input_fields` DISABLE KEYS */;
INSERT INTO `data_input_fields` VALUES (1,'92f5906c8dc0f964b41f4253df582c38',1,'SNMP IP Address','management_ip','in','',0,'hostname','',''),(2,'32285d5bf16e56c478f5e83f32cda9ef',1,'SNMP Community','snmp_community','in','',0,'snmp_community','',''),(3,'ad14ac90641aed388139f6ba86a2e48b',1,'SNMP Username','snmp_username','in','',0,'snmp_username','','on'),(4,'9c55a74bd571b4f00a96fd4b793278c6',1,'SNMP Password','snmp_password','in','',0,'snmp_password','','on'),(5,'012ccb1d3687d3edb29c002ea66e72da',1,'SNMP Version (1, 2, or 3)','snmp_version','in','',0,'snmp_version','','on'),(6,'4276a5ec6e3fe33995129041b1909762',1,'OID','oid','in','',0,'snmp_oid','',''),(7,'617cdc8a230615e59f06f361ef6e7728',2,'SNMP IP Address','management_ip','in','',0,'hostname','',''),(8,'acb449d1451e8a2a655c2c99d31142c7',2,'SNMP Community','snmp_community','in','',0,'snmp_community','',''),(9,'f4facc5e2ca7ebee621f09bc6d9fc792',2,'SNMP Username (v3)','snmp_username','in','',0,'snmp_username','','on'),(10,'1cc1493a6781af2c478fa4de971531cf',2,'SNMP Password (v3)','snmp_password','in','',0,'snmp_password','','on'),(11,'b5c23f246559df38662c255f4aa21d6b',2,'SNMP Version (1, 2, or 3)','snmp_version','in','',0,'snmp_version','',''),(12,'6027a919c7c7731fbe095b6f53ab127b',2,'Index Type','index_type','in','',0,'index_type','',''),(13,'cbbe5c1ddfb264a6e5d509ce1c78c95f',2,'Index Value','index_value','in','',0,'index_value','',''),(14,'e6deda7be0f391399c5130e7c4a48b28',2,'Output Type ID','output_type','in','',0,'output_type','',''),(15,'edfd72783ad02df128ff82fc9324b4b9',3,'Disk Partition','partition','in','',1,'','',''),(16,'8b75fb61d288f0b5fc0bd3056af3689b',3,'Kilobytes Free','kilobytes','out','on',0,'','',''),(17,'363588d49b263d30aecb683c52774f39',4,'1 Minute Average','1min','out','on',0,'','',''),(18,'ad139a9e1d69881da36fca07889abf58',4,'5 Minute Average','5min','out','on',0,'','',''),(19,'5db9fee64824c08258c7ff6f8bc53337',4,'10 Minute Average','10min','out','on',0,'','',''),(20,'c0cfd0beae5e79927c5a360076706820',5,'Username (Optional)','username','in','',1,'','','on'),(21,'52c58ad414d9a2a83b00a7a51be75a53',5,'Logged In Users','users','out','on',0,'','',''),(22,'05eb5d710f0814871b8515845521f8d7',6,'Grep String','grepstr','in','',1,'','',''),(23,'86cb1cbfde66279dbc7f1144f43a3219',6,'Result (in Kilobytes)','kilobytes','out','on',0,'','',''),(24,'d5a8dd5fbe6a5af11667c0039af41386',7,'Number of Processes','proc','out','on',0,'','',''),(25,'8848cdcae831595951a3f6af04eec93b',8,'Grep String','grepstr','in','',1,'','','on'),(26,'3d1288d33008430ce354e8b9c162f7ff',8,'Connections','connections','out','on',0,'','',''),(27,'c6af570bb2ed9c84abf32033702e2860',9,'(Optional) Log Path','log_path','in','',1,'','','on'),(28,'f9389860f5c5340c9b27fca0b4ee5e71',9,'Web Hits','webhits','out','on',0,'','',''),(29,'5fbadb91ad66f203463c1187fe7bd9d5',10,'IP Address','hostname','in','',1,'hostname','',''),(30,'6ac4330d123c69067d36a933d105e89a',10,'Milliseconds','out_ms','out','on',0,'','',''),(31,'d39556ecad6166701bfb0e28c5a11108',11,'Index Type','index_type','in','',0,'index_type','',''),(32,'3b7caa46eb809fc238de6ef18b6e10d5',11,'Index Value','index_value','in','',0,'index_value','',''),(33,'74af2e42dc12956c4817c2ef5d9983f9',11,'Output Type ID','output_type','in','',0,'output_type','',''),(34,'8ae57f09f787656bf4ac541e8bd12537',11,'Output Value','output','out','on',0,'','',''),(35,'172b4b0eacee4948c6479f587b62e512',12,'Index Type','index_type','in','',0,'index_type','',''),(36,'30fb5d5bcf3d66bb5abe88596f357c26',12,'Index Value','index_value','in','',0,'index_value','',''),(37,'31112c85ae4ff821d3b288336288818c',12,'Output Type ID','output_type','in','',0,'output_type','',''),(38,'5be8fa85472d89c621790b43510b5043',12,'Output Value','output','out','on',0,'','',''),(39,'c1f36ee60c3dc98945556d57f26e475b',2,'SNMP Port','snmp_port','in','',0,'snmp_port','',''),(40,'fc64b99742ec417cc424dbf8c7692d36',1,'SNMP Port','snmp_port','in','',0,'snmp_port','',''),(41,'20832ce12f099c8e54140793a091af90',1,'SNMP Authenticaion Protocol (v3)','snmp_auth_protocol','in','',0,'snmp_auth_protocol','',''),(42,'c60c9aac1e1b3555ea0620b8bbfd82cb',1,'SNMP Privacy Passphrase (v3)','snmp_priv_passphrase','in','',0,'snmp_priv_passphrase','',''),(43,'feda162701240101bc74148415ef415a',1,'SNMP Privacy Protocol (v3)','snmp_priv_protocol','in','',0,'snmp_priv_protocol','',''),(44,'2cf7129ad3ff819a7a7ac189bee48ce8',2,'SNMP Authenticaion Protocol (v3)','snmp_auth_protocol','in','',0,'snmp_auth_protocol','',''),(45,'6b13ac0a0194e171d241d4b06f913158',2,'SNMP Privacy Passphrase (v3)','snmp_priv_passphrase','in','',0,'snmp_priv_passphrase','',''),(46,'3a33d4fc65b8329ab2ac46a36da26b72',2,'SNMP Privacy Protocol (v3)','snmp_priv_protocol','in','',0,'snmp_priv_protocol','',''),(47,'03ffd37fd55813d2d25bcd34967f2bcb',13,'Number of all processed rrds','RRDsProcessed','out','on',0,'','',''),(48,'15cfbcb8b34f83e6f088103ee83b22a8',13,'Number of all data sources','DataSources','out','on',0,'','',''),(49,'c39772d17f7cd0ba6ae330bb1bdbf607',13,'Hosts per Process','HostsPerProcess','out','on',0,'','',''),(50,'fdd660a8c8cee48696c6265882f0c14c',13,'Number of all Hosts','Hosts','out','on',0,'','',''),(51,'a63f6464addc92837bde2a091eb25b64',13,'Maximum Threads per Process','Threads','out','on',0,'','',''),(52,'cc25e6d384d698c928db02d43c16aeed',13,'Maximum Concurrent Poller Processes','Processes','out','on',0,'','',''),(53,'4b9d7d50fbef23d98e4445b444aa76e9',13,'Time for last poller run','Time','out','on',0,'','',''),(54,'f83b18feedf42a2ce3b00faa8b33f9ae',14,'Runtime of Boost Server','Time','out','on',0,'','',''),(55,'9004fc36a705da8c629059d1157d1afa',14,'Number of rrd file updates','RRDUpdates','out','on',0,'','',''),(56,'b3f6a82762aef7c767174e2b7db1efe5',15,'# of SNMP polls','snmp','out','on',0,'','',''),(57,'647d57d2e5e47684d21dbc8f2e291b47',15,'# of script polls','script','out','on',0,'','',''),(58,'9de4cbb821bac56bdf37862658c2713d',15,'# of script server entries','script_server','out','on',0,'','',''),(59,'b2bc32657a7fe9b90dafabff5ea4a966',16,'Recaching Time','RecacheTime','out','on',0,'','',''),(60,'a359a5b959303937b7a3952925c24ea7',16,'Number of Recached Devices','DevicesRecached','out','on',0,'','',''),(61,'ee27944f37ae0ed5d3e2e36f3389c507',17,'Boost Peak Memory usage','boost_peak_memory','out','on',0,'','',''),(62,'781b8a3655e9c94772178de16aa2a3dc',18,'number of valid logins','valid','out','on',0,'','',''),(63,'5e7570a64e33bfbd2a74e8d25cbedf84',18,'number of denied logins','invalid','out','on',0,'','',''),(64,'a576a6b27554ffc03c5b9c52e790bcf8',18,'number of active user sessions','active','out','on',0,'','',''),(65,'428cb0c15815cb5272f7e7886dfe36de',18,'number of sleeping user sessions','sleeping','out','on',0,'','',''),(66,'eab4f8666a47689e214669d60f182745',18,'number of obsolete user sessions','garbage','out','on',0,'','',''),(67,'1d9fc23dacbd933449a73aa84be5414f',18,'number of active users','uactive','out','on',0,'','',''),(68,'ce8d69c72f37533e6c32d0d866e036f6',18,'number of sleeping users','usleeping','out','on',0,'','',''),(69,'0e94e75f5f51153d8504dd96724fb0c7',19,'Total Graphs Exported','TotalGraphsExported','out','on',0,'','',''),(70,'dc898426d21a4441333656b9145abe02',20,'Export Duration','ExportDuration','out','on',0,'','',''),(71,'5c06ba76af1c36a4667440a079c14a65',21,'The Number of Record Deletes','deletes','out','on',0,'','',''),(72,'8dae453bf1629eb5767dc5a522436eae',21,'The Number of New Syslog Records','incoming','out','on',0,'','',''),(73,'e64944f0862a73d7d863447d04e03622',21,'The Number of New Syslog Records Discarded','removes','out','on',0,'','',''),(74,'168bd25e77eaf9f271059cc8265450d4',21,'The Number of New Syslog Records Moved Aside','xfers','out','on',0,'','',''),(75,'e4de70bb9c11d383e4a01ac6dd3bd784',21,'The Number of Syslog Alerts Checked for','alerts','out','on',0,'','',''),(76,'3d597fe525d8b4f0fdef3a2a6fb1cf85',21,'The Number of Syslog Alerts Newly Trigged','alarms','out','on',0,'','',''),(77,'79f7dee8871d5d9fcb5be4c6cb2ff684',21,'The Number of Syslog Reports Defined','reports','out','on',0,'','',''),(78,'c712ea4c6a4e534d3d6cb37f233e4d75',22,'The Total Syslog Runtime','syslogRuntime','out','on',0,'','',''),(79,'864aa6b4633e6f2b77a6e1cee2ca4baf',23,'The runtime for the Thold plugin','tholdRuntime','out','on',0,'','',''),(80,'e616027fec892c53c63ab7b5e1eb1ad8',24,'The Average Size of a Boost Record Row','boost_avg_size','out','on',0,'','',''),(81,'2e4a4d2d35b834c9473a0b0888df1a68',25,'Number of Records in Boost Table','boost_records','out','on',0,'','',''),(82,'3100c6b6b9d657a51cbcd818e1755503',26,'Total Size of the Boost Table in Bytes','boost_table','out','on',0,'','',''),(83,'9ffe12fb0c0b00264288d918ec21c59e',27,'The time to get records from the database','rrd_get_records','out','on',0,'','',''),(84,'7348018f3af0c4a17568d6fd77e9dbdd',27,'The total time to process the results','rrd_results_cycle','out','on',0,'','',''),(85,'1626735ca7aeadd7b9e2053add75d04a',27,'The time to gather the find the filename and build the update template','rrd_template','out','on',0,'','',''),(86,'3af21992a14b00f530a67bfcd5c06de0',27,'The amount of time to run the RRDtool lastupdate command','rrd_lastupdate','out','on',0,'','',''),(87,'0da05eedf7f74fc449bd4bba7d944b59',27,'The amount of time spent updating RRDfiles','rrd_update','out','on',0,'','',''),(88,'eff931ff2b8c8ac5a3e1501f65a10bd4',27,'The amount of time removing Boost records from the database','rrd_delete','out','on',0,'','',''),(89,'08f589472a63becab00f661c311985e8',28,'The hosts unique id','host_id','in','',0,'host_id','',''),(90,'2187e7ac3bfefe37c8227e87bbf81d90',28,'Polling Time in Milliseconds','polling_time','out','on',0,'','',''),(91,'746674cef4830927324742cbac124a19',29,'The hosts unique id','host_id','in','',0,'host_id','',''),(92,'cdd10c4aa321bb14ba8b0a5f6e62d06a',29,'Polling Time in Milliseconds','uptime','out','on',0,'','',''),(93,'5cdc32e66ef7b8619de77a274b6f7355',30,'The ID of the Host','hostname','in','',0,'hostname','',''),(94,'029b16559b8383de29dc640ba62f66f1',30,'Disk Reads in 5 Minutes','reads','out','on',0,'','',''),(95,'ff52a1a082547eaee254c3532e4c7487',30,'Disk Writes in 5 Minutes','writes','out','on',0,'','',''),(96,'3603877fa56213764cddd6ce7f126a4a',31,'The name of the host','hostname','in','',0,'hostname','',''),(97,'5560a408549e41f7f130e3d8e99505d0',31,'The number of bytes read in last 5 minutes','bytesread','out','on',0,'','',''),(98,'a9a85ecb0c17bf44cd5eee62a561c611',31,'The number of bytes written in last 5 minutes','byteswritten','out','on',0,'','','');
/*!40000 ALTER TABLE `data_input_fields` ENABLE KEYS */;
UNLOCK TABLES;

--
-- Table structure for table `data_local`
--

DROP TABLE IF EXISTS `data_local`;
/*!40101 SET @saved_cs_client     = @@character_set_client */;
/*!40101 SET character_set_client = utf8 */;
CREATE TABLE `data_local` (
  `id` mediumint(8) unsigned NOT NULL AUTO_INCREMENT,
  `data_template_id` mediumint(8) unsigned NOT NULL DEFAULT 0,
  `host_id` mediumint(8) unsigned NOT NULL DEFAULT 0,
  `snmp_query_id` mediumint(8) NOT NULL DEFAULT 0,
  `snmp_index` varchar(255) COLLATE utf8mb4_unicode_ci NOT NULL DEFAULT '',
  PRIMARY KEY (`id`),
  KEY `data_template_id` (`data_template_id`),
  KEY `snmp_query_id` (`snmp_query_id`),
  KEY `snmp_index` (`snmp_index`),
  KEY `host_id_snmp_query_id` (`host_id`,`snmp_query_id`)
) ENGINE=InnoDB AUTO_INCREMENT=256 DEFAULT CHARSET=utf8mb4 COLLATE=utf8mb4_unicode_ci ROW_FORMAT=DYNAMIC;
/*!40101 SET character_set_client = @saved_cs_client */;

--
-- Dumping data for table `data_local`
--

LOCK TABLES `data_local` WRITE;
/*!40000 ALTER TABLE `data_local` DISABLE KEYS */;
INSERT INTO `data_local` VALUES (1,36,1,0,''),(2,37,1,0,''),(3,38,1,0,''),(4,39,1,0,''),(5,40,1,0,''),(10,28,3,0,''),(11,29,3,0,''),(12,49,3,0,''),(13,50,3,0,''),(14,59,3,7,'1'),(15,59,3,7,'2'),(16,59,3,7,'3'),(17,59,3,7,'4'),(18,59,3,7,'5'),(19,60,3,8,'0'),(20,60,3,8,'1'),(21,60,3,8,'2'),(22,60,3,8,'3'),(23,60,3,8,'4000'),(24,28,4,0,''),(25,29,4,0,''),(26,42,4,0,''),(27,44,4,0,''),(28,43,4,0,''),(29,45,4,0,''),(30,47,4,0,''),(31,46,4,0,''),(32,48,4,0,''),(33,49,4,0,''),(34,50,4,0,''),(35,53,4,0,''),(36,51,4,0,''),(37,52,4,0,''),(38,54,4,0,''),(39,55,4,0,''),(40,56,4,0,''),(41,57,4,0,''),(42,61,4,9,'1'),(43,61,4,9,'2'),(44,61,4,9,'3'),(45,61,4,9,'4'),(46,61,4,9,'5'),(47,61,4,9,'6'),(48,61,4,9,'7'),(49,59,4,7,'1'),(50,59,4,7,'3'),(51,59,4,7,'6'),(52,59,4,7,'7'),(53,59,4,7,'8'),(54,59,4,7,'10'),(58,59,4,7,'55'),(70,60,4,8,'0'),(71,60,4,8,'1'),(72,60,4,8,'2'),(73,60,4,8,'3'),(74,60,4,8,'4000'),(75,30,4,4,'2'),(76,30,3,4,'8'),(77,27,5,0,''),(78,28,5,0,''),(79,29,5,0,''),(80,30,5,4,'1'),(81,30,5,4,'2'),(82,30,5,4,'3'),(83,30,5,4,'4'),(84,30,5,4,'5'),(85,30,5,4,'6'),(86,30,5,4,'10'),(87,28,6,0,''),(88,29,6,0,''),(89,42,6,0,''),(90,44,6,0,''),(91,43,6,0,''),(92,45,6,0,''),(93,47,6,0,''),(94,46,6,0,''),(95,48,6,0,''),(96,49,6,0,''),(97,50,6,0,''),(98,53,6,0,''),(99,51,6,0,''),(100,52,6,0,''),(101,54,6,0,''),(102,55,6,0,''),(103,56,6,0,''),(104,57,6,0,''),(105,59,6,7,'1010'),(106,59,6,7,'1011'),(107,59,6,7,'1012'),(108,59,6,7,'1020'),(109,59,6,7,'1030'),(110,59,6,7,'1040'),(111,59,6,7,'1041'),(112,59,6,7,'1043'),(113,60,6,8,'0'),(114,60,6,8,'1'),(115,60,6,8,'4000'),(116,30,6,4,'3'),(117,30,6,4,'4'),(118,30,6,4,'5'),(119,30,6,4,'101020252'),(120,30,6,4,'300000001'),(121,30,6,4,'300000044'),(122,30,6,4,'300000064'),(123,30,6,4,'400002255'),(124,28,7,0,''),(125,29,7,0,''),(126,42,7,0,''),(127,44,7,0,''),(128,43,7,0,''),(129,45,7,0,''),(130,47,7,0,''),(131,46,7,0,''),(132,48,7,0,''),(133,49,7,0,''),(134,50,7,0,''),(135,53,7,0,''),(136,51,7,0,''),(137,52,7,0,''),(138,54,7,0,''),(139,55,7,0,''),(140,56,7,0,''),(141,57,7,0,''),(142,59,7,7,'1'),(143,59,7,7,'2'),(144,59,7,7,'3'),(145,59,7,7,'4'),(146,59,7,7,'5'),(147,60,7,8,'0'),(148,60,7,8,'1'),(149,60,7,8,'2'),(150,60,7,8,'3'),(151,60,7,8,'4'),(152,60,7,8,'5'),(153,60,7,8,'6'),(154,60,7,8,'7'),(155,60,7,8,'4000'),(156,30,7,4,'5'),(157,30,7,4,'6'),(158,27,8,0,''),(159,28,8,0,''),(160,29,8,0,''),(161,30,8,4,'4'),(162,30,8,4,'43'),(163,30,8,4,'52'),(164,31,8,4,'4'),(165,31,8,4,'43'),(166,31,8,4,'52'),(167,31,6,4,'3'),(168,31,6,4,'4'),(169,31,6,4,'5'),(170,31,6,4,'101020252'),(171,31,6,4,'300000001'),(172,31,6,4,'400002255'),(173,28,9,0,''),(174,29,9,0,''),(175,42,9,0,''),(176,44,9,0,''),(177,43,9,0,''),(178,45,9,0,''),(179,47,9,0,''),(180,46,9,0,''),(181,48,9,0,''),(182,49,9,0,''),(183,50,9,0,''),(184,53,9,0,''),(185,51,9,0,''),(186,52,9,0,''),(187,54,9,0,''),(188,55,9,0,''),(189,56,9,0,''),(190,57,9,0,''),(191,59,9,7,'1'),(192,59,9,7,'3'),(193,59,9,7,'6'),(194,59,9,7,'7'),(195,59,9,7,'8'),(196,59,9,7,'10'),(197,59,9,7,'31'),(198,59,9,7,'32'),(199,59,9,7,'33'),(200,60,9,8,'0'),(201,60,9,8,'4000'),(202,30,9,4,'5'),(203,30,9,4,'7'),(204,31,9,4,'2'),(205,31,9,4,'5'),(206,31,9,4,'6'),(208,30,9,4,'2'),(209,30,9,4,'6'),(211,31,8,4,'10'),(212,30,8,4,'10'),(213,30,8,4,'47'),(214,28,10,0,''),(215,29,10,0,''),(216,42,10,0,''),(217,44,10,0,''),(218,43,10,0,''),(219,45,10,0,''),(220,47,10,0,''),(221,46,10,0,''),(222,48,10,0,''),(223,49,10,0,''),(224,50,10,0,''),(225,53,10,0,''),(226,51,10,0,''),(227,52,10,0,''),(228,54,10,0,''),(229,55,10,0,''),(230,56,10,0,''),(231,57,10,0,''),(232,59,10,7,'1'),(233,59,10,7,'3'),(234,59,10,7,'6'),(235,59,10,7,'7'),(236,59,10,7,'8'),(237,59,10,7,'10'),(238,59,10,7,'31'),(239,59,10,7,'32'),(240,59,10,7,'33'),(241,60,10,8,'0'),(242,60,10,8,'4000'),(243,31,10,4,'2'),(244,31,10,4,'3'),(245,31,10,4,'5'),(246,31,10,4,'11'),(247,31,10,4,'12'),(248,31,10,4,'13'),(249,30,10,4,'2'),(250,30,10,4,'3'),(251,30,10,4,'5'),(252,30,10,4,'11'),(253,30,10,4,'12'),(254,30,10,4,'13'),(255,31,9,4,'7');
/*!40000 ALTER TABLE `data_local` ENABLE KEYS */;
UNLOCK TABLES;

--
-- Table structure for table `data_source_profiles`
--

DROP TABLE IF EXISTS `data_source_profiles`;
/*!40101 SET @saved_cs_client     = @@character_set_client */;
/*!40101 SET character_set_client = utf8 */;
CREATE TABLE `data_source_profiles` (
  `id` mediumint(8) unsigned NOT NULL AUTO_INCREMENT,
  `hash` varchar(32) COLLATE utf8mb4_unicode_ci NOT NULL DEFAULT '',
  `name` varchar(255) COLLATE utf8mb4_unicode_ci NOT NULL DEFAULT '',
  `step` int(10) unsigned NOT NULL DEFAULT 300,
  `heartbeat` int(10) unsigned NOT NULL DEFAULT 600,
  `x_files_factor` double DEFAULT 0.5,
  `default` char(2) COLLATE utf8mb4_unicode_ci DEFAULT '',
  PRIMARY KEY (`id`),
  KEY `name` (`name`(171))
) ENGINE=InnoDB AUTO_INCREMENT=5 DEFAULT CHARSET=utf8mb4 COLLATE=utf8mb4_unicode_ci ROW_FORMAT=DYNAMIC COMMENT='Stores Data Source Profiles';
/*!40101 SET character_set_client = @saved_cs_client */;

--
-- Dumping data for table `data_source_profiles`
--

LOCK TABLES `data_source_profiles` WRITE;
/*!40000 ALTER TABLE `data_source_profiles` DISABLE KEYS */;
INSERT INTO `data_source_profiles` VALUES (1,'d62c52891f4f9688729a5bc9fad91b18','5 Minute Collection',300,600,0.5,''),(2,'c0dd0e46b9ca268e7ed4162d329f9215','30 Second Collection',30,1200,0.5,''),(3,'66d35da8f75c912ede3dbe901fedcae0','1 Minute Collection',60,600,0.5,''),(4,'337c28a99f4516993ba29ce5d8bfdb0d','1.5Years',300,600,0.5,'on');
/*!40000 ALTER TABLE `data_source_profiles` ENABLE KEYS */;
UNLOCK TABLES;

--
-- Table structure for table `data_source_profiles_cf`
--

DROP TABLE IF EXISTS `data_source_profiles_cf`;
/*!40101 SET @saved_cs_client     = @@character_set_client */;
/*!40101 SET character_set_client = utf8 */;
CREATE TABLE `data_source_profiles_cf` (
  `data_source_profile_id` mediumint(8) unsigned NOT NULL DEFAULT 0,
  `consolidation_function_id` smallint(5) unsigned NOT NULL DEFAULT 0,
  PRIMARY KEY (`data_source_profile_id`,`consolidation_function_id`),
  KEY `data_source_profile_id` (`data_source_profile_id`)
) ENGINE=InnoDB DEFAULT CHARSET=utf8mb4 COLLATE=utf8mb4_unicode_ci ROW_FORMAT=DYNAMIC COMMENT='Maps the Data Source Profile Consolidation Functions';
/*!40101 SET character_set_client = @saved_cs_client */;

--
-- Dumping data for table `data_source_profiles_cf`
--

LOCK TABLES `data_source_profiles_cf` WRITE;
/*!40000 ALTER TABLE `data_source_profiles_cf` DISABLE KEYS */;
INSERT INTO `data_source_profiles_cf` VALUES (1,1),(1,2),(1,3),(1,4),(2,1),(2,2),(2,3),(2,4),(3,1),(3,2),(3,3),(3,4),(4,1),(4,2),(4,3),(4,4);
/*!40000 ALTER TABLE `data_source_profiles_cf` ENABLE KEYS */;
UNLOCK TABLES;

--
-- Table structure for table `data_source_profiles_rra`
--

DROP TABLE IF EXISTS `data_source_profiles_rra`;
/*!40101 SET @saved_cs_client     = @@character_set_client */;
/*!40101 SET character_set_client = utf8 */;
CREATE TABLE `data_source_profiles_rra` (
  `id` mediumint(8) unsigned NOT NULL AUTO_INCREMENT,
  `data_source_profile_id` mediumint(8) unsigned NOT NULL DEFAULT 0,
  `name` varchar(255) COLLATE utf8mb4_unicode_ci NOT NULL DEFAULT '',
  `steps` int(10) unsigned DEFAULT 1,
  `rows` int(10) unsigned NOT NULL DEFAULT 700,
  `timespan` int(10) unsigned NOT NULL DEFAULT 0,
  PRIMARY KEY (`id`),
  KEY `data_source_profile_id` (`data_source_profile_id`)
) ENGINE=InnoDB AUTO_INCREMENT=17 DEFAULT CHARSET=utf8mb4 COLLATE=utf8mb4_unicode_ci ROW_FORMAT=DYNAMIC COMMENT='Stores RRA Definitions for Data Source Profiles';
/*!40101 SET character_set_client = @saved_cs_client */;

--
-- Dumping data for table `data_source_profiles_rra`
--

LOCK TABLES `data_source_profiles_rra` WRITE;
/*!40000 ALTER TABLE `data_source_profiles_rra` DISABLE KEYS */;
INSERT INTO `data_source_profiles_rra` VALUES (1,1,'Daily (5 Minute Average)',1,600,86400),(2,1,'Weekly (30 Minute Average)',6,700,604800),(3,1,'Monthly (2 Hour Average)',24,775,2618784),(4,1,'Yearly (1 Day Average)',288,797,31536000),(5,2,'Daily (30 Second Average)',1,1500,86400),(6,2,'Weekly (15 Minute Average)',30,1346,604800),(7,2,'Monthly (1 Hour Average)',120,1445,2618784),(8,2,'Yearly (4 Hour Average)',480,4380,31536000),(9,3,'Daily (1 Minute Average)',1,2900,86400),(10,3,'Weekly (15 Minute Average)',15,1400,604800),(11,3,'Monthly (1 Hour Average)',60,1465,2618784),(12,3,'Yearly (4 Hour Average)',240,4380,31536000),(13,4,'Daily',1,105128,86400),(14,4,'Weekly',6,26280,604800),(15,4,'Monthly',24,6570,2618784),(16,4,'Yearly',288,547,31536000);
/*!40000 ALTER TABLE `data_source_profiles_rra` ENABLE KEYS */;
UNLOCK TABLES;

--
-- Table structure for table `data_source_purge_action`
--

DROP TABLE IF EXISTS `data_source_purge_action`;
/*!40101 SET @saved_cs_client     = @@character_set_client */;
/*!40101 SET character_set_client = utf8 */;
CREATE TABLE `data_source_purge_action` (
  `id` int(10) unsigned NOT NULL AUTO_INCREMENT,
  `name` varchar(128) COLLATE utf8mb4_unicode_ci NOT NULL DEFAULT '',
  `local_data_id` mediumint(8) unsigned NOT NULL DEFAULT 0,
  `action` tinyint(2) NOT NULL DEFAULT 0,
  PRIMARY KEY (`id`),
  UNIQUE KEY `name` (`name`)
) ENGINE=InnoDB DEFAULT CHARSET=utf8mb4 COLLATE=utf8mb4_unicode_ci COMMENT='RRD Cleaner File Actions';
/*!40101 SET character_set_client = @saved_cs_client */;

--
-- Dumping data for table `data_source_purge_action`
--

LOCK TABLES `data_source_purge_action` WRITE;
/*!40000 ALTER TABLE `data_source_purge_action` DISABLE KEYS */;
/*!40000 ALTER TABLE `data_source_purge_action` ENABLE KEYS */;
UNLOCK TABLES;

--
-- Table structure for table `data_source_purge_temp`
--

DROP TABLE IF EXISTS `data_source_purge_temp`;
/*!40101 SET @saved_cs_client     = @@character_set_client */;
/*!40101 SET character_set_client = utf8 */;
CREATE TABLE `data_source_purge_temp` (
  `id` int(10) unsigned NOT NULL AUTO_INCREMENT,
  `name_cache` varchar(255) COLLATE utf8mb4_unicode_ci NOT NULL DEFAULT '',
  `local_data_id` mediumint(8) unsigned NOT NULL DEFAULT 0,
  `name` varchar(128) COLLATE utf8mb4_unicode_ci NOT NULL DEFAULT '',
  `size` int(10) unsigned NOT NULL DEFAULT 0,
  `last_mod` timestamp NOT NULL DEFAULT '0000-00-00 00:00:00',
  `in_cacti` tinyint(4) NOT NULL DEFAULT 0,
  `data_template_id` mediumint(8) unsigned NOT NULL DEFAULT 0,
  PRIMARY KEY (`id`),
  UNIQUE KEY `name` (`name`),
  KEY `local_data_id` (`local_data_id`),
  KEY `in_cacti` (`in_cacti`),
  KEY `data_template_id` (`data_template_id`)
) ENGINE=InnoDB DEFAULT CHARSET=utf8mb4 COLLATE=utf8mb4_unicode_ci COMMENT='RRD Cleaner File Repository';
/*!40101 SET character_set_client = @saved_cs_client */;

--
-- Dumping data for table `data_source_purge_temp`
--

LOCK TABLES `data_source_purge_temp` WRITE;
/*!40000 ALTER TABLE `data_source_purge_temp` DISABLE KEYS */;
/*!40000 ALTER TABLE `data_source_purge_temp` ENABLE KEYS */;
UNLOCK TABLES;

--
-- Table structure for table `data_source_stats_daily`
--

DROP TABLE IF EXISTS `data_source_stats_daily`;
/*!40101 SET @saved_cs_client     = @@character_set_client */;
/*!40101 SET character_set_client = utf8 */;
CREATE TABLE `data_source_stats_daily` (
  `local_data_id` mediumint(8) unsigned NOT NULL,
  `rrd_name` varchar(19) COLLATE utf8mb4_unicode_ci NOT NULL,
  `average` double DEFAULT NULL,
  `peak` double DEFAULT NULL,
  PRIMARY KEY (`local_data_id`,`rrd_name`)
) ENGINE=InnoDB DEFAULT CHARSET=utf8mb4 COLLATE=utf8mb4_unicode_ci ROW_FORMAT=DYNAMIC;
/*!40101 SET character_set_client = @saved_cs_client */;

--
-- Dumping data for table `data_source_stats_daily`
--

LOCK TABLES `data_source_stats_daily` WRITE;
/*!40000 ALTER TABLE `data_source_stats_daily` DISABLE KEYS */;
/*!40000 ALTER TABLE `data_source_stats_daily` ENABLE KEYS */;
UNLOCK TABLES;

--
-- Table structure for table `data_source_stats_hourly`
--

DROP TABLE IF EXISTS `data_source_stats_hourly`;
/*!40101 SET @saved_cs_client     = @@character_set_client */;
/*!40101 SET character_set_client = utf8 */;
CREATE TABLE `data_source_stats_hourly` (
  `local_data_id` mediumint(8) unsigned NOT NULL,
  `rrd_name` varchar(19) COLLATE utf8mb4_unicode_ci NOT NULL,
  `average` double DEFAULT NULL,
  `peak` double DEFAULT NULL,
  PRIMARY KEY (`local_data_id`,`rrd_name`)
) ENGINE=InnoDB DEFAULT CHARSET=utf8mb4 COLLATE=utf8mb4_unicode_ci ROW_FORMAT=DYNAMIC;
/*!40101 SET character_set_client = @saved_cs_client */;

--
-- Dumping data for table `data_source_stats_hourly`
--

LOCK TABLES `data_source_stats_hourly` WRITE;
/*!40000 ALTER TABLE `data_source_stats_hourly` DISABLE KEYS */;
/*!40000 ALTER TABLE `data_source_stats_hourly` ENABLE KEYS */;
UNLOCK TABLES;

--
-- Table structure for table `data_source_stats_hourly_cache`
--

DROP TABLE IF EXISTS `data_source_stats_hourly_cache`;
/*!40101 SET @saved_cs_client     = @@character_set_client */;
/*!40101 SET character_set_client = utf8 */;
CREATE TABLE `data_source_stats_hourly_cache` (
  `local_data_id` mediumint(8) unsigned NOT NULL,
  `rrd_name` varchar(19) COLLATE utf8mb4_unicode_ci NOT NULL,
  `time` timestamp NOT NULL DEFAULT '0000-00-00 00:00:00',
  `value` double DEFAULT NULL,
  PRIMARY KEY (`local_data_id`,`time`,`rrd_name`),
  KEY `time` (`time`) USING BTREE
) ENGINE=MEMORY DEFAULT CHARSET=utf8mb4 COLLATE=utf8mb4_unicode_ci;
/*!40101 SET character_set_client = @saved_cs_client */;

--
-- Dumping data for table `data_source_stats_hourly_cache`
--

LOCK TABLES `data_source_stats_hourly_cache` WRITE;
/*!40000 ALTER TABLE `data_source_stats_hourly_cache` DISABLE KEYS */;
/*!40000 ALTER TABLE `data_source_stats_hourly_cache` ENABLE KEYS */;
UNLOCK TABLES;

--
-- Table structure for table `data_source_stats_hourly_last`
--

DROP TABLE IF EXISTS `data_source_stats_hourly_last`;
/*!40101 SET @saved_cs_client     = @@character_set_client */;
/*!40101 SET character_set_client = utf8 */;
CREATE TABLE `data_source_stats_hourly_last` (
  `local_data_id` mediumint(8) unsigned NOT NULL,
  `rrd_name` varchar(19) COLLATE utf8mb4_unicode_ci NOT NULL,
  `value` double DEFAULT NULL,
  `calculated` double DEFAULT NULL,
  PRIMARY KEY (`local_data_id`,`rrd_name`)
) ENGINE=MEMORY DEFAULT CHARSET=utf8mb4 COLLATE=utf8mb4_unicode_ci;
/*!40101 SET character_set_client = @saved_cs_client */;

--
-- Dumping data for table `data_source_stats_hourly_last`
--

LOCK TABLES `data_source_stats_hourly_last` WRITE;
/*!40000 ALTER TABLE `data_source_stats_hourly_last` DISABLE KEYS */;
/*!40000 ALTER TABLE `data_source_stats_hourly_last` ENABLE KEYS */;
UNLOCK TABLES;

--
-- Table structure for table `data_source_stats_monthly`
--

DROP TABLE IF EXISTS `data_source_stats_monthly`;
/*!40101 SET @saved_cs_client     = @@character_set_client */;
/*!40101 SET character_set_client = utf8 */;
CREATE TABLE `data_source_stats_monthly` (
  `local_data_id` mediumint(8) unsigned NOT NULL,
  `rrd_name` varchar(19) COLLATE utf8mb4_unicode_ci NOT NULL,
  `average` double DEFAULT NULL,
  `peak` double DEFAULT NULL,
  PRIMARY KEY (`local_data_id`,`rrd_name`)
) ENGINE=InnoDB DEFAULT CHARSET=utf8mb4 COLLATE=utf8mb4_unicode_ci ROW_FORMAT=DYNAMIC;
/*!40101 SET character_set_client = @saved_cs_client */;

--
-- Dumping data for table `data_source_stats_monthly`
--

LOCK TABLES `data_source_stats_monthly` WRITE;
/*!40000 ALTER TABLE `data_source_stats_monthly` DISABLE KEYS */;
/*!40000 ALTER TABLE `data_source_stats_monthly` ENABLE KEYS */;
UNLOCK TABLES;

--
-- Table structure for table `data_source_stats_weekly`
--

DROP TABLE IF EXISTS `data_source_stats_weekly`;
/*!40101 SET @saved_cs_client     = @@character_set_client */;
/*!40101 SET character_set_client = utf8 */;
CREATE TABLE `data_source_stats_weekly` (
  `local_data_id` mediumint(8) unsigned NOT NULL,
  `rrd_name` varchar(19) COLLATE utf8mb4_unicode_ci NOT NULL,
  `average` double DEFAULT NULL,
  `peak` double DEFAULT NULL,
  PRIMARY KEY (`local_data_id`,`rrd_name`)
) ENGINE=InnoDB DEFAULT CHARSET=utf8mb4 COLLATE=utf8mb4_unicode_ci ROW_FORMAT=DYNAMIC;
/*!40101 SET character_set_client = @saved_cs_client */;

--
-- Dumping data for table `data_source_stats_weekly`
--

LOCK TABLES `data_source_stats_weekly` WRITE;
/*!40000 ALTER TABLE `data_source_stats_weekly` DISABLE KEYS */;
/*!40000 ALTER TABLE `data_source_stats_weekly` ENABLE KEYS */;
UNLOCK TABLES;

--
-- Table structure for table `data_source_stats_yearly`
--

DROP TABLE IF EXISTS `data_source_stats_yearly`;
/*!40101 SET @saved_cs_client     = @@character_set_client */;
/*!40101 SET character_set_client = utf8 */;
CREATE TABLE `data_source_stats_yearly` (
  `local_data_id` mediumint(8) unsigned NOT NULL,
  `rrd_name` varchar(19) COLLATE utf8mb4_unicode_ci NOT NULL,
  `average` double DEFAULT NULL,
  `peak` double DEFAULT NULL,
  PRIMARY KEY (`local_data_id`,`rrd_name`)
) ENGINE=InnoDB DEFAULT CHARSET=utf8mb4 COLLATE=utf8mb4_unicode_ci ROW_FORMAT=DYNAMIC;
/*!40101 SET character_set_client = @saved_cs_client */;

--
-- Dumping data for table `data_source_stats_yearly`
--

LOCK TABLES `data_source_stats_yearly` WRITE;
/*!40000 ALTER TABLE `data_source_stats_yearly` DISABLE KEYS */;
/*!40000 ALTER TABLE `data_source_stats_yearly` ENABLE KEYS */;
UNLOCK TABLES;

--
-- Table structure for table `data_template`
--

DROP TABLE IF EXISTS `data_template`;
/*!40101 SET @saved_cs_client     = @@character_set_client */;
/*!40101 SET character_set_client = utf8 */;
CREATE TABLE `data_template` (
  `id` mediumint(8) unsigned NOT NULL AUTO_INCREMENT,
  `hash` varchar(32) COLLATE utf8mb4_unicode_ci NOT NULL DEFAULT '',
  `name` varchar(150) COLLATE utf8mb4_unicode_ci NOT NULL DEFAULT '',
  PRIMARY KEY (`id`),
  KEY `name` (`name`)
) ENGINE=InnoDB AUTO_INCREMENT=62 DEFAULT CHARSET=utf8mb4 COLLATE=utf8mb4_unicode_ci ROW_FORMAT=DYNAMIC;
/*!40101 SET character_set_client = @saved_cs_client */;

--
-- Dumping data for table `data_template`
--

LOCK TABLES `data_template` WRITE;
/*!40000 ALTER TABLE `data_template` DISABLE KEYS */;
INSERT INTO `data_template` VALUES (1,'e6b434046f851853292fac0b514c7947','Cacti Stats - Main Poller'),(2,'7980e9b1409539abf815725d7c6728ba','Cacti Stats - Boost'),(3,'69a71738d7425cc911fba8d7b6df302a','Cacti Stats - Total Poller Items'),(4,'6912381baf16d9fb524ebbdaffe0dae8','Cacti Stats - Recache (Legacy)'),(5,'0eddb382f3710ee3d1de28734ad2519c','Cacti Stats - Boost Memory'),(6,'8b5a5d7963ff703ac57275b3bca99aa5','Cacti Stats - User Stats'),(7,'bc1bbeab6ee28a5ba3e82834eab10277','Cacti Stats - Export Graphs (Legacy)'),(8,'2d59c2529f7da926447ce23c1bd7ac03','Cacti Stats - Export Duration (Legacy)'),(9,'ebb39b5767589493cacc2499b3749903','Cacti Stats - Syslog Activity'),(10,'e82c29e393bf507d2008f0e38dda3207','Cacti Stats - Syslog Runtime'),(11,'1a16ad2e6d8906c291cca30e65d639bb','Cacti Stats - Syslog Alerts/Reports'),(12,'789c0125513a2b036be3458b6962987f','Cacti Stats - Thold Runtime'),(13,'ba53784d505b9291ce669e931db1636a','Cacti Stats - Boost Average Row Size'),(14,'a709292afadb954d707e64aaae058d5c','Cacti Stats - Boost Records'),(15,'e4ee5be8ff17271aaee5021aea04fee1','Cacti Stats - Boost Table Size'),(16,'e200f1a5a3f1fcee859695c2fedb8abf','Cacti Stats - Boost Timing Detail'),(17,'b9b5bb0e16eed9ac05f321a2098cd865','Cacti Stats - Collector Time'),(18,'19c06196312997b1d630fb9dba10513b','Cacti Stats - Collector Items'),(19,'688d0ddfe876aafb261fa91bf6a66d7b','Cacti Stats - Collector Settings'),(20,'a44346d1525119a7d28c71503fd30ae2','Cacti Stats - Collector Recache Stats'),(21,'6d056e47e81b729d10854dd66e65ea2b','Cacti Stats - WebSeer Timing'),(22,'b3baa48be94a6e80831748f3e8e988bf','Cacti Stats - WebSeer Download Size'),(23,'452d871bae40fc3efce0a0f8ccf7d525','Cacti Stats - WebSeer Download Speed'),(24,'3a36e0538c6b25b30ebb6deda6dc9965','Cacti Stats - WebSeer Status'),(25,'10150b44b528614c46fe0a244c9d1fe4','Cacti Stats - Export Graphs'),(26,'7fc923d81fd11083628731e271c3fa6a','Cacti Stats - Export Duration'),(27,'e9def3a0e409f517cb804dfeba4ccd90','Cisco Router - 5 Minute CPU'),(28,'d9231d03b0a160ba8f3ec82a43c503e9','Device - Polling Time'),(29,'bb5b2aad7fd40afa8e35f62567d5c9c9','Device - Uptime'),(30,'6632e1e0b58a565c135d7ff90440c335','Interface - Traffic'),(31,'36335cd98633963a575b70639cd2fdad','Interface - Errors/Discards'),(32,'2f654f7d69ac71a5d56b1db8543ccad3','Interface - Unicast Packets'),(33,'c84e511401a747409053c90ba910d0fe','Interface - Non-Unicast Packets'),(34,'a30a81cb1de65b52b7da542c8df3f188','Unix - Ping Host'),(35,'d429e4a6019c91e6e84562593c1968ca','SNMP - Generic OID Template'),(36,'9b8c92d3c32703900ff7dd653bfc9cd8','Unix - Processes'),(37,'9e72511e127de200733eb502eb818e1d','Unix - Load Average'),(38,'c221c2164c585b6da378013a7a6a2c13','Unix - Logged in Users'),(39,'dc33aa9a8e71fb7c61ec0e7a6da074aa','Linux - Memory - Free'),(40,'41f55087d067142d702dd3c73c98f020','Linux - Memory - Free Swap'),(41,'e4ac6919d4f6f21ec5b281a1d6ac4d4e','Unix - Hard Drive Space'),(42,'9b82d44eb563027659683765f92c9757','Net-SNMP - Load Average - 1 Minute'),(43,'87847714d19f405ff3c74f3341b3f940','Net-SNMP - Load Average - 5 Minute'),(44,'308ac157f24e2763f8cd828a80b3e5ff','Net-SNMP - Load Average - 15 Minute'),(45,'797a3e92b0039841b52e441a2823a6fb','Net-SNMP - Memory - Buffers'),(46,'fa15932d3cab0da2ab94c69b1a9f5ca7','Net-SNMP - Memory - Free'),(47,'a274deec1f78654dca6c446ba75ebca4','Net-SNMP - Memory - Cache'),(48,'728f3b41490e37c1697b6567fb661571','Net-SNMP - Memory - Total'),(49,'2ef027cc76d75720ee5f7a528f0f1fda','Host MIB - Logged in Users'),(50,'f383db441d1c246cff8482f15e184e5f','Host MIB - Processes'),(51,'a62bcd64c0904d1e239a129f6e3d7edf','Net-SNMP - CPU - System'),(52,'95946b5f47886771421a40dcc2d6d13c','Net-SNMP - CPU - User'),(53,'565b2c6597b96995ecc93083e625d6bf','Net-SNMP - CPU - Idle'),(54,'5cd3c67ceec2e04bd4f9173b79ddbc3c','Net-SNMP - Interrupts'),(55,'430e64b44e8c906747d00d8390011cc2','Net-SNMP - Context Switches'),(56,'f459faf705e1dfa06a609d390e87d265','Net-SNMP - Combined SCSI Disk I/O'),(57,'4b809fe1bacb0f92c5cdc6d1346ed251','Net-SNMP - Combined SCSI Disk Bytes'),(58,'c8a8f50f5f4a465368222594c5709ede','Net-SNMP - Hard Drive Space'),(59,'d814fa3b79bd0f8933b6e0834d3f16d0','Host MIB - Hard Drive Space'),(60,'f6e7d21c19434666bbdac00ccef9932f','Host MIB - CPU Utilization'),(61,'520349abb0429ae09302de76d090204b','Net-SNMP - Device I/O');
/*!40000 ALTER TABLE `data_template` ENABLE KEYS */;
UNLOCK TABLES;

--
-- Table structure for table `data_template_data`
--

DROP TABLE IF EXISTS `data_template_data`;
/*!40101 SET @saved_cs_client     = @@character_set_client */;
/*!40101 SET character_set_client = utf8 */;
CREATE TABLE `data_template_data` (
  `id` mediumint(8) unsigned NOT NULL AUTO_INCREMENT,
  `local_data_template_data_id` mediumint(8) unsigned NOT NULL DEFAULT 0,
  `local_data_id` mediumint(8) unsigned NOT NULL DEFAULT 0,
  `data_template_id` mediumint(8) unsigned NOT NULL DEFAULT 0,
  `data_input_id` mediumint(8) unsigned NOT NULL DEFAULT 0,
  `t_name` char(2) COLLATE utf8mb4_unicode_ci DEFAULT NULL,
  `name` varchar(250) COLLATE utf8mb4_unicode_ci NOT NULL DEFAULT '',
  `name_cache` varchar(255) COLLATE utf8mb4_unicode_ci NOT NULL DEFAULT '',
  `data_source_path` varchar(255) COLLATE utf8mb4_unicode_ci DEFAULT '',
  `t_active` char(2) COLLATE utf8mb4_unicode_ci DEFAULT '',
  `active` char(2) COLLATE utf8mb4_unicode_ci DEFAULT NULL,
  `t_rrd_step` char(2) COLLATE utf8mb4_unicode_ci DEFAULT '',
  `rrd_step` mediumint(8) unsigned NOT NULL DEFAULT 0,
  `t_data_source_profile_id` char(2) COLLATE utf8mb4_unicode_ci DEFAULT '',
  `data_source_profile_id` mediumint(8) unsigned NOT NULL DEFAULT 1,
  PRIMARY KEY (`id`),
  KEY `local_data_id` (`local_data_id`),
  KEY `data_template_id` (`data_template_id`),
  KEY `data_input_id` (`data_input_id`),
  KEY `name_cache` (`name_cache`(191))
) ENGINE=InnoDB AUTO_INCREMENT=317 DEFAULT CHARSET=utf8mb4 COLLATE=utf8mb4_unicode_ci ROW_FORMAT=DYNAMIC;
/*!40101 SET character_set_client = @saved_cs_client */;

--
-- Dumping data for table `data_template_data`
--

LOCK TABLES `data_template_data` WRITE;
/*!40000 ALTER TABLE `data_template_data` DISABLE KEYS */;
INSERT INTO `data_template_data` VALUES (1,0,0,1,13,'','Cacti Stats - Main Poller','','','','on','',300,'',4),(2,0,0,2,14,'','Cacti Stats - Boost','','','','on','',300,'',4),(3,0,0,3,15,'','Cacti Stats - Total Poller Items','','','','on','',300,'',4),(4,0,0,4,16,'','Cacti Stats - Recache (Legacy)','','','','on','',300,'',4),(5,0,0,5,17,'','Cacti Stats - Boost Memory','','','','on','',300,'',4),(6,0,0,6,18,'','Cacti Stats - User Stats','','','','on','',300,'',4),(7,0,0,7,19,'','Cacti Stats - Export Graphs (Legacy)','','','','on','',300,'',4),(8,0,0,8,20,'','Cacti Stats - Export Duration (Legacy)','','','','on','',300,'',4),(9,0,0,9,21,'','Cacti Stats - Syslog Activity','','','','on','',300,'',4),(10,0,0,10,22,'','Cacti Stats - Syslog Runtime','','','','on','',300,'',4),(11,0,0,11,21,'','Cacti Stats - Sylog Alerts/Reports','','','','on','',300,'',4),(12,0,0,12,23,'','Cacti Stats - Thold Runtime','','','','on','',300,'',4),(13,0,0,13,24,'','Cacti Stats - Boost Average Row Size','','','','on','',300,'',4),(14,0,0,14,25,'','Cacti Stats - Boost Records','','','','on','',300,'',4),(15,0,0,15,26,'','Cacti Stats - Boost Table Size','','','','on','',300,'',4),(16,0,0,16,27,'','Cacti Stats - Boost Timing Detail','','','','on','',300,'',4),(17,0,0,17,12,'','|query_pollerName| - Collector Time','','','','on','',300,'',4),(18,0,0,18,12,'','|query_pollerName| - Collector Items','','','','on','',300,'',4),(19,0,0,19,12,'','|query_pollerName| - Collector Setings','','','','on','',300,'',4),(20,0,0,20,12,'','Cacti Stats - |query_pollerName| - Collector Recache Stats','','','','on','',300,'',4),(21,0,0,21,12,'','WebSeer - |query_webseerName| - Timing','','','','on','',300,'',4),(22,0,0,22,12,'','WebSeer - |query_webseerName| - Download Size','','','','on','',300,'',4),(23,0,0,23,12,'','WebSeer - |query_webseerName| - Download Speed','','','','on','',300,'',4),(24,0,0,24,12,'','WebSeer - |query_webseerName| - Status','','','','on','',300,'',4),(25,0,0,25,12,'','|query_exportName| - Exported Graphs','','','','on','',300,'',4),(26,0,0,26,12,'','|query_exportName| - Export Duration','','','','on','',300,'',4),(27,0,0,27,1,'','|host_description| - 5 Minute CPU','','','','on','',300,'',4),(28,0,0,28,28,'','|host_description| - Polling Time','','','','on','',300,'',4),(29,0,0,29,29,'','|host_description| - Uptime','','','','on','',300,'',4),(30,0,0,30,2,'on','|host_description| - Traffic','','','','on','',300,'',4),(31,0,0,31,2,'on','|host_description| - Errors/Discards','','','','on','',300,'',4),(32,0,0,32,2,'on','|host_description| - Unicast Packets','','','','on','',300,'',4),(33,0,0,33,2,'on','|host_description| - Non-Unicast Packets','','','','on','',300,'',4),(34,0,0,34,10,'','|host_description| - Ping Host','','','','on','',300,'',4),(35,0,0,35,1,'on','|host_description| -','','','','on','',300,'',4),(36,0,0,36,7,'','|host_description| - Processes','','','','on','',300,'on',4),(37,0,0,37,4,'','|host_description| - Load Average','','','','on','',300,'',4),(38,0,0,38,5,'','|host_description| - Logged in Users','','','','on','',300,'',4),(39,0,0,39,6,'','|host_description| - Memory - Free','','','','on','',300,'',4),(40,0,0,40,6,'','|host_description| - Memory - Free Swap','','','','on','',300,'',4),(41,0,0,41,11,'on','|host_description| - Hard Drive Space','','','','on','',300,'',4),(42,0,0,42,1,'','|host_description| - Load Average - 1 Minute','','','','on','',300,'',4),(43,0,0,43,1,'','|host_description| - Load Average - 5 Minute','','','','on','',300,'',4),(44,0,0,44,1,'','|host_description| - Load Average - 15 Minute','','','','on','',300,'',4),(45,0,0,45,1,'','|host_description| - Memory - Buffers','','','','on','',300,'',4),(46,0,0,46,1,'','|host_description| - Memory - Free','','','','on','',300,'',4),(47,0,0,47,1,'','|host_description| - Memory - Cache','','','','on','',300,'',4),(48,0,0,48,1,'','|host_description| - Memory - Total','','','','on','',300,'',4),(49,0,0,49,1,'','|host_description| - Logged in Users','','','','on','',300,'',4),(50,0,0,50,1,'','|host_description| - Processes','','','','on','',300,'',4),(51,0,0,51,1,'','|host_description| - CPU - System','','','','on','',300,'',4),(52,0,0,52,1,'','|host_description| - CPU - User','','','','on','',300,'',4),(53,0,0,53,1,'','|host_description| - CPU - Idle','','','','on','',300,'',4),(54,0,0,54,1,'','|host_description| - Interrupts','','','','on','',300,'',4),(55,0,0,55,1,'','|host_description| - Context Switches','','','','on','',300,'',4),(56,0,0,56,30,'','|host_description| - Combined SCSI Disk I/O','','','','on','',300,'',4),(57,0,0,57,31,'','|host_description| - Combined SCSI Disk Bytes','','','','on','',300,'',4),(58,0,0,58,2,'on','|host_description| - Hard Drive Space','','','','on','',300,'',4),(59,0,0,59,12,'','|host_description| - Hard Drive Space','','','','on','',300,'',4),(60,0,0,60,12,'','|host_description| - CPU Utilization','','','','on','',300,'on',4),(61,0,0,61,2,'','|host_description| - Device I/O -|query_diskIODevice|','','','','on','',300,'',4),(62,36,1,36,7,NULL,'|host_description| - Processes','Local Linux Machine - Processes','<path_rra>/local_linux_machine_proc_1.rrd','','on','',300,'',4),(63,37,2,37,4,NULL,'|host_description| - Load Average','Local Linux Machine - Load Average','<path_rra>/local_linux_machine_load_1min_2.rrd','','on','',300,'',4),(64,38,3,38,5,NULL,'|host_description| - Logged in Users','Local Linux Machine - Logged in Users','<path_rra>/local_linux_machine_users_3.rrd','','on','',300,'',4),(65,39,4,39,6,NULL,'|host_description| - Memory - Free','Local Linux Machine - Memory - Free','<path_rra>/local_linux_machine_mem_buffers_4.rrd','','on','',300,'',4),(66,40,5,40,6,NULL,'|host_description| - Memory - Free Swap','Local Linux Machine - Memory - Free Swap','<path_rra>/local_linux_machine_mem_swap_5.rrd','','on','',300,'',4),(71,28,10,28,28,NULL,'|host_description| - Polling Time','VMwinserv11 - Polling Time','<path_rra>/vmwinserv11_polling_time_10.rrd','','on','',300,'',4),(72,29,11,29,29,NULL,'|host_description| - Uptime','VMwinserv11 - Uptime','<path_rra>/vmwinserv11_uptime_11.rrd','','on','',300,'',4),(73,49,12,49,1,NULL,'|host_description| - Logged in Users','VMwinserv11 - Logged in Users','<path_rra>/vmwinserv11_users_12.rrd','','on','',300,'',4),(74,50,13,50,1,NULL,'|host_description| - Processes','VMwinserv11 - Processes','<path_rra>/vmwinserv11_proc_13.rrd','','on','',300,'',4),(75,59,14,59,12,NULL,'|host_description| - Used Space - |query_hrStorageDescr|','VMwinserv11 - Used Space - C: Label:  Serial Number 5c53e558','<path_rra>/vmwinserv11_hdd_used_14.rrd','','on','',300,'',4),(76,59,15,59,12,NULL,'|host_description| - Used Space - |query_hrStorageDescr|','VMwinserv11 - Used Space - E:','<path_rra>/vmwinserv11_hdd_used_15.rrd','','on','',300,'',4),(77,59,16,59,12,NULL,'|host_description| - Used Space - |query_hrStorageDescr|','VMwinserv11 - Used Space - F: Label:{[  Serial Number 2c15daee','<path_rra>/vmwinserv11_hdd_used_16.rrd','','on','',300,'',4),(78,59,17,59,12,NULL,'|host_description| - Used Space - |query_hrStorageDescr|','VMwinserv11 - Used Space - Virtual Memory','<path_rra>/vmwinserv11_hdd_used_17.rrd','','on','',300,'',4),(79,59,18,59,12,NULL,'|host_description| - Used Space - |query_hrStorageDescr|','VMwinserv11 - Used Space - Physical Memory','<path_rra>/vmwinserv11_hdd_used_18.rrd','','on','',300,'',4),(80,60,19,60,12,NULL,'|host_description| - CPU Utilization - CPU|query_hrProcessorFrwID|','VMwinserv11 - CPU Utilization - CPU0','<path_rra>/vmwinserv11_cpu_19.rrd','','on','',300,'',4),(81,60,20,60,12,NULL,'|host_description| - CPU Utilization - CPU|query_hrProcessorFrwID|','VMwinserv11 - CPU Utilization - CPU1','<path_rra>/vmwinserv11_cpu_20.rrd','','on','',300,'',4),(82,60,21,60,12,NULL,'|host_description| - CPU Utilization - CPU|query_hrProcessorFrwID|','VMwinserv11 - CPU Utilization - CPU2','<path_rra>/vmwinserv11_cpu_21.rrd','','on','',300,'',4),(83,60,22,60,12,NULL,'|host_description| - CPU Utilization - CPU|query_hrProcessorFrwID|','VMwinserv11 - CPU Utilization - CPU3','<path_rra>/vmwinserv11_cpu_22.rrd','','on','',300,'',4),(84,60,23,60,12,NULL,'|host_description| - CPU Utilization - CPU|query_hrProcessorFrwID|','VMwinserv11 - CPU Utilization - CPUTotal','<path_rra>/vmwinserv11_cpu_23.rrd','','on','',300,'',4),(85,28,24,28,28,NULL,'|host_description| - Polling Time','VMnetserv01 - Polling Time','<path_rra>/vmnetserv01_polling_time_24.rrd','','on','',300,'',4),(86,29,25,29,29,NULL,'|host_description| - Uptime','VMnetserv01 - Uptime','<path_rra>/vmnetserv01_uptime_25.rrd','','on','',300,'',4),(87,42,26,42,1,NULL,'|host_description| - Load Average - 1 Minute','VMnetserv01 - Load Average - 1 Minute','<path_rra>/vmnetserv01_load_1min_26.rrd','','on','',300,'',4),(88,44,27,44,1,NULL,'|host_description| - Load Average - 15 Minute','VMnetserv01 - Load Average - 15 Minute','<path_rra>/vmnetserv01_load_15min_27.rrd','','on','',300,'',4),(89,43,28,43,1,NULL,'|host_description| - Load Average - 5 Minute','VMnetserv01 - Load Average - 5 Minute','<path_rra>/vmnetserv01_load_5min_28.rrd','','on','',300,'',4),(90,45,29,45,1,NULL,'|host_description| - Memory - Buffers','VMnetserv01 - Memory - Buffers','<path_rra>/vmnetserv01_mem_buffers_29.rrd','','on','',300,'',4),(91,47,30,47,1,NULL,'|host_description| - Memory - Cache','VMnetserv01 - Memory - Cache','<path_rra>/vmnetserv01_mem_cache_30.rrd','','on','',300,'',4),(92,46,31,46,1,NULL,'|host_description| - Memory - Free','VMnetserv01 - Memory - Free','<path_rra>/vmnetserv01_mem_free_31.rrd','','on','',300,'',4),(93,48,32,48,1,NULL,'|host_description| - Memory - Total','VMnetserv01 - Memory - Total','<path_rra>/vmnetserv01_mem_total_32.rrd','','on','',300,'',4),(94,49,33,49,1,NULL,'|host_description| - Logged in Users','VMnetserv01 - Logged in Users','<path_rra>/vmnetserv01_users_33.rrd','','on','',300,'',4),(95,50,34,50,1,NULL,'|host_description| - Processes','VMnetserv01 - Processes','<path_rra>/vmnetserv01_proc_34.rrd','','on','',300,'',4),(96,53,35,53,1,NULL,'|host_description| - CPU - Idle','VMnetserv01 - CPU - Idle','<path_rra>/vmnetserv01_sscpuidle_35.rrd','','on','',300,'',4),(97,51,36,51,1,NULL,'|host_description| - CPU - System','VMnetserv01 - CPU - System','<path_rra>/vmnetserv01_sscpusystem_36.rrd','','on','',300,'',4),(98,52,37,52,1,NULL,'|host_description| - CPU - User','VMnetserv01 - CPU - User','<path_rra>/vmnetserv01_sscpuuser_37.rrd','','on','',300,'',4),(99,54,38,54,1,NULL,'|host_description| - Interrupts','VMnetserv01 - Interrupts','<path_rra>/vmnetserv01_sssysinterrupts_38.rrd','','on','',300,'',4),(100,55,39,55,1,NULL,'|host_description| - Context Switches','VMnetserv01 - Context Switches','<path_rra>/vmnetserv01_sssyscontext_39.rrd','','on','',300,'',4),(101,56,40,56,30,NULL,'|host_description| - Combined SCSI Disk I/O','VMnetserv01 - Combined SCSI Disk I/O','<path_rra>/vmnetserv01_reads_40.rrd','','on','',300,'',4),(102,57,41,57,31,NULL,'|host_description| - Combined SCSI Disk Bytes','VMnetserv01 - Combined SCSI Disk Bytes','<path_rra>/vmnetserv01_bytesread_41.rrd','','on','',300,'',4),(103,61,42,61,2,NULL,'|host_description| - Device I/O -|query_diskIODevice|','VMnetserv01 - Device I/O -sda','<path_rra>/vmnetserv01_device_reads_42.rrd','','on','',300,'',4),(104,61,43,61,2,NULL,'|host_description| - Device I/O -|query_diskIODevice|','VMnetserv01 - Device I/O -sda1','<path_rra>/vmnetserv01_device_reads_43.rrd','','on','',300,'',4),(105,61,44,61,2,NULL,'|host_description| - Device I/O -|query_diskIODevice|','VMnetserv01 - Device I/O -sda2','<path_rra>/vmnetserv01_device_reads_44.rrd','','on','',300,'',4),(106,61,45,61,2,NULL,'|host_description| - Device I/O -|query_diskIODevice|','VMnetserv01 - Device I/O -sda3','<path_rra>/vmnetserv01_device_reads_45.rrd','','on','',300,'',4),(107,61,46,61,2,NULL,'|host_description| - Device I/O -|query_diskIODevice|','VMnetserv01 - Device I/O -sr0','<path_rra>/vmnetserv01_device_reads_46.rrd','','on','',300,'',4),(108,61,47,61,2,NULL,'|host_description| - Device I/O -|query_diskIODevice|','VMnetserv01 - Device I/O -dm-0','<path_rra>/vmnetserv01_device_reads_47.rrd','','on','',300,'',4),(109,61,48,61,2,NULL,'|host_description| - Device I/O -|query_diskIODevice|','VMnetserv01 - Device I/O -dm-1','<path_rra>/vmnetserv01_device_reads_48.rrd','','on','',300,'',4),(110,59,49,59,12,NULL,'|host_description| - Used Space - |query_hrStorageDescr|','VMnetserv01 - Used Space - Physical memory','<path_rra>/vmnetserv01_hdd_used_49.rrd','','on','',300,'',4),(111,59,50,59,12,NULL,'|host_description| - Used Space - |query_hrStorageDescr|','VMnetserv01 - Used Space - Virtual memory','<path_rra>/vmnetserv01_hdd_used_50.rrd','','on','',300,'',4),(112,59,51,59,12,NULL,'|host_description| - Used Space - |query_hrStorageDescr|','VMnetserv01 - Used Space - Memory buffers','<path_rra>/vmnetserv01_hdd_used_51.rrd','','on','',300,'',4),(113,59,52,59,12,NULL,'|host_description| - Used Space - |query_hrStorageDescr|','VMnetserv01 - Used Space - Cached memory','<path_rra>/vmnetserv01_hdd_used_52.rrd','','on','',300,'',4),(114,59,53,59,12,NULL,'|host_description| - Used Space - |query_hrStorageDescr|','VMnetserv01 - Used Space - Shared memory','<path_rra>/vmnetserv01_hdd_used_53.rrd','','on','',300,'',4),(115,59,54,59,12,NULL,'|host_description| - Used Space - |query_hrStorageDescr|','VMnetserv01 - Used Space - Swap space','<path_rra>/vmnetserv01_hdd_used_54.rrd','','on','',300,'',4),(119,59,58,59,12,NULL,'|host_description| - Used Space - |query_hrStorageDescr|','VMnetserv01 - Used Space - /','<path_rra>/vmnetserv01_hdd_used_58.rrd','','on','',300,'',4),(131,60,70,60,12,NULL,'|host_description| - CPU Utilization - CPU|query_hrProcessorFrwID|','VMnetserv01 - CPU Utilization - CPU0','<path_rra>/vmnetserv01_cpu_70.rrd','','on','',300,'',4),(132,60,71,60,12,NULL,'|host_description| - CPU Utilization - CPU|query_hrProcessorFrwID|','VMnetserv01 - CPU Utilization - CPU1','<path_rra>/vmnetserv01_cpu_71.rrd','','on','',300,'',4),(133,60,72,60,12,NULL,'|host_description| - CPU Utilization - CPU|query_hrProcessorFrwID|','VMnetserv01 - CPU Utilization - CPU2','<path_rra>/vmnetserv01_cpu_72.rrd','','on','',300,'',4),(134,60,73,60,12,NULL,'|host_description| - CPU Utilization - CPU|query_hrProcessorFrwID|','VMnetserv01 - CPU Utilization - CPU3','<path_rra>/vmnetserv01_cpu_73.rrd','','on','',300,'',4),(135,60,74,60,12,NULL,'|host_description| - CPU Utilization - CPU|query_hrProcessorFrwID|','VMnetserv01 - CPU Utilization - CPUTotal','<path_rra>/vmnetserv01_cpu_74.rrd','','on','',300,'',4),(136,30,75,30,2,NULL,'|host_description| - Traffic - |query_ifIP| - |query_ifName|','VMnetserv01 - Traffic - 10.254.10.251 - ens192','<path_rra>/vmnetserv01_traffic_in_75.rrd','','on','',300,'',4),(137,30,76,30,2,NULL,'|host_description| - Traffic - |query_ifIP| - |query_ifName|','VMwinserv11 - Traffic - 10.254.10.241 - ethernet_32769','<path_rra>/vmwinserv11_traffic_in_76.rrd','','on','',300,'',4),(138,27,77,27,1,NULL,'|host_description| - 5 Minute CPU','Rdc01 - 5 Minute CPU','<path_rra>/rdc01_5min_cpu_77.rrd','','on','',300,'',4),(139,28,78,28,28,NULL,'|host_description| - Polling Time','Rdc01 - Polling Time','<path_rra>/rdc01_polling_time_78.rrd','','on','',300,'',4),(140,29,79,29,29,NULL,'|host_description| - Uptime','Rdc01 - Uptime','<path_rra>/rdc01_uptime_79.rrd','','on','',300,'',4),(141,30,80,30,2,NULL,'|host_description| - Traffic - |query_ifIP| - |query_ifName|','Rdc01 - Traffic - 10.254.110.254 - Gi0/4','<path_rra>/rdc01_traffic_in_80.rrd','','on','',300,'',4),(142,30,81,30,2,NULL,'|host_description| - Traffic - |query_ifIP| - |query_ifName|','Rdc01 - Traffic - 192.168.1.253 - Gi0/5','<path_rra>/rdc01_traffic_in_81.rrd','','on','',300,'',4),(143,30,82,30,2,NULL,'|host_description| - Traffic - |query_ifName|','Rdc01 - Traffic - Gi0/0','<path_rra>/rdc01_traffic_in_82.rrd','','on','',300,'',4),(144,30,83,30,2,NULL,'|host_description| - Traffic - |query_ifName|','Rdc01 - Traffic - Gi0/1','<path_rra>/rdc01_traffic_in_83.rrd','','on','',300,'',4),(145,30,84,30,2,NULL,'|host_description| - Traffic - |query_ifName|','Rdc01 - Traffic - Gi0/2','<path_rra>/rdc01_traffic_in_84.rrd','','on','',300,'',4),(146,30,85,30,2,NULL,'|host_description| - Traffic - |query_ifName|','Rdc01 - Traffic - Gi0/3','<path_rra>/rdc01_traffic_in_85.rrd','','on','',300,'',4),(147,30,86,30,2,NULL,'|host_description| - Traffic - |query_ifIP| - |query_ifName|','Rdc01 - Traffic - 10.254.10.254 - Vl10','<path_rra>/rdc01_traffic_in_86.rrd','','on','',300,'',4),(148,28,87,28,28,NULL,'|host_description| - Polling Time','FWdc01 - Polling Time','<path_rra>/fwdc01_polling_time_87.rrd','','on','',300,'',4),(149,29,88,29,29,NULL,'|host_description| - Uptime','FWdc01 - Uptime','<path_rra>/fwdc01_uptime_88.rrd','','on','',300,'',4),(150,42,89,42,1,NULL,'|host_description| - Load Average - 1 Minute','FWdc01 - Load Average - 1 Minute','<path_rra>/fwdc01_load_1min_89.rrd','','on','',300,'',4),(151,44,90,44,1,NULL,'|host_description| - Load Average - 15 Minute','FWdc01 - Load Average - 15 Minute','<path_rra>/fwdc01_load_15min_90.rrd','','on','',300,'',4),(152,43,91,43,1,NULL,'|host_description| - Load Average - 5 Minute','FWdc01 - Load Average - 5 Minute','<path_rra>/fwdc01_load_5min_91.rrd','','on','',300,'',4),(153,45,92,45,1,NULL,'|host_description| - Memory - Buffers','FWdc01 - Memory - Buffers','<path_rra>/fwdc01_mem_buffers_92.rrd','','on','',300,'',4),(154,47,93,47,1,NULL,'|host_description| - Memory - Cache','FWdc01 - Memory - Cache','<path_rra>/fwdc01_mem_cache_93.rrd','','on','',300,'',4),(155,46,94,46,1,NULL,'|host_description| - Memory - Free','FWdc01 - Memory - Free','<path_rra>/fwdc01_mem_free_94.rrd','','on','',300,'',4),(156,48,95,48,1,NULL,'|host_description| - Memory - Total','FWdc01 - Memory - Total','<path_rra>/fwdc01_mem_total_95.rrd','','on','',300,'',4),(157,49,96,49,1,NULL,'|host_description| - Logged in Users','FWdc01 - Logged in Users','<path_rra>/fwdc01_users_96.rrd','','on','',300,'',4),(158,50,97,50,1,NULL,'|host_description| - Processes','FWdc01 - Processes','<path_rra>/fwdc01_proc_97.rrd','','on','',300,'',4),(159,53,98,53,1,NULL,'|host_description| - CPU - Idle','FWdc01 - CPU - Idle','<path_rra>/fwdc01_sscpuidle_98.rrd','','on','',300,'',4),(160,51,99,51,1,NULL,'|host_description| - CPU - System','FWdc01 - CPU - System','<path_rra>/fwdc01_sscpusystem_99.rrd','','on','',300,'',4),(161,52,100,52,1,NULL,'|host_description| - CPU - User','FWdc01 - CPU - User','<path_rra>/fwdc01_sscpuuser_100.rrd','','on','',300,'',4),(162,54,101,54,1,NULL,'|host_description| - Interrupts','FWdc01 - Interrupts','<path_rra>/fwdc01_sssysinterrupts_101.rrd','','on','',300,'',4),(163,55,102,55,1,NULL,'|host_description| - Context Switches','FWdc01 - Context Switches','<path_rra>/fwdc01_sssyscontext_102.rrd','','on','',300,'',4),(164,56,103,56,30,NULL,'|host_description| - Combined SCSI Disk I/O','FWdc01 - Combined SCSI Disk I/O','<path_rra>/fwdc01_reads_103.rrd','','on','',300,'',4),(165,57,104,57,31,NULL,'|host_description| - Combined SCSI Disk Bytes','FWdc01 - Combined SCSI Disk Bytes','<path_rra>/fwdc01_bytesread_104.rrd','','on','',300,'',4),(166,59,105,59,12,NULL,'|host_description| - Used Space - |query_hrStorageDescr|','FWdc01 - Used Space - Slot-1 Data Processor-0 Packet Descripto','<path_rra>/fwdc01_hdd_used_105.rrd','','on','',300,'',4),(167,59,106,59,12,NULL,'|host_description| - Used Space - |query_hrStorageDescr|','FWdc01 - Used Space - Slot-1 Data Processor-0 Hardware Packet ','<path_rra>/fwdc01_hdd_used_106.rrd','','on','',300,'',4),(168,59,107,59,12,NULL,'|host_description| - Used Space - |query_hrStorageDescr|','FWdc01 - Used Space - Slot-1 Data Processor-0 Software Packet ','<path_rra>/fwdc01_hdd_used_107.rrd','','on','',300,'',4),(169,59,108,59,12,NULL,'|host_description| - Used Space - |query_hrStorageDescr|','FWdc01 - Used Space - Slot-1 Management Memory','<path_rra>/fwdc01_hdd_used_108.rrd','','on','',300,'',4),(170,59,109,59,12,NULL,'|host_description| - Used Space - |query_hrStorageDescr|','FWdc01 - Used Space - Slot-1 Management Swap','<path_rra>/fwdc01_hdd_used_109.rrd','','on','',300,'',4),(171,59,110,59,12,NULL,'|host_description| - Used Space - |query_hrStorageDescr|','FWdc01 - Used Space - Slot-1 Management Config Partition','<path_rra>/fwdc01_hdd_used_110.rrd','','on','',300,'',4),(172,59,111,59,12,NULL,'|host_description| - Used Space - |query_hrStorageDescr|','FWdc01 - Used Space - Slot-1 Management Log Partition','<path_rra>/fwdc01_hdd_used_111.rrd','','on','',300,'',4),(173,59,112,59,12,NULL,'|host_description| - Used Space - |query_hrStorageDescr|','FWdc01 - Used Space - Slot-1 Management Root Partition','<path_rra>/fwdc01_hdd_used_112.rrd','','on','',300,'',4),(174,60,113,60,12,NULL,'|host_description| - CPU Utilization - CPU|query_hrProcessorFrwID|','FWdc01 - CPU Utilization - CPU0','<path_rra>/fwdc01_cpu_113.rrd','','on','',300,'',4),(175,60,114,60,12,NULL,'|host_description| - CPU Utilization - CPU|query_hrProcessorFrwID|','FWdc01 - CPU Utilization - CPU1','<path_rra>/fwdc01_cpu_114.rrd','','on','',300,'',4),(176,60,115,60,12,NULL,'|host_description| - CPU Utilization - CPU|query_hrProcessorFrwID|','FWdc01 - CPU Utilization - CPUTotal','<path_rra>/fwdc01_cpu_115.rrd','','on','',300,'',4),(177,30,116,30,2,NULL,'|host_description| - Traffic - |query_ifName|','FWdc01 - Traffic - mgmt','<path_rra>/fwdc01_traffic_in_116.rrd','','on','',300,'',4),(178,30,117,30,2,NULL,'|host_description| - Traffic - |query_ifName|','FWdc01 - Traffic - ethernet1/1','<path_rra>/fwdc01_traffic_in_117.rrd','','on','',300,'',4),(179,30,118,30,2,NULL,'|host_description| - Traffic - |query_ifName|','FWdc01 - Traffic - ethernet1/2','<path_rra>/fwdc01_traffic_in_118.rrd','','on','',300,'',4),(180,30,119,30,2,NULL,'|host_description| - Traffic - |query_ifName|','FWdc01 - Traffic - ethernet1/2.252','<path_rra>/fwdc01_traffic_in_119.rrd','','on','',300,'',4),(181,30,120,30,2,NULL,'|host_description| - Traffic - |query_ifName|','FWdc01 - Traffic - loopback.1','<path_rra>/fwdc01_traffic_in_120.rrd','','on','',300,'',4),(182,30,121,30,2,NULL,'|host_description| - Traffic - |query_ifName|','FWdc01 - Traffic - loopback.44','<path_rra>/fwdc01_traffic_in_121.rrd','','on','',300,'',4),(183,30,122,30,2,NULL,'|host_description| - Traffic - |query_ifName|','FWdc01 - Traffic - loopback.64','<path_rra>/fwdc01_traffic_in_122.rrd','','on','',300,'',4),(184,30,123,30,2,NULL,'|host_description| - Traffic - |query_ifName|','FWdc01 - Traffic - tunnel.2255','<path_rra>/fwdc01_traffic_in_123.rrd','','on','',300,'',4),(185,28,124,28,28,NULL,'|host_description| - Polling Time','esxi01 - Polling Time','<path_rra>/esxi01_polling_time_124.rrd','','on','',300,'',4),(186,29,125,29,29,NULL,'|host_description| - Uptime','esxi01 - Uptime','<path_rra>/esxi01_uptime_125.rrd','','on','',300,'',4),(187,42,126,42,1,NULL,'|host_description| - Load Average - 1 Minute','esxi01 - Load Average - 1 Minute','<path_rra>/esxi01_load_1min_126.rrd','','on','',300,'',4),(188,44,127,44,1,NULL,'|host_description| - Load Average - 15 Minute','esxi01 - Load Average - 15 Minute','<path_rra>/esxi01_load_15min_127.rrd','','on','',300,'',4),(189,43,128,43,1,NULL,'|host_description| - Load Average - 5 Minute','esxi01 - Load Average - 5 Minute','<path_rra>/esxi01_load_5min_128.rrd','','on','',300,'',4),(190,45,129,45,1,NULL,'|host_description| - Memory - Buffers','esxi01 - Memory - Buffers','<path_rra>/esxi01_mem_buffers_129.rrd','','on','',300,'',4),(191,47,130,47,1,NULL,'|host_description| - Memory - Cache','esxi01 - Memory - Cache','<path_rra>/esxi01_mem_cache_130.rrd','','on','',300,'',4),(192,46,131,46,1,NULL,'|host_description| - Memory - Free','esxi01 - Memory - Free','<path_rra>/esxi01_mem_free_131.rrd','','on','',300,'',4),(193,48,132,48,1,NULL,'|host_description| - Memory - Total','esxi01 - Memory - Total','<path_rra>/esxi01_mem_total_132.rrd','','on','',300,'',4),(194,49,133,49,1,NULL,'|host_description| - Logged in Users','esxi01 - Logged in Users','<path_rra>/esxi01_users_133.rrd','','on','',300,'',4),(195,50,134,50,1,NULL,'|host_description| - Processes','esxi01 - Processes','<path_rra>/esxi01_proc_134.rrd','','on','',300,'',4),(196,53,135,53,1,NULL,'|host_description| - CPU - Idle','esxi01 - CPU - Idle','<path_rra>/esxi01_sscpuidle_135.rrd','','on','',300,'',4),(197,51,136,51,1,NULL,'|host_description| - CPU - System','esxi01 - CPU - System','<path_rra>/esxi01_sscpusystem_136.rrd','','on','',300,'',4),(198,52,137,52,1,NULL,'|host_description| - CPU - User','esxi01 - CPU - User','<path_rra>/esxi01_sscpuuser_137.rrd','','on','',300,'',4),(199,54,138,54,1,NULL,'|host_description| - Interrupts','esxi01 - Interrupts','<path_rra>/esxi01_sssysinterrupts_138.rrd','','on','',300,'',4),(200,55,139,55,1,NULL,'|host_description| - Context Switches','esxi01 - Context Switches','<path_rra>/esxi01_sssyscontext_139.rrd','','on','',300,'',4),(201,56,140,56,30,NULL,'|host_description| - Combined SCSI Disk I/O','esxi01 - Combined SCSI Disk I/O','<path_rra>/esxi01_reads_140.rrd','','on','',300,'',4),(202,57,141,57,31,NULL,'|host_description| - Combined SCSI Disk Bytes','esxi01 - Combined SCSI Disk Bytes','<path_rra>/esxi01_bytesread_141.rrd','','on','',300,'',4),(203,59,142,59,12,NULL,'|host_description| - Used Space - |query_hrStorageDescr|','esxi01 - Used Space - /vmfs/volumes/74d44de3-badab4a7-4ea4-c38','<path_rra>/esxi01_hdd_used_142.rrd','','on','',300,'',4),(204,59,143,59,12,NULL,'|host_description| - Used Space - |query_hrStorageDescr|','esxi01 - Used Space - /vmfs/volumes/d6898cea-deace11e-3ef6-823','<path_rra>/esxi01_hdd_used_143.rrd','','on','',300,'',4),(205,59,144,59,12,NULL,'|host_description| - Used Space - |query_hrStorageDescr|','esxi01 - Used Space - /vmfs/volumes/5e1e4c55-b17bae26-c5a6-000','<path_rra>/esxi01_hdd_used_144.rrd','','on','',300,'',4),(206,59,145,59,12,NULL,'|host_description| - Used Space - |query_hrStorageDescr|','esxi01 - Used Space - /vmfs/volumes/5adb3f0e-3610b08a-4dcb-901','<path_rra>/esxi01_hdd_used_145.rrd','','on','',300,'',4),(207,59,146,59,12,NULL,'|host_description| - Used Space - |query_hrStorageDescr|','esxi01 - Used Space - Real Memory','<path_rra>/esxi01_hdd_used_146.rrd','','on','',300,'',4),(208,60,147,60,12,NULL,'|host_description| - CPU Utilization - CPU|query_hrProcessorFrwID|','esxi01 - CPU Utilization - CPU0','<path_rra>/esxi01_cpu_147.rrd','','on','',300,'',4),(209,60,148,60,12,NULL,'|host_description| - CPU Utilization - CPU|query_hrProcessorFrwID|','esxi01 - CPU Utilization - CPU1','<path_rra>/esxi01_cpu_148.rrd','','on','',300,'',4),(210,60,149,60,12,NULL,'|host_description| - CPU Utilization - CPU|query_hrProcessorFrwID|','esxi01 - CPU Utilization - CPU2','<path_rra>/esxi01_cpu_149.rrd','','on','',300,'',4),(211,60,150,60,12,NULL,'|host_description| - CPU Utilization - CPU|query_hrProcessorFrwID|','esxi01 - CPU Utilization - CPU3','<path_rra>/esxi01_cpu_150.rrd','','on','',300,'',4),(212,60,151,60,12,NULL,'|host_description| - CPU Utilization - CPU|query_hrProcessorFrwID|','esxi01 - CPU Utilization - CPU4','<path_rra>/esxi01_cpu_151.rrd','','on','',300,'',4),(213,60,152,60,12,NULL,'|host_description| - CPU Utilization - CPU|query_hrProcessorFrwID|','esxi01 - CPU Utilization - CPU5','<path_rra>/esxi01_cpu_152.rrd','','on','',300,'',4),(214,60,153,60,12,NULL,'|host_description| - CPU Utilization - CPU|query_hrProcessorFrwID|','esxi01 - CPU Utilization - CPU6','<path_rra>/esxi01_cpu_153.rrd','','on','',300,'',4),(215,60,154,60,12,NULL,'|host_description| - CPU Utilization - CPU|query_hrProcessorFrwID|','esxi01 - CPU Utilization - CPU7','<path_rra>/esxi01_cpu_154.rrd','','on','',300,'',4),(216,60,155,60,12,NULL,'|host_description| - CPU Utilization - CPU|query_hrProcessorFrwID|','esxi01 - CPU Utilization - CPUTotal','<path_rra>/esxi01_cpu_155.rrd','','on','',300,'',4),(217,30,156,30,2,NULL,'|host_description| - Traffic - |query_ifName|','esxi01 - Traffic - vmnic0','<path_rra>/esxi01_traffic_in_156.rrd','','on','',300,'',4),(218,30,157,30,2,NULL,'|host_description| - Traffic - |query_ifName|','esxi01 - Traffic - vmnic1','<path_rra>/esxi01_traffic_in_157.rrd','','on','',300,'',4),(219,27,158,27,1,NULL,'|host_description| - 5 Minute CPU','Rbranch01 - 5 Minute CPU','<path_rra>/rbranch01_5min_cpu_158.rrd','','on','',300,'',4),(220,28,159,28,28,NULL,'|host_description| - Polling Time','Rbranch01 - Polling Time','<path_rra>/rbranch01_polling_time_159.rrd','','on','',300,'',4),(221,29,160,29,29,NULL,'|host_description| - Uptime','Rbranch01 - Uptime','<path_rra>/rbranch01_uptime_160.rrd','','on','',300,'',4),(222,30,161,30,2,NULL,'|host_description| - Traffic - |query_ifName|','Rbranch01 - Traffic - Fa0','<path_rra>/rbranch01_traffic_in_161.rrd','','on','',300,'',4),(223,30,162,30,2,NULL,'|host_description| - Traffic - |query_ifName|','Rbranch01 - Traffic - Tu210','<path_rra>/rbranch01_traffic_in_162.rrd','','on','',300,'',4),(224,30,163,30,2,NULL,'|host_description| - Traffic - |query_ifIP| - |query_ifName|','Rbranch01 - Traffic - 10.13.138.21 - Vl999','<path_rra>/rbranch01_traffic_in_163.rrd','','on','',300,'',4),(225,31,164,31,2,NULL,'|host_description| - Errors - |query_ifName|','Rbranch01 - Errors - Fa0','<path_rra>/rbranch01_errors_in_164.rrd','','on','',300,'',4),(226,31,165,31,2,NULL,'|host_description| - Errors - |query_ifName|','Rbranch01 - Errors - Tu210','<path_rra>/rbranch01_errors_in_165.rrd','','on','',300,'',4),(227,31,166,31,2,NULL,'|host_description| - Errors - |query_ifIP| - |query_ifName|','Rbranch01 - Errors - 10.13.138.21 - Vl999','<path_rra>/rbranch01_errors_in_166.rrd','','on','',300,'',4),(228,31,167,31,2,NULL,'|host_description| - Errors - |query_ifName|','FWdc01 - Errors - mgmt','<path_rra>/fwdc01_errors_in_167.rrd','','on','',300,'',4),(229,31,168,31,2,NULL,'|host_description| - Errors - |query_ifName|','FWdc01 - Errors - ethernet1/1','<path_rra>/fwdc01_errors_in_168.rrd','','on','',300,'',4),(230,31,169,31,2,NULL,'|host_description| - Errors - |query_ifName|','FWdc01 - Errors - ethernet1/2','<path_rra>/fwdc01_errors_in_169.rrd','','on','',300,'',4),(231,31,170,31,2,NULL,'|host_description| - Errors - |query_ifName|','FWdc01 - Errors - ethernet1/2.252','<path_rra>/fwdc01_errors_in_170.rrd','','on','',300,'',4),(232,31,171,31,2,NULL,'|host_description| - Errors - |query_ifName|','FWdc01 - Errors - loopback.1','<path_rra>/fwdc01_errors_in_171.rrd','','on','',300,'',4),(233,31,172,31,2,NULL,'|host_description| - Errors - |query_ifName|','FWdc01 - Errors - tunnel.2255','<path_rra>/fwdc01_errors_in_172.rrd','','on','',300,'',4),(234,28,173,28,28,NULL,'|host_description| - Polling Time','OpenWRT-WZR450 - Polling Time','<path_rra>/openwrt-wzr450_polling_time_173.rrd','','on','',300,'',4),(235,29,174,29,29,NULL,'|host_description| - Uptime','OpenWRT-WZR450 - Uptime','<path_rra>/openwrt-wzr450_uptime_174.rrd','','on','',300,'',4),(236,42,175,42,1,NULL,'|host_description| - Load Average - 1 Minute','OpenWRT-WZR450 - Load Average - 1 Minute','<path_rra>/openwrt-wzr450_load_1min_175.rrd','','on','',300,'',4),(237,44,176,44,1,NULL,'|host_description| - Load Average - 15 Minute','OpenWRT-WZR450 - Load Average - 15 Minute','<path_rra>/openwrt-wzr450_load_15min_176.rrd','','on','',300,'',4),(238,43,177,43,1,NULL,'|host_description| - Load Average - 5 Minute','OpenWRT-WZR450 - Load Average - 5 Minute','<path_rra>/openwrt-wzr450_load_5min_177.rrd','','on','',300,'',4),(239,45,178,45,1,NULL,'|host_description| - Memory - Buffers','OpenWRT-WZR450 - Memory - Buffers','<path_rra>/openwrt-wzr450_mem_buffers_178.rrd','','on','',300,'',4),(240,47,179,47,1,NULL,'|host_description| - Memory - Cache','OpenWRT-WZR450 - Memory - Cache','<path_rra>/openwrt-wzr450_mem_cache_179.rrd','','on','',300,'',4),(241,46,180,46,1,NULL,'|host_description| - Memory - Free','OpenWRT-WZR450 - Memory - Free','<path_rra>/openwrt-wzr450_mem_free_180.rrd','','on','',300,'',4),(242,48,181,48,1,NULL,'|host_description| - Memory - Total','OpenWRT-WZR450 - Memory - Total','<path_rra>/openwrt-wzr450_mem_total_181.rrd','','on','',300,'',4),(243,49,182,49,1,NULL,'|host_description| - Logged in Users','OpenWRT-WZR450 - Logged in Users','<path_rra>/openwrt-wzr450_users_182.rrd','','on','',300,'',4),(244,50,183,50,1,NULL,'|host_description| - Processes','OpenWRT-WZR450 - Processes','<path_rra>/openwrt-wzr450_proc_183.rrd','','on','',300,'',4),(245,53,184,53,1,NULL,'|host_description| - CPU - Idle','OpenWRT-WZR450 - CPU - Idle','<path_rra>/openwrt-wzr450_sscpuidle_184.rrd','','on','',300,'',4),(246,51,185,51,1,NULL,'|host_description| - CPU - System','OpenWRT-WZR450 - CPU - System','<path_rra>/openwrt-wzr450_sscpusystem_185.rrd','','on','',300,'',4),(247,52,186,52,1,NULL,'|host_description| - CPU - User','OpenWRT-WZR450 - CPU - User','<path_rra>/openwrt-wzr450_sscpuuser_186.rrd','','on','',300,'',4),(248,54,187,54,1,NULL,'|host_description| - Interrupts','OpenWRT-WZR450 - Interrupts','<path_rra>/openwrt-wzr450_sssysinterrupts_187.rrd','','on','',300,'',4),(249,55,188,55,1,NULL,'|host_description| - Context Switches','OpenWRT-WZR450 - Context Switches','<path_rra>/openwrt-wzr450_sssyscontext_188.rrd','','on','',300,'',4),(250,56,189,56,30,NULL,'|host_description| - Combined SCSI Disk I/O','OpenWRT-WZR450 - Combined SCSI Disk I/O','<path_rra>/openwrt-wzr450_reads_189.rrd','','on','',300,'',4),(251,57,190,57,31,NULL,'|host_description| - Combined SCSI Disk Bytes','OpenWRT-WZR450 - Combined SCSI Disk Bytes','<path_rra>/openwrt-wzr450_bytesread_190.rrd','','on','',300,'',4),(252,59,191,59,12,NULL,'|host_description| - Used Space - |query_hrStorageDescr|','OpenWRT-WZR450 - Used Space - Physical memory','<path_rra>/openwrt-wzr450_hdd_used_191.rrd','','on','',300,'',4),(253,59,192,59,12,NULL,'|host_description| - Used Space - |query_hrStorageDescr|','OpenWRT-WZR450 - Used Space - Virtual memory','<path_rra>/openwrt-wzr450_hdd_used_192.rrd','','on','',300,'',4),(254,59,193,59,12,NULL,'|host_description| - Used Space - |query_hrStorageDescr|','OpenWRT-WZR450 - Used Space - Memory buffers','<path_rra>/openwrt-wzr450_hdd_used_193.rrd','','on','',300,'',4),(255,59,194,59,12,NULL,'|host_description| - Used Space - |query_hrStorageDescr|','OpenWRT-WZR450 - Used Space - Cached memory','<path_rra>/openwrt-wzr450_hdd_used_194.rrd','','on','',300,'',4),(256,59,195,59,12,NULL,'|host_description| - Used Space - |query_hrStorageDescr|','OpenWRT-WZR450 - Used Space - Shared memory','<path_rra>/openwrt-wzr450_hdd_used_195.rrd','','on','',300,'',4),(257,59,196,59,12,NULL,'|host_description| - Used Space - |query_hrStorageDescr|','OpenWRT-WZR450 - Used Space - Swap space','<path_rra>/openwrt-wzr450_hdd_used_196.rrd','','on','',300,'',4),(258,59,197,59,12,NULL,'|host_description| - Used Space - |query_hrStorageDescr|','OpenWRT-WZR450 - Used Space - /rom','<path_rra>/openwrt-wzr450_hdd_used_197.rrd','','on','',300,'',4),(259,59,198,59,12,NULL,'|host_description| - Used Space - |query_hrStorageDescr|','OpenWRT-WZR450 - Used Space - /overlay','<path_rra>/openwrt-wzr450_hdd_used_198.rrd','','on','',300,'',4),(260,59,199,59,12,NULL,'|host_description| - Used Space - |query_hrStorageDescr|','OpenWRT-WZR450 - Used Space - /','<path_rra>/openwrt-wzr450_hdd_used_199.rrd','','on','',300,'',4),(261,60,200,60,12,NULL,'|host_description| - CPU Utilization - CPU|query_hrProcessorFrwID|','OpenWRT-WZR450 - CPU Utilization - CPU0','<path_rra>/openwrt-wzr450_cpu_200.rrd','','on','',300,'',4),(262,60,201,60,12,NULL,'|host_description| - CPU Utilization - CPU|query_hrProcessorFrwID|','OpenWRT-WZR450 - CPU Utilization - CPUTotal','<path_rra>/openwrt-wzr450_cpu_201.rrd','','on','',300,'',4),(263,30,202,30,2,NULL,'|host_description| - Traffic - |query_ifIP| - |query_ifName|','OpenWRT-WZR450 - Traffic - 10.101.29.253 - br-lan','<path_rra>/openwrt-wzr450_traffic_in_202.rrd','','on','',300,'',4),(264,30,203,30,2,NULL,'|host_description| - Traffic - |query_ifName|','OpenWRT-WZR450 - Traffic - wlan0','<path_rra>/openwrt-wzr450_traffic_in_203.rrd','','on','',300,'',4),(265,31,204,31,2,NULL,'|host_description| - Errors - |query_ifName|','OpenWRT-WZR450 - Errors - eth0','<path_rra>/openwrt-wzr450_errors_in_204.rrd','','on','',300,'',4),(266,31,205,31,2,NULL,'|host_description| - Errors - |query_ifIP| - |query_ifName|','OpenWRT-WZR450 - Errors - 10.101.29.253 - br-lan','<path_rra>/openwrt-wzr450_errors_in_205.rrd','','on','',300,'',4),(267,31,206,31,2,NULL,'|host_description| - Errors - |query_ifName|','OpenWRT-WZR450 - Errors - eth0.1','<path_rra>/openwrt-wzr450_errors_in_206.rrd','','on','',300,'',4),(269,30,208,30,2,NULL,'|host_description| - Traffic - |query_ifName|','OpenWRT-WZR450 - Traffic - eth0','<path_rra>/openwrt-wzr450_traffic_in_208.rrd','','on','',300,'',4),(270,30,209,30,2,NULL,'|host_description| - Traffic - |query_ifName|','OpenWRT-WZR450 - Traffic - eth0.1','<path_rra>/openwrt-wzr450_traffic_in_209.rrd','','on','',300,'',4),(272,31,211,31,2,NULL,'|host_description| - Errors - |query_ifName|','Rbranch01 - Errors - Fa6','<path_rra>/rbranch01_errors_in_211.rrd','','on','',300,'',4),(273,30,212,30,2,NULL,'|host_description| - Traffic - |query_ifName|','Rbranch01 - Traffic - Fa6','<path_rra>/rbranch01_traffic_in_212.rrd','','on','',300,'',4),(274,30,213,30,2,NULL,'|host_description| - Traffic - |query_ifIP| - |query_ifName|','Rbranch01 - Traffic - 10.101.29.1 - Vl3029','<path_rra>/rbranch01_traffic_in_213.rrd','','on','',300,'',4),(275,28,214,28,28,NULL,'|host_description| - Polling Time','OpenWRT-WZR300 - Polling Time','<path_rra>/openwrt-wzr300_polling_time_214.rrd','','on','',300,'',4),(276,29,215,29,29,NULL,'|host_description| - Uptime','OpenWRT-WZR300 - Uptime','<path_rra>/openwrt-wzr300_uptime_215.rrd','','on','',300,'',4),(277,42,216,42,1,NULL,'|host_description| - Load Average - 1 Minute','OpenWRT-WZR300 - Load Average - 1 Minute','<path_rra>/openwrt-wzr300_load_1min_216.rrd','','on','',300,'',4),(278,44,217,44,1,NULL,'|host_description| - Load Average - 15 Minute','OpenWRT-WZR300 - Load Average - 15 Minute','<path_rra>/openwrt-wzr300_load_15min_217.rrd','','on','',300,'',4),(279,43,218,43,1,NULL,'|host_description| - Load Average - 5 Minute','OpenWRT-WZR300 - Load Average - 5 Minute','<path_rra>/openwrt-wzr300_load_5min_218.rrd','','on','',300,'',4),(280,45,219,45,1,NULL,'|host_description| - Memory - Buffers','OpenWRT-WZR300 - Memory - Buffers','<path_rra>/openwrt-wzr300_mem_buffers_219.rrd','','on','',300,'',4),(281,47,220,47,1,NULL,'|host_description| - Memory - Cache','OpenWRT-WZR300 - Memory - Cache','<path_rra>/openwrt-wzr300_mem_cache_220.rrd','','on','',300,'',4),(282,46,221,46,1,NULL,'|host_description| - Memory - Free','OpenWRT-WZR300 - Memory - Free','<path_rra>/openwrt-wzr300_mem_free_221.rrd','','on','',300,'',4),(283,48,222,48,1,NULL,'|host_description| - Memory - Total','OpenWRT-WZR300 - Memory - Total','<path_rra>/openwrt-wzr300_mem_total_222.rrd','','on','',300,'',4),(284,49,223,49,1,NULL,'|host_description| - Logged in Users','OpenWRT-WZR300 - Logged in Users','<path_rra>/openwrt-wzr300_users_223.rrd','','on','',300,'',4),(285,50,224,50,1,NULL,'|host_description| - Processes','OpenWRT-WZR300 - Processes','<path_rra>/openwrt-wzr300_proc_224.rrd','','on','',300,'',4),(286,53,225,53,1,NULL,'|host_description| - CPU - Idle','OpenWRT-WZR300 - CPU - Idle','<path_rra>/openwrt-wzr300_sscpuidle_225.rrd','','on','',300,'',4),(287,51,226,51,1,NULL,'|host_description| - CPU - System','OpenWRT-WZR300 - CPU - System','<path_rra>/openwrt-wzr300_sscpusystem_226.rrd','','on','',300,'',4),(288,52,227,52,1,NULL,'|host_description| - CPU - User','OpenWRT-WZR300 - CPU - User','<path_rra>/openwrt-wzr300_sscpuuser_227.rrd','','on','',300,'',4),(289,54,228,54,1,NULL,'|host_description| - Interrupts','OpenWRT-WZR300 - Interrupts','<path_rra>/openwrt-wzr300_sssysinterrupts_228.rrd','','on','',300,'',4),(290,55,229,55,1,NULL,'|host_description| - Context Switches','OpenWRT-WZR300 - Context Switches','<path_rra>/openwrt-wzr300_sssyscontext_229.rrd','','on','',300,'',4),(291,56,230,56,30,NULL,'|host_description| - Combined SCSI Disk I/O','OpenWRT-WZR300 - Combined SCSI Disk I/O','<path_rra>/openwrt-wzr300_reads_230.rrd','','on','',300,'',4),(292,57,231,57,31,NULL,'|host_description| - Combined SCSI Disk Bytes','OpenWRT-WZR300 - Combined SCSI Disk Bytes','<path_rra>/openwrt-wzr300_bytesread_231.rrd','','on','',300,'',4),(293,59,232,59,12,NULL,'|host_description| - Used Space - |query_hrStorageDescr|','OpenWRT-WZR300 - Used Space - Physical memory','<path_rra>/openwrt-wzr300_hdd_used_232.rrd','','on','',300,'',4),(294,59,233,59,12,NULL,'|host_description| - Used Space - |query_hrStorageDescr|','OpenWRT-WZR300 - Used Space - Virtual memory','<path_rra>/openwrt-wzr300_hdd_used_233.rrd','','on','',300,'',4),(295,59,234,59,12,NULL,'|host_description| - Used Space - |query_hrStorageDescr|','OpenWRT-WZR300 - Used Space - Memory buffers','<path_rra>/openwrt-wzr300_hdd_used_234.rrd','','on','',300,'',4),(296,59,235,59,12,NULL,'|host_description| - Used Space - |query_hrStorageDescr|','OpenWRT-WZR300 - Used Space - Cached memory','<path_rra>/openwrt-wzr300_hdd_used_235.rrd','','on','',300,'',4),(297,59,236,59,12,NULL,'|host_description| - Used Space - |query_hrStorageDescr|','OpenWRT-WZR300 - Used Space - Shared memory','<path_rra>/openwrt-wzr300_hdd_used_236.rrd','','on','',300,'',4),(298,59,237,59,12,NULL,'|host_description| - Used Space - |query_hrStorageDescr|','OpenWRT-WZR300 - Used Space - Swap space','<path_rra>/openwrt-wzr300_hdd_used_237.rrd','','on','',300,'',4),(299,59,238,59,12,NULL,'|host_description| - Used Space - |query_hrStorageDescr|','OpenWRT-WZR300 - Used Space - /rom','<path_rra>/openwrt-wzr300_hdd_used_238.rrd','','on','',300,'',4),(300,59,239,59,12,NULL,'|host_description| - Used Space - |query_hrStorageDescr|','OpenWRT-WZR300 - Used Space - /overlay','<path_rra>/openwrt-wzr300_hdd_used_239.rrd','','on','',300,'',4),(301,59,240,59,12,NULL,'|host_description| - Used Space - |query_hrStorageDescr|','OpenWRT-WZR300 - Used Space - /','<path_rra>/openwrt-wzr300_hdd_used_240.rrd','','on','',300,'',4),(302,60,241,60,12,NULL,'|host_description| - CPU Utilization - CPU|query_hrProcessorFrwID|','OpenWRT-WZR300 - CPU Utilization - CPU0','<path_rra>/openwrt-wzr300_cpu_241.rrd','','on','',300,'',4),(303,60,242,60,12,NULL,'|host_description| - CPU Utilization - CPU|query_hrProcessorFrwID|','OpenWRT-WZR300 - CPU Utilization - CPUTotal','<path_rra>/openwrt-wzr300_cpu_242.rrd','','on','',300,'',4),(304,31,243,31,2,NULL,'|host_description| - Errors - |query_ifName|','OpenWRT-WZR300 - Errors - eth0','<path_rra>/openwrt-wzr300_errors_in_243.rrd','','on','',300,'',4),(305,31,244,31,2,NULL,'|host_description| - Errors - |query_ifName|','OpenWRT-WZR300 - Errors - eth1','<path_rra>/openwrt-wzr300_errors_in_244.rrd','','on','',300,'',4),(306,31,245,31,2,NULL,'|host_description| - Errors - |query_ifName|','OpenWRT-WZR300 - Errors - wlan0','<path_rra>/openwrt-wzr300_errors_in_245.rrd','','on','',300,'',4),(307,31,246,31,2,NULL,'|host_description| - Errors - |query_ifIP| - |query_ifName|','OpenWRT-WZR300 - Errors - 10.101.29.252 - br-lan','<path_rra>/openwrt-wzr300_errors_in_246.rrd','','on','',300,'',4),(308,31,247,31,2,NULL,'|host_description| - Errors - |query_ifName|','OpenWRT-WZR300 - Errors - eth0.1','<path_rra>/openwrt-wzr300_errors_in_247.rrd','','on','',300,'',4),(309,31,248,31,2,NULL,'|host_description| - Errors - |query_ifName|','OpenWRT-WZR300 - Errors - wlan1','<path_rra>/openwrt-wzr300_errors_in_248.rrd','','on','',300,'',4),(310,30,249,30,2,NULL,'|host_description| - Traffic - |query_ifName|','OpenWRT-WZR300 - Traffic - eth0','<path_rra>/openwrt-wzr300_traffic_in_249.rrd','','on','',300,'',4),(311,30,250,30,2,NULL,'|host_description| - Traffic - |query_ifName|','OpenWRT-WZR300 - Traffic - eth1','<path_rra>/openwrt-wzr300_traffic_in_250.rrd','','on','',300,'',4),(312,30,251,30,2,NULL,'|host_description| - Traffic - |query_ifName|','OpenWRT-WZR300 - Traffic - wlan0','<path_rra>/openwrt-wzr300_traffic_in_251.rrd','','on','',300,'',4),(313,30,252,30,2,NULL,'|host_description| - Traffic - |query_ifIP| - |query_ifName|','OpenWRT-WZR300 - Traffic - 10.101.29.252 - br-lan','<path_rra>/openwrt-wzr300_traffic_in_252.rrd','','on','',300,'',4),(314,30,253,30,2,NULL,'|host_description| - Traffic - |query_ifName|','OpenWRT-WZR300 - Traffic - eth0.1','<path_rra>/openwrt-wzr300_traffic_in_253.rrd','','on','',300,'',4),(315,30,254,30,2,NULL,'|host_description| - Traffic - |query_ifName|','OpenWRT-WZR300 - Traffic - wlan1','<path_rra>/openwrt-wzr300_traffic_in_254.rrd','','on','',300,'',4),(316,31,255,31,2,NULL,'|host_description| - Errors - |query_ifName|','OpenWRT-WZR450 - Errors - wlan0','<path_rra>/openwrt-wzr450_errors_in_255.rrd','','on','',300,'',4);
/*!40000 ALTER TABLE `data_template_data` ENABLE KEYS */;
UNLOCK TABLES;

--
-- Table structure for table `data_template_rrd`
--

DROP TABLE IF EXISTS `data_template_rrd`;
/*!40101 SET @saved_cs_client     = @@character_set_client */;
/*!40101 SET character_set_client = utf8 */;
CREATE TABLE `data_template_rrd` (
  `id` mediumint(8) unsigned NOT NULL AUTO_INCREMENT,
  `hash` varchar(32) COLLATE utf8mb4_unicode_ci NOT NULL DEFAULT '',
  `local_data_template_rrd_id` mediumint(8) unsigned NOT NULL DEFAULT 0,
  `local_data_id` mediumint(8) unsigned NOT NULL DEFAULT 0,
  `data_template_id` mediumint(8) unsigned NOT NULL DEFAULT 0,
  `t_rrd_maximum` char(2) COLLATE utf8mb4_unicode_ci DEFAULT NULL,
  `rrd_maximum` varchar(20) COLLATE utf8mb4_unicode_ci NOT NULL DEFAULT '0',
  `t_rrd_minimum` char(2) COLLATE utf8mb4_unicode_ci DEFAULT NULL,
  `rrd_minimum` varchar(20) COLLATE utf8mb4_unicode_ci NOT NULL DEFAULT '0',
  `t_rrd_heartbeat` char(2) COLLATE utf8mb4_unicode_ci DEFAULT NULL,
  `rrd_heartbeat` mediumint(6) NOT NULL DEFAULT 0,
  `t_data_source_type_id` char(2) COLLATE utf8mb4_unicode_ci DEFAULT NULL,
  `data_source_type_id` smallint(5) NOT NULL DEFAULT 0,
  `t_data_source_name` char(2) COLLATE utf8mb4_unicode_ci DEFAULT NULL,
  `data_source_name` varchar(19) COLLATE utf8mb4_unicode_ci NOT NULL DEFAULT '',
  `t_data_input_field_id` char(2) COLLATE utf8mb4_unicode_ci DEFAULT NULL,
  `data_input_field_id` mediumint(8) unsigned NOT NULL DEFAULT 0,
  PRIMARY KEY (`id`),
  UNIQUE KEY `duplicate_dsname_contraint` (`local_data_id`,`data_source_name`,`data_template_id`),
  KEY `local_data_id` (`local_data_id`),
  KEY `data_template_id` (`data_template_id`),
  KEY `local_data_template_rrd_id` (`local_data_template_rrd_id`)
) ENGINE=InnoDB AUTO_INCREMENT=581 DEFAULT CHARSET=utf8mb4 COLLATE=utf8mb4_unicode_ci ROW_FORMAT=DYNAMIC;
/*!40101 SET character_set_client = @saved_cs_client */;

--
-- Dumping data for table `data_template_rrd`
--

LOCK TABLES `data_template_rrd` WRITE;
/*!40000 ALTER TABLE `data_template_rrd` DISABLE KEYS */;
INSERT INTO `data_template_rrd` VALUES (1,'e96673b4ff97d0e0127c71726c86d2db',0,0,1,'','U','','0','',600,'',1,'','RRDsProcessed','',47),(2,'878803580685cc6b6174a7864fe0fd07',0,0,1,'','U','','0','',600,'',1,'','DataSources','',48),(3,'d107e27befbe4a1fc861f4f97a0f363e',0,0,1,'','U','','0','',600,'',1,'','HostsPerProcess','',49),(4,'dfe4825f22716f75cbfd7e636ae232ac',0,0,1,'','U','','0','',600,'',1,'','Hosts','',50),(5,'0532007849f0e7ff7c16e250125aa847',0,0,1,'','U','','0','',600,'',1,'','Threads','',51),(6,'1d2d7bb2353049b46e4002b9e1495805',0,0,1,'','U','','0','',600,'',1,'','Processes','',52),(7,'5d041918ba1a17fd0a3d569c9f4dc135',0,0,1,'','U','','0','',600,'',1,'','Time','',53),(8,'f88a8c6783c762809f3eb50f19b633ca',0,0,2,'','U','','0','',600,'',1,'','time','',54),(9,'c71c1d51aa3bc0fe6038c1573f2a4f3f',0,0,2,'','U','','0','',600,'',1,'','rrdupdates','',55),(10,'ea735e5f7fa1765712d3d76e18f3eae3',0,0,3,'','U','','0','',600,'',1,'','snmp','',56),(11,'4309fc495d6732710867064a807ec57e',0,0,3,'','U','','0','',600,'',1,'','script','',57),(12,'bae82932239be2a7719199a94630295b',0,0,3,'','U','','0','',600,'',1,'','script_server','',58),(13,'53c6dd5e737bc8d8d40464f5dfae6742',0,0,4,'','U','','0','',600,'',1,'','hosts','',60),(14,'2618aebd09137e5fd909fc18eb5b0cde',0,0,4,'','U','','0','',600,'',1,'','time','',59),(15,'2cd9f4d9c5c2cfbf030b0e88a406cdcb',0,0,5,'','U','','0','',600,'',1,'','boost_peak_memory','',61),(16,'836b76b477ece34ef1d94272b1eb55eb',0,0,6,'','U','','0','',600,'',1,'','active','',64),(17,'4637649e759fbdcdd92c34c9cdb8581e',0,0,6,'','U','','0','',600,'',1,'','garbage','',66),(18,'8d663e63560701867485fcbdc05fbc1d',0,0,6,'','U','','0','',600,'',1,'','valid','',62),(19,'fa5a4e08a3784bda350690d1955df4c5',0,0,6,'','U','','0','',600,'',1,'','sleeping','',65),(20,'84c73f2fe39d1b0be26400aaf26359f3',0,0,6,'','U','','0','',600,'',1,'','usleeping','',68),(21,'0ed8f3e8db5dbb151d49e2b57fb4d180',0,0,6,'','U','','0','',600,'',1,'','uactive','',67),(22,'f6c474da45d8316158a600ef9c1c8d65',0,0,6,'','U','','0','',600,'',1,'','invalid','',63),(23,'3f624c1aa46a5d8d8bd2ca865a44efe1',0,0,7,'','U','','0','',600,'',1,'','ExportGraphs','',69),(24,'3cb86d927fcc4f4249ccf15665201ff1',0,0,8,'','U','','0','',600,'',1,'','ExportDuration','',70),(25,'98b6a387686ac3090ac487598450166f',0,0,9,'','U','','0',NULL,600,'',1,'','incoming','',72),(26,'cb1b8aa1ad45375a6394a13d5456f6af',0,0,9,'','U','','0',NULL,600,'',1,'','deletes','',71),(27,'c9c6b631656b31aa83c8da990abb1ed1',0,0,9,'','U','','0',NULL,600,'',1,'','alarms','',76),(28,'c464bb7170d36d627699da3937146c74',0,0,9,'','U','','0',NULL,600,'',1,'','removes','',73),(29,'d0181d4252e2770d878dff2d9e1e44a9',0,0,9,'','U','','0',NULL,600,'',1,'','xfers','',74),(30,'ffa3c635a9480a67cc248261280fee76',0,0,10,'','U','','0',NULL,600,'',1,'','syslogRuntime','',78),(31,'0943367dc4441a5d1fe3318c0286b85b',0,0,11,'','U','','0',NULL,600,'',1,'','alerts','',75),(32,'b5bb959cbecaf827e3cc1c788c5158f6',0,0,11,'','U','','0',NULL,600,'',1,'','reports','',77),(33,'575608ece0aadd85775b33b2659a5880',0,0,12,'','U','','0',NULL,600,'',1,'','tholdRuntime','',79),(34,'0f1e73889af22930db308bf0cc3cd0a0',0,0,13,'','U','','0','',600,'',1,'','boost_avg_size','',80),(35,'84bbf9ee3a2ae1eaf0db2a019231ea9a',0,0,14,'','U','','0','',600,'',1,'','boost_records','',81),(36,'8874c6f36a4fe415729464996550a931',0,0,15,'','U','','0','',600,'',1,'','boost_table','',82),(37,'96321182f0b87f173d1d28cb01e33f1f',0,0,16,'','U','','0','',600,'',1,'','rrd_delete','',88),(38,'b776ee1a06961f969a862cffcf2cd6a7',0,0,16,'','U','','0',NULL,600,'',1,'','rrd_get_records','',83),(39,'223a17c021a4a180c68250d3988080d5',0,0,16,'','U','','0',NULL,600,'',1,'','rrd_lastupdate','',86),(40,'9b58d296dcc55185d85b7c4e647f9340',0,0,16,'','U','','0',NULL,600,'',1,'','rrd_results_cycle','',84),(41,'39897bc24b0f2053d7a406541c69d651',0,0,16,'','U','','0',NULL,600,'',1,'','rrd_template','',85),(42,'f8dc4c21582804b2075b7f688d884991',0,0,16,'','U','','0',NULL,600,'',1,'','rrd_update','',87),(43,'71e1d3bb9ce51f3589b97944858d6d36',0,0,17,'','U','','0',NULL,600,'',1,'','pollerTime','',0),(44,'fa901e0b6b39b012148f3af848e17138',0,0,17,'','U','','0',NULL,600,'',1,'','maxTime','',0),(45,'5eb5afe7b887da336e91b40a1d9dfd35',0,0,17,'','U','','0',NULL,600,'',1,'','minTime','',0),(46,'7a9101b7416c095512bb386e066e9d26',0,0,17,'','U','','0',NULL,600,'',1,'','avgTime','',0),(47,'dccb84135c4398850648f660d0ba9b95',0,0,18,'','U','','0',NULL,600,'',1,'','getSNMP','',0),(48,'4b28fded5fc45449154b51372ab14702',0,0,18,'','U','','0',NULL,600,'',1,'','getScript','',0),(49,'72a92c1b6f319e1bb1446bf9ce03a56d',0,0,18,'','U','','0',NULL,600,'',1,'','getScriptServer','',0),(50,'2f24d087eda2fd6f0411e3bb3a0554a5',0,0,19,'','U','','0',NULL,600,'',1,'','threadCount','',0),(51,'19875e8c7320c733d070db08e1892fc3',0,0,19,'','U','','0',NULL,600,'',1,'','processCount','',0),(52,'f9a15e3fb9ea92d097ba6cdb6166b45f',0,0,20,'','U','','0','',600,'',1,'','recacheDevices','',0),(53,'df73b613c8415809ce4b0163abcfabf0',0,0,20,'','U','','0','',600,'',1,'','recacheTime','',0),(54,'72b0a00e93f7e0af991cb2391111fe9d',0,0,21,'','U','','0','',600,'',1,'','redirectTime','',0),(55,'e64ff1388b23b7513e7552a24554b3c6',0,0,21,'','U','','0','',600,'',1,'','totalTime','',57),(56,'2efcce5e14413e8af2becfe0c27f22ab',0,0,21,'','U','','0','',600,'',1,'','connectTime','',0),(57,'67e42a7791d6f999206e6cf326a57a6d',0,0,21,'','U','','0',NULL,600,'',1,'','lookupTime','',0),(58,'4d92996d3e8a84abf8810093b2d5ed42',0,0,22,'','U','','0','',600,'',1,'','downloadSize','',0),(59,'c23245987b9310cb4f538cf44dd99742',0,0,23,'','U','','0','',600,'',1,'','downloadSpeed','',0),(60,'941ad2fce8ea3fc7f77959b45b175f4a',0,0,24,'','U','','0','',600,'',1,'','checkStatus','',0),(61,'74c7ddbfab5db5cc22f6193bd06c6d39',0,0,25,'','U','','0',NULL,600,'',1,'','totalGraphs','',0),(62,'aca40cd58112e6c3c0b24d99c8f6a0b9',0,0,26,'','U','','0',NULL,600,'',1,'','lastRuntime','',0),(63,'3c0fd1a188b64a662dfbfa985648397b',0,0,27,'','100','','0','',600,'',1,'','5min_cpu','',0),(64,'d87746b98b16ec2380f2dfa878a11a87',0,0,28,'','U','','0',NULL,600,'',1,'','polling_time','',90),(65,'1330cb9379c39216c4c26b5457a3b1bd',0,0,29,'','U','','0',NULL,600,'',1,'','uptime','',92),(66,'2df25c57022b0c7e7d0be4c035ada1a0',0,0,30,'on','100000000000','','0','',600,'',2,'','traffic_in','',0),(67,'721c0794526d1ac1c359f27dc56faa49',0,0,30,'on','100000000000','','0','',600,'',2,'','traffic_out','',0),(68,'c802e2fd77f5b0a4c4298951bf65957c',0,0,31,'','10000000','','0','',600,'',2,'','errors_in','',0),(69,'4e2a72240955380dc8ffacfcc8c09874',0,0,31,'','10000000','','0','',600,'',2,'','discards_in','',0),(70,'13ebb33f9cbccfcba828db1075a8167c',0,0,31,'','10000000','','0','',600,'',2,'','discards_out','',0),(71,'31399c3725bee7e09ec04049e3d5cd17',0,0,31,'','10000000','','0','',600,'',2,'','errors_out','',0),(72,'636672962b5bb2f31d86985e2ab4bdfe',0,0,32,'','1000000000','','0','',600,'',2,'','unicast_in','',0),(73,'18ce92c125a236a190ee9dd948f56268',0,0,32,'','1000000000','','0','',600,'',2,'','unicast_out','',0),(74,'7be68cbc4ee0b2973eb9785f8c7a35c7',0,0,33,'','1000000000','','0','',600,'',2,'','nonunicast_out','',0),(75,'93e2b6f59b10b13f2ddf2da3ae98b89a',0,0,33,'','1000000000','','0','',600,'',2,'','nonunicast_in','',0),(76,'962fd1994fe9cae87fb36436bdb8a742',0,0,34,'','U','','0','',600,'',1,'','ping','',30),(77,'224b83ea73f55f8a861bcf4c9bea0472',0,0,35,'on','U','','0','',600,'on',1,'','snmp_oid','',0),(78,'f1ba3a5b17b95825021241398bb0f277',0,0,36,'','U','','0','',600,'',1,'','proc','',24),(79,'8175ca431c8fe50efff5a1d3ae51b55d',0,0,37,'','U','','0','',600,'',1,'','load_1min','',17),(80,'a2eeb8acd6ea01cd0e3ac852965c0eb6',0,0,37,'','U','','0','',600,'',1,'','load_5min','',18),(81,'9f951b7fb3b19285a411aebb5254a831',0,0,37,'','U','','0','',600,'',1,'','load_15min','',19),(82,'46a5afe8e6c0419172c76421dc9e304a',0,0,38,'','U','','0','',600,'',1,'','users','',21),(83,'a4df3de5238d3beabee1a2fe140d3d80',0,0,39,'','U','','0','',600,'',1,'','mem_buffers','',23),(84,'7fea6acc9b1a19484b4cb4cef2b6c5da',0,0,40,'','U','','0','',600,'',1,'','mem_swap','',23),(85,'4c82df790325d789d304e6ee5cd4ab7d',0,0,41,'','U','','0','',600,'',1,'','hdd_free','',0),(86,'07175541991def89bd02d28a215f6fcc',0,0,41,'','U','','0','',600,'',1,'','hdd_used','',0),(87,'ed44c2438ef7e46e2aeed2b6c580815c',0,0,42,'','U','','0','',600,'',1,'','load_1min','',0),(88,'9b3a00c9e3530d9e58895ac38271361e',0,0,43,'','U','','0','',600,'',1,'','load_5min','',0),(89,'6746c2ed836ecc68a71bbddf06b0e5d9',0,0,44,'','U','','0','',600,'',1,'','load_15min','',0),(90,'9835d9e1a8c78aa2475d752e8fa74812',0,0,45,'','U','','0','',600,'',1,'','mem_buffers','',0),(91,'9c78dc1981bcea841b8c827c6dc0d26c',0,0,46,'','U','','0','',600,'',1,'','mem_free','',0),(92,'7a6ca455bbeff99ca891371bc77d5cf9',0,0,47,'','U','','0','',600,'',1,'','mem_cache','',0),(93,'129128c4c4769a74adfccf3bfa2eac32',0,0,48,'','U','','0',NULL,600,'',1,'','mem_total','',0),(94,'9464c91bcff47f23085ae5adae6ab987',0,0,49,'','U','','0','',600,'',1,'','users','',0),(95,'50ccbe193c6c7fc29fb9f726cd6c48ee',0,0,50,'','U','','0','',600,'',1,'','proc','',0),(96,'f7fc3e802831391ccd92c05b680da27c',0,0,51,'','U','','0','',600,'',1,'','ssCpuSystem','',0),(97,'93d64a9d12a9929013cd9e970a5d333c',0,0,52,'','U','','0','',600,'',1,'','ssCpuUser','',0),(98,'3d13e790d0eedbeaa9601dcd8c49be31',0,0,53,'','U','','0','',600,'',1,'','ssCpuIdle','',0),(99,'6f3c1f1706df1e20976bd5d616f63d1d',0,0,54,'','U','','0','',600,'on',1,'','ssSysInterrupts','',0),(100,'4faab1acdeb03e2bad23d3b80cf9455f',0,0,55,'','U','','0','',600,'',1,'','ssSysContext','',0),(101,'9a925659fc657e446d8623fae0ee9bfa',0,0,56,'','U','','0','',600,'',1,'','reads','',94),(102,'67f8e5f269e7d77818cdb11a9639b561',0,0,56,'','U','','0','',600,'',1,'','writes','',95),(103,'1e2ceb5261d92b3b668b1b8b6c1c4d5f',0,0,57,'','U','','0','',600,'',1,'','bytesread','',97),(104,'dc830e6d271690a7d323199b00b09836',0,0,57,'','U','','0','',600,'',1,'','byteswritten','',98),(105,'2d53f9c76767a2ae8909f4152fd473a4',0,0,58,'','U','','0','',600,'',1,'','hdd_free','',0),(106,'93d91aa7a3cc5473e7b195d5d6e6e675',0,0,58,'','U','','0','',600,'',1,'','hdd_used','',0),(107,'0ee6bb54957f6795a5369a29f818d860',0,0,59,'','U','','0','',600,'',1,'','hdd_used','',0),(108,'165a0da5f461561c85d092dfe96b9551',0,0,59,'','U','','0','',600,'',1,'','hdd_total','',0),(109,'9825aaf7c0bdf1554c5b4b86680ac2c0',0,0,60,'','U','','0','',600,'',1,'','cpu','',0),(110,'bd02243964326257af313861ed5dbd68',0,0,61,'','0','','0','',600,'',2,'','Device_Reads','',0),(111,'0810b7d392b044e5947e324942a6c6dc',0,0,61,'','0','','0','',600,'',2,'','Bytes_Written','',0),(112,'5caf6f213e9e828efc9f8f9b2ed76d3d',0,0,61,'','0','','0','',600,'',2,'','Device_Writes','',0),(113,'15f554db4748ed584449fe6d3cddb38e',0,0,61,'','100','','0','',600,'',1,'','1Min_LoadAvg','',0),(114,'c7d3c107a9598f2a1209ed0fccd2527c',0,0,61,'','100','','0','',600,'',1,'','5Min_LoadAvg','',0),(115,'8aa93b5eb1db402622935784e9bce232',0,0,61,'','100','','0','',600,'',1,'','15Min_LoadAvg','',0),(116,'569d9564a56dfe030df1fec5b596a6eb',0,0,61,'','0','','0','',600,'',2,'','Bytes_Read','',0),(117,'',78,1,36,NULL,'U',NULL,'0',NULL,600,NULL,1,NULL,'proc',NULL,24),(118,'',79,2,37,NULL,'U',NULL,'0',NULL,600,NULL,1,NULL,'load_1min',NULL,17),(119,'',80,2,37,NULL,'U',NULL,'0',NULL,600,NULL,1,NULL,'load_5min',NULL,18),(120,'',81,2,37,NULL,'U',NULL,'0',NULL,600,NULL,1,NULL,'load_15min',NULL,19),(121,'',82,3,38,NULL,'U',NULL,'0',NULL,600,NULL,1,NULL,'users',NULL,21),(122,'',83,4,39,NULL,'U',NULL,'0',NULL,600,NULL,1,NULL,'mem_buffers',NULL,23),(123,'',84,5,40,NULL,'U',NULL,'0',NULL,600,NULL,1,NULL,'mem_swap',NULL,23),(128,'',64,10,28,NULL,'U',NULL,'0',NULL,600,NULL,1,NULL,'polling_time',NULL,90),(129,'',65,11,29,NULL,'U',NULL,'0',NULL,600,NULL,1,NULL,'uptime',NULL,92),(130,'',94,12,49,NULL,'U',NULL,'0',NULL,600,NULL,1,NULL,'users',NULL,0),(131,'',95,13,50,NULL,'U',NULL,'0',NULL,600,NULL,1,NULL,'proc',NULL,0),(132,'',107,14,59,NULL,'U',NULL,'0',NULL,600,NULL,1,NULL,'hdd_used',NULL,0),(133,'',108,14,59,NULL,'U',NULL,'0',NULL,600,NULL,1,NULL,'hdd_total',NULL,0),(134,'',107,15,59,NULL,'U',NULL,'0',NULL,600,NULL,1,NULL,'hdd_used',NULL,0),(135,'',108,15,59,NULL,'U',NULL,'0',NULL,600,NULL,1,NULL,'hdd_total',NULL,0),(136,'',107,16,59,NULL,'U',NULL,'0',NULL,600,NULL,1,NULL,'hdd_used',NULL,0),(137,'',108,16,59,NULL,'U',NULL,'0',NULL,600,NULL,1,NULL,'hdd_total',NULL,0),(138,'',107,17,59,NULL,'U',NULL,'0',NULL,600,NULL,1,NULL,'hdd_used',NULL,0),(139,'',108,17,59,NULL,'U',NULL,'0',NULL,600,NULL,1,NULL,'hdd_total',NULL,0),(140,'',107,18,59,NULL,'U',NULL,'0',NULL,600,NULL,1,NULL,'hdd_used',NULL,0),(141,'',108,18,59,NULL,'U',NULL,'0',NULL,600,NULL,1,NULL,'hdd_total',NULL,0),(142,'',109,19,60,NULL,'U',NULL,'0',NULL,600,NULL,1,NULL,'cpu',NULL,0),(143,'',109,20,60,NULL,'U',NULL,'0',NULL,600,NULL,1,NULL,'cpu',NULL,0),(144,'',109,21,60,NULL,'U',NULL,'0',NULL,600,NULL,1,NULL,'cpu',NULL,0),(145,'',109,22,60,NULL,'U',NULL,'0',NULL,600,NULL,1,NULL,'cpu',NULL,0),(146,'',109,23,60,NULL,'U',NULL,'0',NULL,600,NULL,1,NULL,'cpu',NULL,0),(147,'',64,24,28,NULL,'U',NULL,'0',NULL,600,NULL,1,NULL,'polling_time',NULL,90),(148,'',65,25,29,NULL,'U',NULL,'0',NULL,600,NULL,1,NULL,'uptime',NULL,92),(149,'',87,26,42,NULL,'U',NULL,'0',NULL,600,NULL,1,NULL,'load_1min',NULL,0),(150,'',89,27,44,NULL,'U',NULL,'0',NULL,600,NULL,1,NULL,'load_15min',NULL,0),(151,'',88,28,43,NULL,'U',NULL,'0',NULL,600,NULL,1,NULL,'load_5min',NULL,0),(152,'',90,29,45,NULL,'U',NULL,'0',NULL,600,NULL,1,NULL,'mem_buffers',NULL,0),(153,'',92,30,47,NULL,'U',NULL,'0',NULL,600,NULL,1,NULL,'mem_cache',NULL,0),(154,'',91,31,46,NULL,'U',NULL,'0',NULL,600,NULL,1,NULL,'mem_free',NULL,0),(155,'',93,32,48,NULL,'U',NULL,'0',NULL,600,NULL,1,NULL,'mem_total',NULL,0),(156,'',94,33,49,NULL,'U',NULL,'0',NULL,600,NULL,1,NULL,'users',NULL,0),(157,'',95,34,50,NULL,'U',NULL,'0',NULL,600,NULL,1,NULL,'proc',NULL,0),(158,'',98,35,53,NULL,'U',NULL,'0',NULL,600,NULL,1,NULL,'ssCpuIdle',NULL,0),(159,'',96,36,51,NULL,'U',NULL,'0',NULL,600,NULL,1,NULL,'ssCpuSystem',NULL,0),(160,'',97,37,52,NULL,'U',NULL,'0',NULL,600,NULL,1,NULL,'ssCpuUser',NULL,0),(161,'',99,38,54,NULL,'U',NULL,'0',NULL,600,NULL,1,NULL,'ssSysInterrupts',NULL,0),(162,'',100,39,55,NULL,'U',NULL,'0',NULL,600,NULL,1,NULL,'ssSysContext',NULL,0),(163,'',101,40,56,NULL,'U',NULL,'0',NULL,600,NULL,1,NULL,'reads',NULL,94),(164,'',102,40,56,NULL,'U',NULL,'0',NULL,600,NULL,1,NULL,'writes',NULL,95),(165,'',103,41,57,NULL,'U',NULL,'0',NULL,600,NULL,1,NULL,'bytesread',NULL,97),(166,'',104,41,57,NULL,'U',NULL,'0',NULL,600,NULL,1,NULL,'byteswritten',NULL,98),(167,'',110,42,61,NULL,'0',NULL,'0',NULL,600,NULL,2,NULL,'Device_Reads',NULL,0),(168,'',111,42,61,NULL,'0',NULL,'0',NULL,600,NULL,2,NULL,'Bytes_Written',NULL,0),(169,'',112,42,61,NULL,'0',NULL,'0',NULL,600,NULL,2,NULL,'Device_Writes',NULL,0),(170,'',113,42,61,NULL,'100',NULL,'0',NULL,600,NULL,1,NULL,'1Min_LoadAvg',NULL,0),(171,'',114,42,61,NULL,'100',NULL,'0',NULL,600,NULL,1,NULL,'5Min_LoadAvg',NULL,0),(172,'',115,42,61,NULL,'100',NULL,'0',NULL,600,NULL,1,NULL,'15Min_LoadAvg',NULL,0),(173,'',116,42,61,NULL,'0',NULL,'0',NULL,600,NULL,2,NULL,'Bytes_Read',NULL,0),(174,'',110,43,61,NULL,'0',NULL,'0',NULL,600,NULL,2,NULL,'Device_Reads',NULL,0),(175,'',111,43,61,NULL,'0',NULL,'0',NULL,600,NULL,2,NULL,'Bytes_Written',NULL,0),(176,'',112,43,61,NULL,'0',NULL,'0',NULL,600,NULL,2,NULL,'Device_Writes',NULL,0),(177,'',113,43,61,NULL,'100',NULL,'0',NULL,600,NULL,1,NULL,'1Min_LoadAvg',NULL,0),(178,'',114,43,61,NULL,'100',NULL,'0',NULL,600,NULL,1,NULL,'5Min_LoadAvg',NULL,0),(179,'',115,43,61,NULL,'100',NULL,'0',NULL,600,NULL,1,NULL,'15Min_LoadAvg',NULL,0),(180,'',116,43,61,NULL,'0',NULL,'0',NULL,600,NULL,2,NULL,'Bytes_Read',NULL,0),(181,'',110,44,61,NULL,'0',NULL,'0',NULL,600,NULL,2,NULL,'Device_Reads',NULL,0),(182,'',111,44,61,NULL,'0',NULL,'0',NULL,600,NULL,2,NULL,'Bytes_Written',NULL,0),(183,'',112,44,61,NULL,'0',NULL,'0',NULL,600,NULL,2,NULL,'Device_Writes',NULL,0),(184,'',113,44,61,NULL,'100',NULL,'0',NULL,600,NULL,1,NULL,'1Min_LoadAvg',NULL,0),(185,'',114,44,61,NULL,'100',NULL,'0',NULL,600,NULL,1,NULL,'5Min_LoadAvg',NULL,0),(186,'',115,44,61,NULL,'100',NULL,'0',NULL,600,NULL,1,NULL,'15Min_LoadAvg',NULL,0),(187,'',116,44,61,NULL,'0',NULL,'0',NULL,600,NULL,2,NULL,'Bytes_Read',NULL,0),(188,'',110,45,61,NULL,'0',NULL,'0',NULL,600,NULL,2,NULL,'Device_Reads',NULL,0),(189,'',111,45,61,NULL,'0',NULL,'0',NULL,600,NULL,2,NULL,'Bytes_Written',NULL,0),(190,'',112,45,61,NULL,'0',NULL,'0',NULL,600,NULL,2,NULL,'Device_Writes',NULL,0),(191,'',113,45,61,NULL,'100',NULL,'0',NULL,600,NULL,1,NULL,'1Min_LoadAvg',NULL,0),(192,'',114,45,61,NULL,'100',NULL,'0',NULL,600,NULL,1,NULL,'5Min_LoadAvg',NULL,0),(193,'',115,45,61,NULL,'100',NULL,'0',NULL,600,NULL,1,NULL,'15Min_LoadAvg',NULL,0),(194,'',116,45,61,NULL,'0',NULL,'0',NULL,600,NULL,2,NULL,'Bytes_Read',NULL,0),(195,'',110,46,61,NULL,'0',NULL,'0',NULL,600,NULL,2,NULL,'Device_Reads',NULL,0),(196,'',111,46,61,NULL,'0',NULL,'0',NULL,600,NULL,2,NULL,'Bytes_Written',NULL,0),(197,'',112,46,61,NULL,'0',NULL,'0',NULL,600,NULL,2,NULL,'Device_Writes',NULL,0),(198,'',113,46,61,NULL,'100',NULL,'0',NULL,600,NULL,1,NULL,'1Min_LoadAvg',NULL,0),(199,'',114,46,61,NULL,'100',NULL,'0',NULL,600,NULL,1,NULL,'5Min_LoadAvg',NULL,0),(200,'',115,46,61,NULL,'100',NULL,'0',NULL,600,NULL,1,NULL,'15Min_LoadAvg',NULL,0),(201,'',116,46,61,NULL,'0',NULL,'0',NULL,600,NULL,2,NULL,'Bytes_Read',NULL,0),(202,'',110,47,61,NULL,'0',NULL,'0',NULL,600,NULL,2,NULL,'Device_Reads',NULL,0),(203,'',111,47,61,NULL,'0',NULL,'0',NULL,600,NULL,2,NULL,'Bytes_Written',NULL,0),(204,'',112,47,61,NULL,'0',NULL,'0',NULL,600,NULL,2,NULL,'Device_Writes',NULL,0),(205,'',113,47,61,NULL,'100',NULL,'0',NULL,600,NULL,1,NULL,'1Min_LoadAvg',NULL,0),(206,'',114,47,61,NULL,'100',NULL,'0',NULL,600,NULL,1,NULL,'5Min_LoadAvg',NULL,0),(207,'',115,47,61,NULL,'100',NULL,'0',NULL,600,NULL,1,NULL,'15Min_LoadAvg',NULL,0),(208,'',116,47,61,NULL,'0',NULL,'0',NULL,600,NULL,2,NULL,'Bytes_Read',NULL,0),(209,'',110,48,61,NULL,'0',NULL,'0',NULL,600,NULL,2,NULL,'Device_Reads',NULL,0),(210,'',111,48,61,NULL,'0',NULL,'0',NULL,600,NULL,2,NULL,'Bytes_Written',NULL,0),(211,'',112,48,61,NULL,'0',NULL,'0',NULL,600,NULL,2,NULL,'Device_Writes',NULL,0),(212,'',113,48,61,NULL,'100',NULL,'0',NULL,600,NULL,1,NULL,'1Min_LoadAvg',NULL,0),(213,'',114,48,61,NULL,'100',NULL,'0',NULL,600,NULL,1,NULL,'5Min_LoadAvg',NULL,0),(214,'',115,48,61,NULL,'100',NULL,'0',NULL,600,NULL,1,NULL,'15Min_LoadAvg',NULL,0),(215,'',116,48,61,NULL,'0',NULL,'0',NULL,600,NULL,2,NULL,'Bytes_Read',NULL,0),(216,'',107,49,59,NULL,'U',NULL,'0',NULL,600,NULL,1,NULL,'hdd_used',NULL,0),(217,'',108,49,59,NULL,'U',NULL,'0',NULL,600,NULL,1,NULL,'hdd_total',NULL,0),(218,'',107,50,59,NULL,'U',NULL,'0',NULL,600,NULL,1,NULL,'hdd_used',NULL,0),(219,'',108,50,59,NULL,'U',NULL,'0',NULL,600,NULL,1,NULL,'hdd_total',NULL,0),(220,'',107,51,59,NULL,'U',NULL,'0',NULL,600,NULL,1,NULL,'hdd_used',NULL,0),(221,'',108,51,59,NULL,'U',NULL,'0',NULL,600,NULL,1,NULL,'hdd_total',NULL,0),(222,'',107,52,59,NULL,'U',NULL,'0',NULL,600,NULL,1,NULL,'hdd_used',NULL,0),(223,'',108,52,59,NULL,'U',NULL,'0',NULL,600,NULL,1,NULL,'hdd_total',NULL,0),(224,'',107,53,59,NULL,'U',NULL,'0',NULL,600,NULL,1,NULL,'hdd_used',NULL,0),(225,'',108,53,59,NULL,'U',NULL,'0',NULL,600,NULL,1,NULL,'hdd_total',NULL,0),(226,'',107,54,59,NULL,'U',NULL,'0',NULL,600,NULL,1,NULL,'hdd_used',NULL,0),(227,'',108,54,59,NULL,'U',NULL,'0',NULL,600,NULL,1,NULL,'hdd_total',NULL,0),(234,'',107,58,59,NULL,'U',NULL,'0',NULL,600,NULL,1,NULL,'hdd_used',NULL,0),(235,'',108,58,59,NULL,'U',NULL,'0',NULL,600,NULL,1,NULL,'hdd_total',NULL,0),(258,'',109,70,60,NULL,'U',NULL,'0',NULL,600,NULL,1,NULL,'cpu',NULL,0),(259,'',109,71,60,NULL,'U',NULL,'0',NULL,600,NULL,1,NULL,'cpu',NULL,0),(260,'',109,72,60,NULL,'U',NULL,'0',NULL,600,NULL,1,NULL,'cpu',NULL,0),(261,'',109,73,60,NULL,'U',NULL,'0',NULL,600,NULL,1,NULL,'cpu',NULL,0),(262,'',109,74,60,NULL,'U',NULL,'0',NULL,600,NULL,1,NULL,'cpu',NULL,0),(263,'',66,75,30,NULL,'10000000000',NULL,'0',NULL,600,NULL,2,NULL,'traffic_in',NULL,0),(264,'',67,75,30,NULL,'10000000000',NULL,'0',NULL,600,NULL,2,NULL,'traffic_out',NULL,0),(265,'',66,76,30,NULL,'1000000000',NULL,'0',NULL,600,NULL,2,NULL,'traffic_in',NULL,0),(266,'',67,76,30,NULL,'1000000000',NULL,'0',NULL,600,NULL,2,NULL,'traffic_out',NULL,0),(267,'',63,77,27,NULL,'100',NULL,'0',NULL,600,NULL,1,NULL,'5min_cpu',NULL,0),(268,'',64,78,28,NULL,'U',NULL,'0',NULL,600,NULL,1,NULL,'polling_time',NULL,90),(269,'',65,79,29,NULL,'U',NULL,'0',NULL,600,NULL,1,NULL,'uptime',NULL,92),(270,'',66,80,30,NULL,'100000000',NULL,'0',NULL,600,NULL,2,NULL,'traffic_in',NULL,0),(271,'',67,80,30,NULL,'100000000',NULL,'0',NULL,600,NULL,2,NULL,'traffic_out',NULL,0),(272,'',66,81,30,NULL,'100000000',NULL,'0',NULL,600,NULL,2,NULL,'traffic_in',NULL,0),(273,'',67,81,30,NULL,'100000000',NULL,'0',NULL,600,NULL,2,NULL,'traffic_out',NULL,0),(274,'',66,82,30,NULL,'100000000',NULL,'0',NULL,600,NULL,2,NULL,'traffic_in',NULL,0),(275,'',67,82,30,NULL,'100000000',NULL,'0',NULL,600,NULL,2,NULL,'traffic_out',NULL,0),(276,'',66,83,30,NULL,'1000000000',NULL,'0',NULL,600,NULL,2,NULL,'traffic_in',NULL,0),(277,'',67,83,30,NULL,'1000000000',NULL,'0',NULL,600,NULL,2,NULL,'traffic_out',NULL,0),(278,'',66,84,30,NULL,'1000000000',NULL,'0',NULL,600,NULL,2,NULL,'traffic_in',NULL,0),(279,'',67,84,30,NULL,'1000000000',NULL,'0',NULL,600,NULL,2,NULL,'traffic_out',NULL,0),(280,'',66,85,30,NULL,'100000000',NULL,'0',NULL,600,NULL,2,NULL,'traffic_in',NULL,0),(281,'',67,85,30,NULL,'100000000',NULL,'0',NULL,600,NULL,2,NULL,'traffic_out',NULL,0),(282,'',66,86,30,NULL,'1000000000',NULL,'0',NULL,600,NULL,2,NULL,'traffic_in',NULL,0),(283,'',67,86,30,NULL,'1000000000',NULL,'0',NULL,600,NULL,2,NULL,'traffic_out',NULL,0),(284,'',64,87,28,NULL,'U',NULL,'0',NULL,600,NULL,1,NULL,'polling_time',NULL,90),(285,'',65,88,29,NULL,'U',NULL,'0',NULL,600,NULL,1,NULL,'uptime',NULL,92),(286,'',87,89,42,NULL,'U',NULL,'0',NULL,600,NULL,1,NULL,'load_1min',NULL,0),(287,'',89,90,44,NULL,'U',NULL,'0',NULL,600,NULL,1,NULL,'load_15min',NULL,0),(288,'',88,91,43,NULL,'U',NULL,'0',NULL,600,NULL,1,NULL,'load_5min',NULL,0),(289,'',90,92,45,NULL,'U',NULL,'0',NULL,600,NULL,1,NULL,'mem_buffers',NULL,0),(290,'',92,93,47,NULL,'U',NULL,'0',NULL,600,NULL,1,NULL,'mem_cache',NULL,0),(291,'',91,94,46,NULL,'U',NULL,'0',NULL,600,NULL,1,NULL,'mem_free',NULL,0),(292,'',93,95,48,NULL,'U',NULL,'0',NULL,600,NULL,1,NULL,'mem_total',NULL,0),(293,'',94,96,49,NULL,'U',NULL,'0',NULL,600,NULL,1,NULL,'users',NULL,0),(294,'',95,97,50,NULL,'U',NULL,'0',NULL,600,NULL,1,NULL,'proc',NULL,0),(295,'',98,98,53,NULL,'U',NULL,'0',NULL,600,NULL,1,NULL,'ssCpuIdle',NULL,0),(296,'',96,99,51,NULL,'U',NULL,'0',NULL,600,NULL,1,NULL,'ssCpuSystem',NULL,0),(297,'',97,100,52,NULL,'U',NULL,'0',NULL,600,NULL,1,NULL,'ssCpuUser',NULL,0),(298,'',99,101,54,NULL,'U',NULL,'0',NULL,600,NULL,1,NULL,'ssSysInterrupts',NULL,0),(299,'',100,102,55,NULL,'U',NULL,'0',NULL,600,NULL,1,NULL,'ssSysContext',NULL,0),(300,'',101,103,56,NULL,'U',NULL,'0',NULL,600,NULL,1,NULL,'reads',NULL,94),(301,'',102,103,56,NULL,'U',NULL,'0',NULL,600,NULL,1,NULL,'writes',NULL,95),(302,'',103,104,57,NULL,'U',NULL,'0',NULL,600,NULL,1,NULL,'bytesread',NULL,97),(303,'',104,104,57,NULL,'U',NULL,'0',NULL,600,NULL,1,NULL,'byteswritten',NULL,98),(304,'',107,105,59,NULL,'U',NULL,'0',NULL,600,NULL,1,NULL,'hdd_used',NULL,0),(305,'',108,105,59,NULL,'U',NULL,'0',NULL,600,NULL,1,NULL,'hdd_total',NULL,0),(306,'',107,106,59,NULL,'U',NULL,'0',NULL,600,NULL,1,NULL,'hdd_used',NULL,0),(307,'',108,106,59,NULL,'U',NULL,'0',NULL,600,NULL,1,NULL,'hdd_total',NULL,0),(308,'',107,107,59,NULL,'U',NULL,'0',NULL,600,NULL,1,NULL,'hdd_used',NULL,0),(309,'',108,107,59,NULL,'U',NULL,'0',NULL,600,NULL,1,NULL,'hdd_total',NULL,0),(310,'',107,108,59,NULL,'U',NULL,'0',NULL,600,NULL,1,NULL,'hdd_used',NULL,0),(311,'',108,108,59,NULL,'U',NULL,'0',NULL,600,NULL,1,NULL,'hdd_total',NULL,0),(312,'',107,109,59,NULL,'U',NULL,'0',NULL,600,NULL,1,NULL,'hdd_used',NULL,0),(313,'',108,109,59,NULL,'U',NULL,'0',NULL,600,NULL,1,NULL,'hdd_total',NULL,0),(314,'',107,110,59,NULL,'U',NULL,'0',NULL,600,NULL,1,NULL,'hdd_used',NULL,0),(315,'',108,110,59,NULL,'U',NULL,'0',NULL,600,NULL,1,NULL,'hdd_total',NULL,0),(316,'',107,111,59,NULL,'U',NULL,'0',NULL,600,NULL,1,NULL,'hdd_used',NULL,0),(317,'',108,111,59,NULL,'U',NULL,'0',NULL,600,NULL,1,NULL,'hdd_total',NULL,0),(318,'',107,112,59,NULL,'U',NULL,'0',NULL,600,NULL,1,NULL,'hdd_used',NULL,0),(319,'',108,112,59,NULL,'U',NULL,'0',NULL,600,NULL,1,NULL,'hdd_total',NULL,0),(320,'',109,113,60,NULL,'U',NULL,'0',NULL,600,NULL,1,NULL,'cpu',NULL,0),(321,'',109,114,60,NULL,'U',NULL,'0',NULL,600,NULL,1,NULL,'cpu',NULL,0),(322,'',109,115,60,NULL,'U',NULL,'0',NULL,600,NULL,1,NULL,'cpu',NULL,0),(323,'',66,116,30,NULL,'100000000',NULL,'0',NULL,600,NULL,2,NULL,'traffic_in',NULL,0),(324,'',67,116,30,NULL,'100000000',NULL,'0',NULL,600,NULL,2,NULL,'traffic_out',NULL,0),(325,'',66,117,30,NULL,'1000000000',NULL,'0',NULL,600,NULL,2,NULL,'traffic_in',NULL,0),(326,'',67,117,30,NULL,'1000000000',NULL,'0',NULL,600,NULL,2,NULL,'traffic_out',NULL,0),(327,'',66,118,30,NULL,'1000000000',NULL,'0',NULL,600,NULL,2,NULL,'traffic_in',NULL,0),(328,'',67,118,30,NULL,'1000000000',NULL,'0',NULL,600,NULL,2,NULL,'traffic_out',NULL,0),(329,'',66,119,30,NULL,'1000000000',NULL,'0',NULL,600,NULL,2,NULL,'traffic_in',NULL,0),(330,'',67,119,30,NULL,'1000000000',NULL,'0',NULL,600,NULL,2,NULL,'traffic_out',NULL,0),(331,'',66,120,30,NULL,'1000000000',NULL,'0',NULL,600,NULL,2,NULL,'traffic_in',NULL,0),(332,'',67,120,30,NULL,'1000000000',NULL,'0',NULL,600,NULL,2,NULL,'traffic_out',NULL,0),(333,'',66,121,30,NULL,'1000000000',NULL,'0',NULL,600,NULL,2,NULL,'traffic_in',NULL,0),(334,'',67,121,30,NULL,'1000000000',NULL,'0',NULL,600,NULL,2,NULL,'traffic_out',NULL,0),(335,'',66,122,30,NULL,'1000000000',NULL,'0',NULL,600,NULL,2,NULL,'traffic_in',NULL,0),(336,'',67,122,30,NULL,'1000000000',NULL,'0',NULL,600,NULL,2,NULL,'traffic_out',NULL,0),(337,'',66,123,30,NULL,'1000000000',NULL,'0',NULL,600,NULL,2,NULL,'traffic_in',NULL,0),(338,'',67,123,30,NULL,'1000000000',NULL,'0',NULL,600,NULL,2,NULL,'traffic_out',NULL,0),(339,'',64,124,28,NULL,'U',NULL,'0',NULL,600,NULL,1,NULL,'polling_time',NULL,90),(340,'',65,125,29,NULL,'U',NULL,'0',NULL,600,NULL,1,NULL,'uptime',NULL,92),(341,'',87,126,42,NULL,'U',NULL,'0',NULL,600,NULL,1,NULL,'load_1min',NULL,0),(342,'',89,127,44,NULL,'U',NULL,'0',NULL,600,NULL,1,NULL,'load_15min',NULL,0),(343,'',88,128,43,NULL,'U',NULL,'0',NULL,600,NULL,1,NULL,'load_5min',NULL,0),(344,'',90,129,45,NULL,'U',NULL,'0',NULL,600,NULL,1,NULL,'mem_buffers',NULL,0),(345,'',92,130,47,NULL,'U',NULL,'0',NULL,600,NULL,1,NULL,'mem_cache',NULL,0),(346,'',91,131,46,NULL,'U',NULL,'0',NULL,600,NULL,1,NULL,'mem_free',NULL,0),(347,'',93,132,48,NULL,'U',NULL,'0',NULL,600,NULL,1,NULL,'mem_total',NULL,0),(348,'',94,133,49,NULL,'U',NULL,'0',NULL,600,NULL,1,NULL,'users',NULL,0),(349,'',95,134,50,NULL,'U',NULL,'0',NULL,600,NULL,1,NULL,'proc',NULL,0),(350,'',98,135,53,NULL,'U',NULL,'0',NULL,600,NULL,1,NULL,'ssCpuIdle',NULL,0),(351,'',96,136,51,NULL,'U',NULL,'0',NULL,600,NULL,1,NULL,'ssCpuSystem',NULL,0),(352,'',97,137,52,NULL,'U',NULL,'0',NULL,600,NULL,1,NULL,'ssCpuUser',NULL,0),(353,'',99,138,54,NULL,'U',NULL,'0',NULL,600,NULL,1,NULL,'ssSysInterrupts',NULL,0),(354,'',100,139,55,NULL,'U',NULL,'0',NULL,600,NULL,1,NULL,'ssSysContext',NULL,0),(355,'',101,140,56,NULL,'U',NULL,'0',NULL,600,NULL,1,NULL,'reads',NULL,94),(356,'',102,140,56,NULL,'U',NULL,'0',NULL,600,NULL,1,NULL,'writes',NULL,95),(357,'',103,141,57,NULL,'U',NULL,'0',NULL,600,NULL,1,NULL,'bytesread',NULL,97),(358,'',104,141,57,NULL,'U',NULL,'0',NULL,600,NULL,1,NULL,'byteswritten',NULL,98),(359,'',107,142,59,NULL,'U',NULL,'0',NULL,600,NULL,1,NULL,'hdd_used',NULL,0),(360,'',108,142,59,NULL,'U',NULL,'0',NULL,600,NULL,1,NULL,'hdd_total',NULL,0),(361,'',107,143,59,NULL,'U',NULL,'0',NULL,600,NULL,1,NULL,'hdd_used',NULL,0),(362,'',108,143,59,NULL,'U',NULL,'0',NULL,600,NULL,1,NULL,'hdd_total',NULL,0),(363,'',107,144,59,NULL,'U',NULL,'0',NULL,600,NULL,1,NULL,'hdd_used',NULL,0),(364,'',108,144,59,NULL,'U',NULL,'0',NULL,600,NULL,1,NULL,'hdd_total',NULL,0),(365,'',107,145,59,NULL,'U',NULL,'0',NULL,600,NULL,1,NULL,'hdd_used',NULL,0),(366,'',108,145,59,NULL,'U',NULL,'0',NULL,600,NULL,1,NULL,'hdd_total',NULL,0),(367,'',107,146,59,NULL,'U',NULL,'0',NULL,600,NULL,1,NULL,'hdd_used',NULL,0),(368,'',108,146,59,NULL,'U',NULL,'0',NULL,600,NULL,1,NULL,'hdd_total',NULL,0),(369,'',109,147,60,NULL,'U',NULL,'0',NULL,600,NULL,1,NULL,'cpu',NULL,0),(370,'',109,148,60,NULL,'U',NULL,'0',NULL,600,NULL,1,NULL,'cpu',NULL,0),(371,'',109,149,60,NULL,'U',NULL,'0',NULL,600,NULL,1,NULL,'cpu',NULL,0),(372,'',109,150,60,NULL,'U',NULL,'0',NULL,600,NULL,1,NULL,'cpu',NULL,0),(373,'',109,151,60,NULL,'U',NULL,'0',NULL,600,NULL,1,NULL,'cpu',NULL,0),(374,'',109,152,60,NULL,'U',NULL,'0',NULL,600,NULL,1,NULL,'cpu',NULL,0),(375,'',109,153,60,NULL,'U',NULL,'0',NULL,600,NULL,1,NULL,'cpu',NULL,0),(376,'',109,154,60,NULL,'U',NULL,'0',NULL,600,NULL,1,NULL,'cpu',NULL,0),(377,'',109,155,60,NULL,'U',NULL,'0',NULL,600,NULL,1,NULL,'cpu',NULL,0),(378,'',66,156,30,NULL,'100000000',NULL,'0',NULL,600,NULL,2,NULL,'traffic_in',NULL,0),(379,'',67,156,30,NULL,'100000000',NULL,'0',NULL,600,NULL,2,NULL,'traffic_out',NULL,0),(380,'',66,157,30,NULL,'1000000000',NULL,'0',NULL,600,NULL,2,NULL,'traffic_in',NULL,0),(381,'',67,157,30,NULL,'1000000000',NULL,'0',NULL,600,NULL,2,NULL,'traffic_out',NULL,0),(382,'',63,158,27,NULL,'100',NULL,'0',NULL,600,NULL,1,NULL,'5min_cpu',NULL,0),(383,'',64,159,28,NULL,'U',NULL,'0',NULL,600,NULL,1,NULL,'polling_time',NULL,90),(384,'',65,160,29,NULL,'U',NULL,'0',NULL,600,NULL,1,NULL,'uptime',NULL,92),(385,'',66,161,30,NULL,'100000000',NULL,'0',NULL,600,NULL,2,NULL,'traffic_in',NULL,0),(386,'',67,161,30,NULL,'100000000',NULL,'0',NULL,600,NULL,2,NULL,'traffic_out',NULL,0),(387,'',66,162,30,NULL,'100000',NULL,'0',NULL,600,NULL,2,NULL,'traffic_in',NULL,0),(388,'',67,162,30,NULL,'100000',NULL,'0',NULL,600,NULL,2,NULL,'traffic_out',NULL,0),(389,'',66,163,30,NULL,'100000000',NULL,'0',NULL,600,NULL,2,NULL,'traffic_in',NULL,0),(390,'',67,163,30,NULL,'100000000',NULL,'0',NULL,600,NULL,2,NULL,'traffic_out',NULL,0),(391,'',68,164,31,NULL,'10000000',NULL,'0',NULL,600,NULL,2,NULL,'errors_in',NULL,0),(392,'',69,164,31,NULL,'10000000',NULL,'0',NULL,600,NULL,2,NULL,'discards_in',NULL,0),(393,'',70,164,31,NULL,'10000000',NULL,'0',NULL,600,NULL,2,NULL,'discards_out',NULL,0),(394,'',71,164,31,NULL,'10000000',NULL,'0',NULL,600,NULL,2,NULL,'errors_out',NULL,0),(395,'',68,165,31,NULL,'10000000',NULL,'0',NULL,600,NULL,2,NULL,'errors_in',NULL,0),(396,'',69,165,31,NULL,'10000000',NULL,'0',NULL,600,NULL,2,NULL,'discards_in',NULL,0),(397,'',70,165,31,NULL,'10000000',NULL,'0',NULL,600,NULL,2,NULL,'discards_out',NULL,0),(398,'',71,165,31,NULL,'10000000',NULL,'0',NULL,600,NULL,2,NULL,'errors_out',NULL,0),(399,'',68,166,31,NULL,'10000000',NULL,'0',NULL,600,NULL,2,NULL,'errors_in',NULL,0),(400,'',69,166,31,NULL,'10000000',NULL,'0',NULL,600,NULL,2,NULL,'discards_in',NULL,0),(401,'',70,166,31,NULL,'10000000',NULL,'0',NULL,600,NULL,2,NULL,'discards_out',NULL,0),(402,'',71,166,31,NULL,'10000000',NULL,'0',NULL,600,NULL,2,NULL,'errors_out',NULL,0),(403,'',68,167,31,NULL,'10000000',NULL,'0',NULL,600,NULL,2,NULL,'errors_in',NULL,0),(404,'',69,167,31,NULL,'10000000',NULL,'0',NULL,600,NULL,2,NULL,'discards_in',NULL,0),(405,'',70,167,31,NULL,'10000000',NULL,'0',NULL,600,NULL,2,NULL,'discards_out',NULL,0),(406,'',71,167,31,NULL,'10000000',NULL,'0',NULL,600,NULL,2,NULL,'errors_out',NULL,0),(407,'',68,168,31,NULL,'10000000',NULL,'0',NULL,600,NULL,2,NULL,'errors_in',NULL,0),(408,'',69,168,31,NULL,'10000000',NULL,'0',NULL,600,NULL,2,NULL,'discards_in',NULL,0),(409,'',70,168,31,NULL,'10000000',NULL,'0',NULL,600,NULL,2,NULL,'discards_out',NULL,0),(410,'',71,168,31,NULL,'10000000',NULL,'0',NULL,600,NULL,2,NULL,'errors_out',NULL,0),(411,'',68,169,31,NULL,'10000000',NULL,'0',NULL,600,NULL,2,NULL,'errors_in',NULL,0),(412,'',69,169,31,NULL,'10000000',NULL,'0',NULL,600,NULL,2,NULL,'discards_in',NULL,0),(413,'',70,169,31,NULL,'10000000',NULL,'0',NULL,600,NULL,2,NULL,'discards_out',NULL,0),(414,'',71,169,31,NULL,'10000000',NULL,'0',NULL,600,NULL,2,NULL,'errors_out',NULL,0),(415,'',68,170,31,NULL,'10000000',NULL,'0',NULL,600,NULL,2,NULL,'errors_in',NULL,0),(416,'',69,170,31,NULL,'10000000',NULL,'0',NULL,600,NULL,2,NULL,'discards_in',NULL,0),(417,'',70,170,31,NULL,'10000000',NULL,'0',NULL,600,NULL,2,NULL,'discards_out',NULL,0),(418,'',71,170,31,NULL,'10000000',NULL,'0',NULL,600,NULL,2,NULL,'errors_out',NULL,0),(419,'',68,171,31,NULL,'10000000',NULL,'0',NULL,600,NULL,2,NULL,'errors_in',NULL,0),(420,'',69,171,31,NULL,'10000000',NULL,'0',NULL,600,NULL,2,NULL,'discards_in',NULL,0),(421,'',70,171,31,NULL,'10000000',NULL,'0',NULL,600,NULL,2,NULL,'discards_out',NULL,0),(422,'',71,171,31,NULL,'10000000',NULL,'0',NULL,600,NULL,2,NULL,'errors_out',NULL,0),(423,'',68,172,31,NULL,'10000000',NULL,'0',NULL,600,NULL,2,NULL,'errors_in',NULL,0),(424,'',69,172,31,NULL,'10000000',NULL,'0',NULL,600,NULL,2,NULL,'discards_in',NULL,0),(425,'',70,172,31,NULL,'10000000',NULL,'0',NULL,600,NULL,2,NULL,'discards_out',NULL,0),(426,'',71,172,31,NULL,'10000000',NULL,'0',NULL,600,NULL,2,NULL,'errors_out',NULL,0),(427,'',64,173,28,NULL,'U',NULL,'0',NULL,600,NULL,1,NULL,'polling_time',NULL,90),(428,'',65,174,29,NULL,'U',NULL,'0',NULL,600,NULL,1,NULL,'uptime',NULL,92),(429,'',87,175,42,NULL,'U',NULL,'0',NULL,600,NULL,1,NULL,'load_1min',NULL,0),(430,'',89,176,44,NULL,'U',NULL,'0',NULL,600,NULL,1,NULL,'load_15min',NULL,0),(431,'',88,177,43,NULL,'U',NULL,'0',NULL,600,NULL,1,NULL,'load_5min',NULL,0),(432,'',90,178,45,NULL,'U',NULL,'0',NULL,600,NULL,1,NULL,'mem_buffers',NULL,0),(433,'',92,179,47,NULL,'U',NULL,'0',NULL,600,NULL,1,NULL,'mem_cache',NULL,0),(434,'',91,180,46,NULL,'U',NULL,'0',NULL,600,NULL,1,NULL,'mem_free',NULL,0),(435,'',93,181,48,NULL,'U',NULL,'0',NULL,600,NULL,1,NULL,'mem_total',NULL,0),(436,'',94,182,49,NULL,'U',NULL,'0',NULL,600,NULL,1,NULL,'users',NULL,0),(437,'',95,183,50,NULL,'U',NULL,'0',NULL,600,NULL,1,NULL,'proc',NULL,0),(438,'',98,184,53,NULL,'U',NULL,'0',NULL,600,NULL,1,NULL,'ssCpuIdle',NULL,0),(439,'',96,185,51,NULL,'U',NULL,'0',NULL,600,NULL,1,NULL,'ssCpuSystem',NULL,0),(440,'',97,186,52,NULL,'U',NULL,'0',NULL,600,NULL,1,NULL,'ssCpuUser',NULL,0),(441,'',99,187,54,NULL,'U',NULL,'0',NULL,600,NULL,1,NULL,'ssSysInterrupts',NULL,0),(442,'',100,188,55,NULL,'U',NULL,'0',NULL,600,NULL,1,NULL,'ssSysContext',NULL,0),(443,'',101,189,56,NULL,'U',NULL,'0',NULL,600,NULL,1,NULL,'reads',NULL,94),(444,'',102,189,56,NULL,'U',NULL,'0',NULL,600,NULL,1,NULL,'writes',NULL,95),(445,'',103,190,57,NULL,'U',NULL,'0',NULL,600,NULL,1,NULL,'bytesread',NULL,97),(446,'',104,190,57,NULL,'U',NULL,'0',NULL,600,NULL,1,NULL,'byteswritten',NULL,98),(447,'',107,191,59,NULL,'U',NULL,'0',NULL,600,NULL,1,NULL,'hdd_used',NULL,0),(448,'',108,191,59,NULL,'U',NULL,'0',NULL,600,NULL,1,NULL,'hdd_total',NULL,0),(449,'',107,192,59,NULL,'U',NULL,'0',NULL,600,NULL,1,NULL,'hdd_used',NULL,0),(450,'',108,192,59,NULL,'U',NULL,'0',NULL,600,NULL,1,NULL,'hdd_total',NULL,0),(451,'',107,193,59,NULL,'U',NULL,'0',NULL,600,NULL,1,NULL,'hdd_used',NULL,0),(452,'',108,193,59,NULL,'U',NULL,'0',NULL,600,NULL,1,NULL,'hdd_total',NULL,0),(453,'',107,194,59,NULL,'U',NULL,'0',NULL,600,NULL,1,NULL,'hdd_used',NULL,0),(454,'',108,194,59,NULL,'U',NULL,'0',NULL,600,NULL,1,NULL,'hdd_total',NULL,0),(455,'',107,195,59,NULL,'U',NULL,'0',NULL,600,NULL,1,NULL,'hdd_used',NULL,0),(456,'',108,195,59,NULL,'U',NULL,'0',NULL,600,NULL,1,NULL,'hdd_total',NULL,0),(457,'',107,196,59,NULL,'U',NULL,'0',NULL,600,NULL,1,NULL,'hdd_used',NULL,0),(458,'',108,196,59,NULL,'U',NULL,'0',NULL,600,NULL,1,NULL,'hdd_total',NULL,0),(459,'',107,197,59,NULL,'U',NULL,'0',NULL,600,NULL,1,NULL,'hdd_used',NULL,0),(460,'',108,197,59,NULL,'U',NULL,'0',NULL,600,NULL,1,NULL,'hdd_total',NULL,0),(461,'',107,198,59,NULL,'U',NULL,'0',NULL,600,NULL,1,NULL,'hdd_used',NULL,0),(462,'',108,198,59,NULL,'U',NULL,'0',NULL,600,NULL,1,NULL,'hdd_total',NULL,0),(463,'',107,199,59,NULL,'U',NULL,'0',NULL,600,NULL,1,NULL,'hdd_used',NULL,0),(464,'',108,199,59,NULL,'U',NULL,'0',NULL,600,NULL,1,NULL,'hdd_total',NULL,0),(465,'',109,200,60,NULL,'U',NULL,'0',NULL,600,NULL,1,NULL,'cpu',NULL,0),(466,'',109,201,60,NULL,'U',NULL,'0',NULL,600,NULL,1,NULL,'cpu',NULL,0),(467,'',66,202,30,NULL,'1000000000',NULL,'0',NULL,600,NULL,2,NULL,'traffic_in',NULL,0),(468,'',67,202,30,NULL,'1000000000',NULL,'0',NULL,600,NULL,2,NULL,'traffic_out',NULL,0),(469,'',66,203,30,NULL,'1000000000',NULL,'0',NULL,600,NULL,2,NULL,'traffic_in',NULL,0),(470,'',67,203,30,NULL,'1000000000',NULL,'0',NULL,600,NULL,2,NULL,'traffic_out',NULL,0),(471,'',68,204,31,NULL,'10000000',NULL,'0',NULL,600,NULL,2,NULL,'errors_in',NULL,0),(472,'',69,204,31,NULL,'10000000',NULL,'0',NULL,600,NULL,2,NULL,'discards_in',NULL,0),(473,'',70,204,31,NULL,'10000000',NULL,'0',NULL,600,NULL,2,NULL,'discards_out',NULL,0),(474,'',71,204,31,NULL,'10000000',NULL,'0',NULL,600,NULL,2,NULL,'errors_out',NULL,0),(475,'',68,205,31,NULL,'10000000',NULL,'0',NULL,600,NULL,2,NULL,'errors_in',NULL,0),(476,'',69,205,31,NULL,'10000000',NULL,'0',NULL,600,NULL,2,NULL,'discards_in',NULL,0),(477,'',70,205,31,NULL,'10000000',NULL,'0',NULL,600,NULL,2,NULL,'discards_out',NULL,0),(478,'',71,205,31,NULL,'10000000',NULL,'0',NULL,600,NULL,2,NULL,'errors_out',NULL,0),(479,'',68,206,31,NULL,'10000000',NULL,'0',NULL,600,NULL,2,NULL,'errors_in',NULL,0),(480,'',69,206,31,NULL,'10000000',NULL,'0',NULL,600,NULL,2,NULL,'discards_in',NULL,0),(481,'',70,206,31,NULL,'10000000',NULL,'0',NULL,600,NULL,2,NULL,'discards_out',NULL,0),(482,'',71,206,31,NULL,'10000000',NULL,'0',NULL,600,NULL,2,NULL,'errors_out',NULL,0),(487,'',66,208,30,NULL,'1000000000',NULL,'0',NULL,600,NULL,2,NULL,'traffic_in',NULL,0),(488,'',67,208,30,NULL,'1000000000',NULL,'0',NULL,600,NULL,2,NULL,'traffic_out',NULL,0),(489,'',66,209,30,NULL,'1000000000',NULL,'0',NULL,600,NULL,2,NULL,'traffic_in',NULL,0),(490,'',67,209,30,NULL,'1000000000',NULL,'0',NULL,600,NULL,2,NULL,'traffic_out',NULL,0),(493,'',68,211,31,NULL,'10000000',NULL,'0',NULL,600,NULL,2,NULL,'errors_in',NULL,0),(494,'',69,211,31,NULL,'10000000',NULL,'0',NULL,600,NULL,2,NULL,'discards_in',NULL,0),(495,'',70,211,31,NULL,'10000000',NULL,'0',NULL,600,NULL,2,NULL,'discards_out',NULL,0),(496,'',71,211,31,NULL,'10000000',NULL,'0',NULL,600,NULL,2,NULL,'errors_out',NULL,0),(497,'',66,212,30,NULL,'100000000',NULL,'0',NULL,600,NULL,2,NULL,'traffic_in',NULL,0),(498,'',67,212,30,NULL,'100000000',NULL,'0',NULL,600,NULL,2,NULL,'traffic_out',NULL,0),(499,'',66,213,30,NULL,'100000000',NULL,'0',NULL,600,NULL,2,NULL,'traffic_in',NULL,0),(500,'',67,213,30,NULL,'100000000',NULL,'0',NULL,600,NULL,2,NULL,'traffic_out',NULL,0),(501,'',64,214,28,NULL,'U',NULL,'0',NULL,600,NULL,1,NULL,'polling_time',NULL,90),(502,'',65,215,29,NULL,'U',NULL,'0',NULL,600,NULL,1,NULL,'uptime',NULL,92),(503,'',87,216,42,NULL,'U',NULL,'0',NULL,600,NULL,1,NULL,'load_1min',NULL,0),(504,'',89,217,44,NULL,'U',NULL,'0',NULL,600,NULL,1,NULL,'load_15min',NULL,0),(505,'',88,218,43,NULL,'U',NULL,'0',NULL,600,NULL,1,NULL,'load_5min',NULL,0),(506,'',90,219,45,NULL,'U',NULL,'0',NULL,600,NULL,1,NULL,'mem_buffers',NULL,0),(507,'',92,220,47,NULL,'U',NULL,'0',NULL,600,NULL,1,NULL,'mem_cache',NULL,0),(508,'',91,221,46,NULL,'U',NULL,'0',NULL,600,NULL,1,NULL,'mem_free',NULL,0),(509,'',93,222,48,NULL,'U',NULL,'0',NULL,600,NULL,1,NULL,'mem_total',NULL,0),(510,'',94,223,49,NULL,'U',NULL,'0',NULL,600,NULL,1,NULL,'users',NULL,0),(511,'',95,224,50,NULL,'U',NULL,'0',NULL,600,NULL,1,NULL,'proc',NULL,0),(512,'',98,225,53,NULL,'U',NULL,'0',NULL,600,NULL,1,NULL,'ssCpuIdle',NULL,0),(513,'',96,226,51,NULL,'U',NULL,'0',NULL,600,NULL,1,NULL,'ssCpuSystem',NULL,0),(514,'',97,227,52,NULL,'U',NULL,'0',NULL,600,NULL,1,NULL,'ssCpuUser',NULL,0),(515,'',99,228,54,NULL,'U',NULL,'0',NULL,600,NULL,1,NULL,'ssSysInterrupts',NULL,0),(516,'',100,229,55,NULL,'U',NULL,'0',NULL,600,NULL,1,NULL,'ssSysContext',NULL,0),(517,'',101,230,56,NULL,'U',NULL,'0',NULL,600,NULL,1,NULL,'reads',NULL,94),(518,'',102,230,56,NULL,'U',NULL,'0',NULL,600,NULL,1,NULL,'writes',NULL,95),(519,'',103,231,57,NULL,'U',NULL,'0',NULL,600,NULL,1,NULL,'bytesread',NULL,97),(520,'',104,231,57,NULL,'U',NULL,'0',NULL,600,NULL,1,NULL,'byteswritten',NULL,98),(521,'',107,232,59,NULL,'U',NULL,'0',NULL,600,NULL,1,NULL,'hdd_used',NULL,0),(522,'',108,232,59,NULL,'U',NULL,'0',NULL,600,NULL,1,NULL,'hdd_total',NULL,0),(523,'',107,233,59,NULL,'U',NULL,'0',NULL,600,NULL,1,NULL,'hdd_used',NULL,0),(524,'',108,233,59,NULL,'U',NULL,'0',NULL,600,NULL,1,NULL,'hdd_total',NULL,0),(525,'',107,234,59,NULL,'U',NULL,'0',NULL,600,NULL,1,NULL,'hdd_used',NULL,0),(526,'',108,234,59,NULL,'U',NULL,'0',NULL,600,NULL,1,NULL,'hdd_total',NULL,0),(527,'',107,235,59,NULL,'U',NULL,'0',NULL,600,NULL,1,NULL,'hdd_used',NULL,0),(528,'',108,235,59,NULL,'U',NULL,'0',NULL,600,NULL,1,NULL,'hdd_total',NULL,0),(529,'',107,236,59,NULL,'U',NULL,'0',NULL,600,NULL,1,NULL,'hdd_used',NULL,0),(530,'',108,236,59,NULL,'U',NULL,'0',NULL,600,NULL,1,NULL,'hdd_total',NULL,0),(531,'',107,237,59,NULL,'U',NULL,'0',NULL,600,NULL,1,NULL,'hdd_used',NULL,0),(532,'',108,237,59,NULL,'U',NULL,'0',NULL,600,NULL,1,NULL,'hdd_total',NULL,0),(533,'',107,238,59,NULL,'U',NULL,'0',NULL,600,NULL,1,NULL,'hdd_used',NULL,0),(534,'',108,238,59,NULL,'U',NULL,'0',NULL,600,NULL,1,NULL,'hdd_total',NULL,0),(535,'',107,239,59,NULL,'U',NULL,'0',NULL,600,NULL,1,NULL,'hdd_used',NULL,0),(536,'',108,239,59,NULL,'U',NULL,'0',NULL,600,NULL,1,NULL,'hdd_total',NULL,0),(537,'',107,240,59,NULL,'U',NULL,'0',NULL,600,NULL,1,NULL,'hdd_used',NULL,0),(538,'',108,240,59,NULL,'U',NULL,'0',NULL,600,NULL,1,NULL,'hdd_total',NULL,0),(539,'',109,241,60,NULL,'U',NULL,'0',NULL,600,NULL,1,NULL,'cpu',NULL,0),(540,'',109,242,60,NULL,'U',NULL,'0',NULL,600,NULL,1,NULL,'cpu',NULL,0),(541,'',68,243,31,NULL,'10000000',NULL,'0',NULL,600,NULL,2,NULL,'errors_in',NULL,0),(542,'',69,243,31,NULL,'10000000',NULL,'0',NULL,600,NULL,2,NULL,'discards_in',NULL,0),(543,'',70,243,31,NULL,'10000000',NULL,'0',NULL,600,NULL,2,NULL,'discards_out',NULL,0),(544,'',71,243,31,NULL,'10000000',NULL,'0',NULL,600,NULL,2,NULL,'errors_out',NULL,0),(545,'',68,244,31,NULL,'10000000',NULL,'0',NULL,600,NULL,2,NULL,'errors_in',NULL,0),(546,'',69,244,31,NULL,'10000000',NULL,'0',NULL,600,NULL,2,NULL,'discards_in',NULL,0),(547,'',70,244,31,NULL,'10000000',NULL,'0',NULL,600,NULL,2,NULL,'discards_out',NULL,0),(548,'',71,244,31,NULL,'10000000',NULL,'0',NULL,600,NULL,2,NULL,'errors_out',NULL,0),(549,'',68,245,31,NULL,'10000000',NULL,'0',NULL,600,NULL,2,NULL,'errors_in',NULL,0),(550,'',69,245,31,NULL,'10000000',NULL,'0',NULL,600,NULL,2,NULL,'discards_in',NULL,0),(551,'',70,245,31,NULL,'10000000',NULL,'0',NULL,600,NULL,2,NULL,'discards_out',NULL,0),(552,'',71,245,31,NULL,'10000000',NULL,'0',NULL,600,NULL,2,NULL,'errors_out',NULL,0),(553,'',68,246,31,NULL,'10000000',NULL,'0',NULL,600,NULL,2,NULL,'errors_in',NULL,0),(554,'',69,246,31,NULL,'10000000',NULL,'0',NULL,600,NULL,2,NULL,'discards_in',NULL,0),(555,'',70,246,31,NULL,'10000000',NULL,'0',NULL,600,NULL,2,NULL,'discards_out',NULL,0),(556,'',71,246,31,NULL,'10000000',NULL,'0',NULL,600,NULL,2,NULL,'errors_out',NULL,0),(557,'',68,247,31,NULL,'10000000',NULL,'0',NULL,600,NULL,2,NULL,'errors_in',NULL,0),(558,'',69,247,31,NULL,'10000000',NULL,'0',NULL,600,NULL,2,NULL,'discards_in',NULL,0),(559,'',70,247,31,NULL,'10000000',NULL,'0',NULL,600,NULL,2,NULL,'discards_out',NULL,0),(560,'',71,247,31,NULL,'10000000',NULL,'0',NULL,600,NULL,2,NULL,'errors_out',NULL,0),(561,'',68,248,31,NULL,'10000000',NULL,'0',NULL,600,NULL,2,NULL,'errors_in',NULL,0),(562,'',69,248,31,NULL,'10000000',NULL,'0',NULL,600,NULL,2,NULL,'discards_in',NULL,0),(563,'',70,248,31,NULL,'10000000',NULL,'0',NULL,600,NULL,2,NULL,'discards_out',NULL,0),(564,'',71,248,31,NULL,'10000000',NULL,'0',NULL,600,NULL,2,NULL,'errors_out',NULL,0),(565,'',66,249,30,NULL,'1000000000',NULL,'0',NULL,600,NULL,2,NULL,'traffic_in',NULL,0),(566,'',67,249,30,NULL,'1000000000',NULL,'0',NULL,600,NULL,2,NULL,'traffic_out',NULL,0),(567,'',66,250,30,NULL,'10000000',NULL,'0',NULL,600,NULL,2,NULL,'traffic_in',NULL,0),(568,'',67,250,30,NULL,'10000000',NULL,'0',NULL,600,NULL,2,NULL,'traffic_out',NULL,0),(569,'',66,251,30,NULL,'1000000000',NULL,'0',NULL,600,NULL,2,NULL,'traffic_in',NULL,0),(570,'',67,251,30,NULL,'1000000000',NULL,'0',NULL,600,NULL,2,NULL,'traffic_out',NULL,0),(571,'',66,252,30,NULL,'1000000000',NULL,'0',NULL,600,NULL,2,NULL,'traffic_in',NULL,0),(572,'',67,252,30,NULL,'1000000000',NULL,'0',NULL,600,NULL,2,NULL,'traffic_out',NULL,0),(573,'',66,253,30,NULL,'1000000000',NULL,'0',NULL,600,NULL,2,NULL,'traffic_in',NULL,0),(574,'',67,253,30,NULL,'1000000000',NULL,'0',NULL,600,NULL,2,NULL,'traffic_out',NULL,0),(575,'',66,254,30,NULL,'1000000000',NULL,'0',NULL,600,NULL,2,NULL,'traffic_in',NULL,0),(576,'',67,254,30,NULL,'1000000000',NULL,'0',NULL,600,NULL,2,NULL,'traffic_out',NULL,0),(577,'',68,255,31,NULL,'10000000',NULL,'0',NULL,600,NULL,2,NULL,'errors_in',NULL,0),(578,'',69,255,31,NULL,'10000000',NULL,'0',NULL,600,NULL,2,NULL,'discards_in',NULL,0),(579,'',70,255,31,NULL,'10000000',NULL,'0',NULL,600,NULL,2,NULL,'discards_out',NULL,0),(580,'',71,255,31,NULL,'10000000',NULL,'0',NULL,600,NULL,2,NULL,'errors_out',NULL,0);
/*!40000 ALTER TABLE `data_template_rrd` ENABLE KEYS */;
UNLOCK TABLES;

--
-- Table structure for table `external_links`
--

DROP TABLE IF EXISTS `external_links`;
/*!40101 SET @saved_cs_client     = @@character_set_client */;
/*!40101 SET character_set_client = utf8 */;
CREATE TABLE `external_links` (
  `id` int(11) NOT NULL AUTO_INCREMENT,
  `sortorder` int(11) NOT NULL DEFAULT 0,
  `enabled` char(2) COLLATE utf8mb4_unicode_ci DEFAULT 'on',
  `contentfile` varchar(255) COLLATE utf8mb4_unicode_ci NOT NULL DEFAULT '',
  `title` varchar(20) COLLATE utf8mb4_unicode_ci NOT NULL DEFAULT '',
  `style` varchar(10) COLLATE utf8mb4_unicode_ci NOT NULL DEFAULT '',
  `extendedstyle` varchar(50) COLLATE utf8mb4_unicode_ci NOT NULL DEFAULT '',
  `refresh` int(10) unsigned DEFAULT NULL,
  PRIMARY KEY (`id`)
) ENGINE=InnoDB DEFAULT CHARSET=utf8mb4 COLLATE=utf8mb4_unicode_ci ROW_FORMAT=DYNAMIC COMMENT='Contains external links that are embedded into Cacti';
/*!40101 SET character_set_client = @saved_cs_client */;

--
-- Dumping data for table `external_links`
--

LOCK TABLES `external_links` WRITE;
/*!40000 ALTER TABLE `external_links` DISABLE KEYS */;
/*!40000 ALTER TABLE `external_links` ENABLE KEYS */;
UNLOCK TABLES;

--
-- Table structure for table `graph_local`
--

DROP TABLE IF EXISTS `graph_local`;
/*!40101 SET @saved_cs_client     = @@character_set_client */;
/*!40101 SET character_set_client = utf8 */;
CREATE TABLE `graph_local` (
  `id` mediumint(8) unsigned NOT NULL AUTO_INCREMENT,
  `graph_template_id` mediumint(8) unsigned NOT NULL DEFAULT 0,
  `host_id` mediumint(8) unsigned NOT NULL DEFAULT 0,
  `snmp_query_id` mediumint(8) NOT NULL DEFAULT 0,
  `snmp_query_graph_id` mediumint(8) NOT NULL DEFAULT 0,
  `snmp_index` varchar(255) COLLATE utf8mb4_unicode_ci NOT NULL DEFAULT '',
  PRIMARY KEY (`id`),
  KEY `host_id` (`host_id`),
  KEY `graph_template_id` (`graph_template_id`),
  KEY `snmp_query_id` (`snmp_query_id`),
  KEY `snmp_query_graph_id` (`snmp_query_graph_id`),
  KEY `snmp_index` (`snmp_index`)
) ENGINE=InnoDB AUTO_INCREMENT=223 DEFAULT CHARSET=utf8mb4 COLLATE=utf8mb4_unicode_ci ROW_FORMAT=DYNAMIC COMMENT='Creates a relationship for each item in a custom graph.';
/*!40101 SET character_set_client = @saved_cs_client */;

--
-- Dumping data for table `graph_local`
--

LOCK TABLES `graph_local` WRITE;
/*!40000 ALTER TABLE `graph_local` DISABLE KEYS */;
INSERT INTO `graph_local` VALUES (1,48,1,0,0,''),(2,49,1,0,0,''),(3,50,1,0,0,''),(4,51,1,0,0,''),(9,34,3,0,0,''),(10,35,3,0,0,''),(11,55,3,0,0,''),(12,56,3,0,0,''),(13,63,3,7,28,'1'),(14,63,3,7,28,'2'),(15,63,3,7,28,'3'),(16,63,3,7,28,'4'),(17,63,3,7,28,'5'),(18,64,3,8,29,'0'),(19,64,3,8,29,'1'),(20,64,3,8,29,'2'),(21,64,3,8,29,'3'),(22,64,3,8,29,'4000'),(23,34,4,0,0,''),(24,35,4,0,0,''),(25,53,4,0,0,''),(26,54,4,0,0,''),(27,55,4,0,0,''),(28,56,4,0,0,''),(29,57,4,0,0,''),(30,58,4,0,0,''),(31,59,4,0,0,''),(32,60,4,0,0,''),(33,61,4,0,0,''),(34,65,4,9,30,'1'),(35,65,4,9,30,'2'),(36,65,4,9,30,'3'),(37,65,4,9,30,'4'),(38,65,4,9,30,'5'),(39,65,4,9,30,'6'),(40,65,4,9,30,'7'),(41,63,4,7,28,'1'),(42,63,4,7,28,'3'),(43,63,4,7,28,'6'),(44,63,4,7,28,'7'),(45,63,4,7,28,'8'),(46,63,4,7,28,'10'),(50,63,4,7,28,'55'),(62,64,4,8,29,'0'),(63,64,4,8,29,'1'),(64,64,4,8,29,'2'),(65,64,4,8,29,'3'),(66,64,4,8,29,'4000'),(67,36,4,4,16,'2'),(68,36,3,4,16,'8'),(69,33,5,0,0,''),(70,34,5,0,0,''),(71,35,5,0,0,''),(72,36,5,4,16,'1'),(73,36,5,4,16,'2'),(74,36,5,4,16,'3'),(75,36,5,4,16,'4'),(76,36,5,4,16,'5'),(77,36,5,4,16,'6'),(78,36,5,4,16,'10'),(79,34,6,0,0,''),(80,35,6,0,0,''),(81,53,6,0,0,''),(82,54,6,0,0,''),(83,55,6,0,0,''),(84,56,6,0,0,''),(85,57,6,0,0,''),(86,58,6,0,0,''),(87,59,6,0,0,''),(88,60,6,0,0,''),(89,61,6,0,0,''),(90,63,6,7,28,'1010'),(91,63,6,7,28,'1011'),(92,63,6,7,28,'1012'),(93,63,6,7,28,'1020'),(94,63,6,7,28,'1030'),(95,63,6,7,28,'1040'),(96,63,6,7,28,'1041'),(97,63,6,7,28,'1043'),(98,64,6,8,29,'0'),(99,64,6,8,29,'1'),(100,64,6,8,29,'4000'),(101,36,6,4,16,'3'),(102,36,6,4,16,'4'),(103,36,6,4,16,'5'),(104,36,6,4,16,'101020252'),(105,36,6,4,16,'300000001'),(106,36,6,4,16,'300000044'),(107,36,6,4,16,'300000064'),(108,36,6,4,16,'400002255'),(109,34,7,0,0,''),(110,35,7,0,0,''),(111,53,7,0,0,''),(112,54,7,0,0,''),(113,55,7,0,0,''),(114,56,7,0,0,''),(115,57,7,0,0,''),(116,58,7,0,0,''),(117,59,7,0,0,''),(118,60,7,0,0,''),(119,61,7,0,0,''),(120,63,7,7,28,'1'),(121,63,7,7,28,'2'),(122,63,7,7,28,'3'),(123,63,7,7,28,'4'),(124,63,7,7,28,'5'),(125,64,7,8,29,'0'),(126,64,7,8,29,'1'),(127,64,7,8,29,'2'),(128,64,7,8,29,'3'),(129,64,7,8,29,'4'),(130,64,7,8,29,'5'),(131,64,7,8,29,'6'),(132,64,7,8,29,'7'),(133,64,7,8,29,'4000'),(134,36,7,4,16,'5'),(135,36,7,4,16,'6'),(136,33,8,0,0,''),(137,34,8,0,0,''),(138,35,8,0,0,''),(139,36,8,4,16,'4'),(140,36,8,4,16,'43'),(141,36,8,4,16,'52'),(142,37,8,4,11,'4'),(143,37,8,4,11,'43'),(144,37,8,4,11,'52'),(145,37,6,4,11,'3'),(146,37,6,4,11,'4'),(147,37,6,4,11,'5'),(148,37,6,4,11,'101020252'),(149,37,6,4,11,'300000001'),(150,37,6,4,11,'400002255'),(151,40,8,4,14,'52'),(152,34,9,0,0,''),(153,35,9,0,0,''),(154,53,9,0,0,''),(155,54,9,0,0,''),(156,55,9,0,0,''),(157,56,9,0,0,''),(158,57,9,0,0,''),(159,58,9,0,0,''),(160,59,9,0,0,''),(161,60,9,0,0,''),(162,61,9,0,0,''),(163,63,9,7,28,'1'),(164,63,9,7,28,'3'),(165,63,9,7,28,'6'),(166,63,9,7,28,'7'),(167,63,9,7,28,'8'),(168,63,9,7,28,'10'),(169,63,9,7,28,'31'),(170,63,9,7,28,'32'),(171,63,9,7,28,'33'),(172,64,9,8,29,'0'),(173,64,9,8,29,'4000'),(174,36,9,4,16,'5'),(175,36,9,4,16,'7'),(176,37,9,4,11,'2'),(177,37,9,4,11,'5'),(178,37,9,4,11,'6'),(180,36,9,4,16,'2'),(181,36,9,4,16,'6'),(183,37,8,4,11,'10'),(184,36,8,4,16,'10'),(185,40,8,4,14,'47'),(186,34,10,0,0,''),(187,35,10,0,0,''),(188,53,10,0,0,''),(189,54,10,0,0,''),(190,55,10,0,0,''),(191,56,10,0,0,''),(192,57,10,0,0,''),(193,58,10,0,0,''),(194,59,10,0,0,''),(195,60,10,0,0,''),(196,61,10,0,0,''),(197,63,10,7,28,'1'),(198,63,10,7,28,'3'),(199,63,10,7,28,'6'),(200,63,10,7,28,'7'),(201,63,10,7,28,'8'),(202,63,10,7,28,'10'),(203,63,10,7,28,'31'),(204,63,10,7,28,'32'),(205,63,10,7,28,'33'),(206,64,10,8,29,'0'),(207,64,10,8,29,'4000'),(208,37,10,4,11,'2'),(209,37,10,4,11,'3'),(210,37,10,4,11,'5'),(211,37,10,4,11,'11'),(212,37,10,4,11,'12'),(213,37,10,4,11,'13'),(214,36,10,4,16,'2'),(215,36,10,4,16,'3'),(216,36,10,4,16,'5'),(217,36,10,4,16,'11'),(218,36,10,4,16,'12'),(219,36,10,4,16,'13'),(220,40,10,4,14,'11'),(221,40,9,4,14,'5'),(222,37,9,4,11,'7');
/*!40000 ALTER TABLE `graph_local` ENABLE KEYS */;
UNLOCK TABLES;

--
-- Table structure for table `graph_template_input`
--

DROP TABLE IF EXISTS `graph_template_input`;
/*!40101 SET @saved_cs_client     = @@character_set_client */;
/*!40101 SET character_set_client = utf8 */;
CREATE TABLE `graph_template_input` (
  `id` mediumint(8) unsigned NOT NULL AUTO_INCREMENT,
  `hash` varchar(32) COLLATE utf8mb4_unicode_ci NOT NULL DEFAULT '',
  `graph_template_id` mediumint(8) unsigned NOT NULL DEFAULT 0,
  `name` varchar(255) COLLATE utf8mb4_unicode_ci NOT NULL DEFAULT '',
  `description` text COLLATE utf8mb4_unicode_ci DEFAULT NULL,
  `column_name` varchar(50) COLLATE utf8mb4_unicode_ci NOT NULL DEFAULT '',
  PRIMARY KEY (`id`)
) ENGINE=InnoDB AUTO_INCREMENT=140 DEFAULT CHARSET=utf8mb4 COLLATE=utf8mb4_unicode_ci ROW_FORMAT=DYNAMIC COMMENT='Stores the names for graph item input groups.';
/*!40101 SET character_set_client = @saved_cs_client */;

--
-- Dumping data for table `graph_template_input`
--

LOCK TABLES `graph_template_input` WRITE;
/*!40000 ALTER TABLE `graph_template_input` DISABLE KEYS */;
INSERT INTO `graph_template_input` VALUES (1,'2600aa2b55802194593075079b3ff217',1,'Data Source [Hosts]','','task_item_id'),(2,'6dab3c8fa41460ad4391286f9bd57396',1,'Data Source [HostsPerProcess]','','task_item_id'),(3,'e5505ad802ea90cf5e360a9fb1e857dc',2,'Data Source [DataSources]','','task_item_id'),(4,'8b36c373383efff32244eed552e9b742',2,'Data Source [RRDsProcessed]','','task_item_id'),(5,'3ed026d0c63841377b1de73e7be58202',3,'Data Source [rrdupdates]','','task_item_id'),(6,'81e327aec9e80992517e3f3a5020ce15',4,'Data Source [snmp]','','task_item_id'),(7,'dc9c886f6822c6244c5ae0f219e5f0d2',4,'Data Source [script]','','task_item_id'),(8,'740743098b09bcd7f7d3dbc7a29b1e9e',4,'Data Source [script_server]','','task_item_id'),(9,'39824d646b1d533011c21ead3c4c58fe',5,'Data Source [time]','','task_item_id'),(10,'2c4fbc040922b3d831918eef776e506b',5,'Data Source [hosts]','','task_item_id'),(11,'79efb0416dd656a19afeacbbae491397',6,'Data Source [Processes]','','task_item_id'),(12,'5106a9bdddc0fa459a7da4867ecb9e3e',6,'Data Source [Threads]','','task_item_id'),(13,'7761849322e2853790244cbd6e809d9b',7,'Data Source [boost_peak_memory]','','task_item_id'),(14,'854fdd276a19bde66c1fd85b01c84323',8,'Data Source [invalid]','','task_item_id'),(15,'4e946ab824fbadaa732911d419ef9b20',8,'Data Source [valid]','','task_item_id'),(16,'8748658cfc138fbe6db24b21e95951e6',9,'Data Source [garbage]','','task_item_id'),(17,'5302271ef7a19838fa72acd584fe7dc7',9,'Data Source [sleeping]','','task_item_id'),(18,'32367c069ff7f49ef35bdb8037544d47',9,'Data Source [active]','','task_item_id'),(19,'86d6401df83db577fac647a0828e0e35',10,'Data Source [usleeping]','','task_item_id'),(20,'c2207d5a553d76905f374937d65ab755',10,'Data Source [uactive]','','task_item_id'),(21,'2f15a574e7ebc348c61f2dda32db45ee',11,'Data Source [time]','','task_item_id'),(22,'965860ed14a227515be0fc6d1c0ffbf9',12,'Data Source [Time]','','task_item_id'),(23,'c48d08c1aea006d6c25c4a8593ec5104',12,'Data Source [pollerTime]','','task_item_id'),(24,'d9cea8c76eabdbd125a8c01933df6056',13,'Data Source [ExportGraphs]','','task_item_id'),(25,'fe137efd47408e88f099487e2493ba56',14,'Data Source [ExportDuration]','','task_item_id'),(26,'e5d4b06cdb71b588a7cf95eb07b57a99',15,'Data Source [alarms]','','task_item_id'),(27,'ef8b29e436e2ec81458bea086ff739dc',15,'Data Source [incoming]','','task_item_id'),(28,'d4605ed35fc87f88bb65540d45c76519',15,'Data Source [removes]','','task_item_id'),(29,'22faaae45c2c5967c6277b3790116731',15,'Data Source [xfers]','','task_item_id'),(30,'e812b10e7a9ec9f3b11c9b11d6f42ca5',15,'Data Source [deletes]','','task_item_id'),(31,'bf21684c0d3609c771e2fc86e9f93472',16,'Data Source [syslogRuntime]','','task_item_id'),(32,'c04af440cdf9d6cccd385add2bec14e0',17,'Data Source [alerts]','','task_item_id'),(33,'f4995efecb1f9ecf4ff2c3944a5185c1',17,'Data Source [reports]','','task_item_id'),(34,'ae88364059011d4c1ff2be83a1294456',18,'Data Source [tholdRuntime]','','task_item_id'),(35,'1d9276759ac13c7476f1d27655a68b5e',19,'Data Source [boost_avg_size]','','task_item_id'),(36,'9c58ab860bec932b046c1b7a4806942f',20,'Data Source [boost_records]','','task_item_id'),(37,'b86dec65127151fb63705cb4d5d0ace2',21,'Data Source [boost_table]','','task_item_id'),(38,'8c0796ae670469aa76d5b985d1218cc1',22,'Data Source [rrd_get_records]','','task_item_id'),(39,'e6ebd40acb1795585eea87f7c4932796',22,'Data Source [rrd_results_cycle]','','task_item_id'),(40,'8711f9fc6934936c1c5cf823e69d4187',22,'Data Source [rrd_lastupdate]','','task_item_id'),(41,'6675e0bc0c1455f6b318db7214aa4ba7',22,'Data Source [rrd_template]','','task_item_id'),(42,'9de40413fc40b0f4dd0771f8116c596d',22,'Data Source [rrd_update]','','task_item_id'),(43,'47582dd0798e137f1ffa790ea21dded5',22,'Data Source [rrd_delete]','','task_item_id'),(44,'44dea45d4aac3a4902e9f98d5548696d',23,'Data Source [pollerTime]','','task_item_id'),(45,'7c598e4533481afe36785dceb21580a7',23,'Data Source [maxTime]','','task_item_id'),(46,'fae46036ee42c83d52592737f9051a83',23,'Data Source [avgTime]','','task_item_id'),(47,'dffc76407c8bf9fd148c6058722c8a53',23,'Data Source [minTime]','','task_item_id'),(48,'ff1185972e156e03a60d607d9b3bf1f0',24,'Data Source [getSNMP]','','task_item_id'),(49,'f3b217e50a15f128abf9fd2e9dac72e4',24,'Data Source [getScriptServer]','','task_item_id'),(50,'8967e9dd060a56d3e9369258013a242f',24,'Data Source [getScript]','','task_item_id'),(51,'c88a471d1bc7cc3324252f47ae121d4a',25,'Data Source [processCount]','','task_item_id'),(52,'c81a934e61492aef9cb3645c6699e391',25,'Data Source [threadCount]','','task_item_id'),(53,'1f88e009e145214fd47e9bc1c9ff834e',26,'Data Source [recacheTime]','','task_item_id'),(54,'10f516697a767f23e9917712784382be',26,'Data Source [recacheDevices]','','task_item_id'),(55,'46e937ea754fc49ebe5596706784d2e0',27,'Data Source [totalTime]','','task_item_id'),(56,'1144662dc503a5445f792a47f2d2bdbd',27,'Data Source [connectTime]','','task_item_id'),(57,'57ff3b8de76deaacb180d066dca5e58a',27,'Data Source [lookupTime]','','task_item_id'),(58,'df85592e25bd094f6aa388d567c55be0',27,'Data Source [redirectTime]','','task_item_id'),(59,'728a6922fc0e8a2c87c816300269db50',28,'Data Source [downloadSize]','','task_item_id'),(60,'18e3b58fef13fd44972a44adc1d90a45',29,'Data Source [downloadSpeed]','','task_item_id'),(61,'ffe65c3ab96a96b48e743054c79108ea',30,'Data Source [checkStatus]','','task_item_id'),(62,'ff060f916f471dd16e0949a6a98fca50',31,'Data Source [totalGraphs]','','task_item_id'),(63,'1ef8aa80d1ce46714aa23f21cc340317',32,'Data Source [lastRuntime]','','task_item_id'),(64,'bb9d83a02261583bc1f92d9e66ea705d',33,'CPU Usage Data Source','','task_item_id'),(65,'51196222ed37b44236d9958116028980',33,'Legend Color','','color_id'),(66,'b12d40fbd3144b503e3b3a877a14e126',34,'Data Source [polling_time]','','task_item_id'),(67,'4565c0c95673d49c176a7601f24587f7',35,'Data Source [uptime]','','task_item_id'),(68,'e9d4191277fdfd7d54171f153da57fb0',36,'Inbound Data Source','','task_item_id'),(69,'7b361722a11a03238ee8ab7ce44a1037',36,'Outbound Data Source','','task_item_id'),(70,'fa83cd3a3b4271b644cb6459ea8c35dc',37,'Discards In Data Source','','task_item_id'),(71,'7946e8ee1e38a65462b85e31a15e35e5',37,'Errors In Data Source','','task_item_id'),(72,'e5acdd5368137c408d56ecf55b0e077c',37,'Discards Out Data Source','','task_item_id'),(73,'a028e586e5fae667127c655fe0ac67f0',37,'Errors Out Data Source','','task_item_id'),(74,'00ae916640272f5aca54d73ae34c326b',38,'Unicast Packets Out Data Source','','task_item_id'),(75,'1bc1652f82488ebfb7242c65d2ffa9c7',38,'Unicast Packets In Data Source','','task_item_id'),(76,'e3177d0e56278de320db203f32fb803d',39,'Non-Unicast Packets In Data Source','','task_item_id'),(77,'4f20fba2839764707f1c3373648c5fef',39,'Non-Unicast Packets Out Data Source','','task_item_id'),(78,'2764a4f142ba9fd95872106a1b43541e',40,'Inbound Data Source','','task_item_id'),(79,'f73f7ddc1f4349356908122093dbfca2',40,'Outbound Data Source','','task_item_id'),(80,'562726cccdb67d5c6941e9e826ef4ef5',41,'Inbound Data Source','','task_item_id'),(81,'82426afec226f8189c8928e7f083f80f',41,'Outbound Data Source','','task_item_id'),(82,'69a23877302e7d142f254b208c58b596',42,'Inbound Data Source','','task_item_id'),(83,'f28013abf8e5813870df0f4111a5e695',42,'Outbound Data Source','','task_item_id'),(84,'8644b933b6a09dde6c32ff24655eeb9a',43,'Outbound Data Source','','task_item_id'),(85,'49c4b4800f3e638a6f6bb681919aea80',43,'Inbound Data Source','','task_item_id'),(86,'a29d473b1bbc98a1c032237622ea0837',44,'Multicast Packets Out Data Source','','task_item_id'),(87,'cc896ba8b616aa6a66a1ba1ce802e68e',44,'Multicast Packets In Data Source','','task_item_id'),(88,'a5c3743e175afaa77f6fa1f452f72c32',45,'Non-Unicast Packets In Data Source','','task_item_id'),(89,'30e4a03de4ed9d772a0bbe93830b8b73',45,'Non-Unicast Packets Out Data Source','','task_item_id'),(90,'433f328369f9569446ddc59555a63eb8',46,'Ping Host Data Source','','task_item_id'),(91,'a1a91c1514c65152d8cb73522ea9d4e6',46,'Legend Color','','color_id'),(92,'2fb4deb1448379b27ddc64e30e70dc42',46,'Legend Text','','text_format'),(93,'2dca37011521501b9c2b705d080db750',47,'Data Source [snmp_oid]','','task_item_id'),(94,'b8d8ade5f5f3dd7b12f8cc56bbb4083e',47,'Legend Color','','color_id'),(95,'ac2355b4895c37e14df827f969f31c12',47,'Legend Text','','text_format'),(96,'592cedd465877bc61ab549df688b0b2a',48,'Processes Data Source','','task_item_id'),(97,'1d51dbabb200fcea5c4b157129a75410',48,'Legend Color','','color_id'),(98,'8cb8ed3378abec21a1819ea52dfee6a3',49,'1 Minute Data Source','','task_item_id'),(99,'5dfcaf9fd771deb8c5430bce1562e371',49,'5 Minute Data Source','','task_item_id'),(100,'6f3cc610315ee58bc8e0b1f272466324',49,'15 Minute Data Source','','task_item_id'),(101,'b457a982bf46c6760e6ef5f5d06d41fb',50,'Logged in Users Data Source','','task_item_id'),(102,'bd4a57adf93c884815b25a8036b67f98',50,'Legend Color','','color_id'),(103,'6273c71cdb7ed4ac525cdbcf6180918c',51,'Free Data Source','','task_item_id'),(104,'5e62dbea1db699f1bda04c5863e7864d',51,'Swap Data Source','','task_item_id'),(105,'940beb0f0344e37f4c6cdfc17d2060bc',52,'Available Disk Space Data Source','','task_item_id'),(106,'7b0674dd447a9badf0d11bec688028a8',52,'Used Disk Space Data Source','','task_item_id'),(107,'d7cdb63500c576e0f9f354de42c6cf3a',53,'1 Minute Data Source','','task_item_id'),(108,'a23152f5ec02e7762ca27608c0d89f6c',53,'5 Minute Data Source','','task_item_id'),(109,'2cc5d1818da577fba15115aa18f64d85',53,'15 Minute Data Source','','task_item_id'),(110,'f45def7cad112b450667aa67262258cb',54,'Memory Free Data Source','','task_item_id'),(111,'f8c361a8c8b7ad80e8be03ba7ea5d0d6',54,'Memory Buffers Data Source','','task_item_id'),(112,'e0b395be8db4f7b938d16df7ae70065f',54,'Cache Memory Data Source','','task_item_id'),(113,'eb76da0d29135bac17f898c44ec279cb',54,'Data Source [mem_total]','','task_item_id'),(114,'37d09fb7ce88ecec914728bdb20027f3',55,'Logged in Users Data Source','','task_item_id'),(115,'699bd7eff7ba0c3520db3692103a053d',55,'Legend Color','','color_id'),(116,'df905e159d13a5abed8a8a7710468831',56,'Processes Data Source','','task_item_id'),(117,'8ca9e3c65c080dbf74a59338d64b0c14',56,'Legend Color','','color_id'),(118,'41f360e2e5c7038bd6502495fc42064e',57,'Data Source [ssCpuIdle]','','task_item_id'),(119,'059853124cd1649493af05c24594bc8d',57,'Data Source [ssCpuUser]','','task_item_id'),(120,'e280d373dd8d0aecd1b26781ed7a5977',57,'Data Source [ssCpuSystem]','','task_item_id'),(121,'e147ef9f5bc72229fe46508904d1e820',58,'Data Source [ssSysInterrupts]','','task_item_id'),(122,'d57f74ec1b11fc2037d197417c7f187d',59,'Data Source [ssSysContext]','','task_item_id'),(123,'a9ac261a6344d2ce06373174f2fb91ec',60,'Data Source [reads]','','task_item_id'),(124,'90cecf239de8d0c8dbff22529dbb03ae',60,'Data Source [writes]','','task_item_id'),(125,'50955e0bcf20cbeb8fcde95c1ad26522',61,'Data Source [bytesread]','','task_item_id'),(126,'4ce2aaa9d1550ac38072302ed101655d',61,'Data Source [byteswritten]','','task_item_id'),(127,'b33eb27833614056e06ee5952c3e0724',62,'Available Disk Space Data Source','','task_item_id'),(128,'ef8799e63ee00e8904bcc4228015784a',62,'Used Disk Space Data Source','','task_item_id'),(129,'86bd8819d830a81d64267761e1fd8ec4',63,'Total Disk Space Data Source','','task_item_id'),(130,'6c8967850102202de166951e4411d426',63,'Used Disk Space Data Source','','task_item_id'),(131,'bdad718851a52b82eca0a310b0238450',64,'CPU Utilization Data Source','','task_item_id'),(132,'e7b578e12eb8a82627557b955fd6ebd4',64,'Legend Color','','color_id'),(133,'65126c24617c23b64079ba555751da3f',65,'Data Source [Bytes_Read]','','task_item_id'),(134,'7ea0ac64ce0aba0c2b392cc6d7034515',65,'Data Source [Bytes_Written]','','task_item_id'),(135,'30d6aa3a34630bec2a143ac063a76907',66,'Data Source [15Min_LoadAvg]','','task_item_id'),(136,'456e79bda9a2e0f370f7b077d0ce9ad4',66,'Data Source [1Min_LoadAvg]','','task_item_id'),(137,'f930429ea76fd8a8ea9af5461f738357',66,'Data Source [5Min_LoadAvg]','','task_item_id'),(138,'e0ab1b0794eb8ad54e549c363b3b9409',67,'Data Source [Device_Writes]','','task_item_id'),(139,'3e0edbee4c2f152e69f0912e379d303f',67,'Data Source [Device_Reads]','','task_item_id');
/*!40000 ALTER TABLE `graph_template_input` ENABLE KEYS */;
UNLOCK TABLES;

--
-- Table structure for table `graph_template_input_defs`
--

DROP TABLE IF EXISTS `graph_template_input_defs`;
/*!40101 SET @saved_cs_client     = @@character_set_client */;
/*!40101 SET character_set_client = utf8 */;
CREATE TABLE `graph_template_input_defs` (
  `graph_template_input_id` mediumint(8) unsigned NOT NULL DEFAULT 0,
  `graph_template_item_id` int(12) unsigned NOT NULL DEFAULT 0,
  PRIMARY KEY (`graph_template_input_id`,`graph_template_item_id`),
  KEY `graph_template_input_id` (`graph_template_input_id`)
) ENGINE=InnoDB DEFAULT CHARSET=utf8mb4 COLLATE=utf8mb4_unicode_ci ROW_FORMAT=DYNAMIC COMMENT='Stores the relationship for what graph items are associated';
/*!40101 SET character_set_client = @saved_cs_client */;

--
-- Dumping data for table `graph_template_input_defs`
--

LOCK TABLES `graph_template_input_defs` WRITE;
/*!40000 ALTER TABLE `graph_template_input_defs` DISABLE KEYS */;
INSERT INTO `graph_template_input_defs` VALUES (1,1),(1,2),(1,3),(1,4),(1,5),(2,6),(2,7),(2,8),(2,9),(2,10),(3,11),(3,12),(3,13),(3,14),(3,15),(3,16),(4,17),(4,18),(4,19),(4,20),(4,21),(4,22),(5,23),(5,24),(5,25),(5,26),(5,27),(5,28),(6,29),(6,30),(6,31),(6,32),(6,33),(7,34),(7,35),(7,36),(7,37),(7,38),(8,39),(8,40),(8,41),(8,42),(8,43),(9,44),(9,45),(9,46),(9,47),(9,48),(10,49),(10,50),(10,51),(10,52),(10,53),(11,54),(11,55),(11,56),(11,57),(11,58),(12,59),(12,60),(12,61),(12,62),(12,63),(13,64),(13,65),(13,66),(13,67),(13,68),(13,69),(14,70),(14,71),(14,72),(14,73),(15,74),(15,75),(15,76),(15,77),(16,86),(16,87),(16,88),(16,89),(16,90),(16,91),(17,78),(17,79),(17,80),(17,81),(18,82),(18,83),(18,84),(18,85),(19,92),(19,93),(19,94),(19,95),(20,96),(20,97),(20,98),(20,99),(21,100),(21,101),(21,102),(21,103),(21,104),(21,105),(22,106),(22,107),(22,108),(22,109),(22,110),(22,111),(24,112),(24,113),(24,114),(24,115),(24,116),(24,117),(25,118),(25,119),(25,120),(25,121),(25,122),(25,123),(26,124),(26,125),(26,126),(26,127),(27,128),(27,129),(27,130),(27,131),(28,132),(28,133),(28,134),(28,135),(29,136),(29,137),(29,138),(29,139),(30,140),(30,141),(30,142),(30,143),(31,144),(31,145),(31,146),(31,147),(31,148),(32,149),(32,150),(32,151),(32,152),(33,153),(33,154),(33,155),(33,156),(34,157),(34,158),(34,159),(34,160),(34,161),(35,162),(35,163),(35,164),(35,165),(35,166),(36,167),(36,168),(36,169),(36,170),(36,171),(37,172),(37,173),(37,174),(37,175),(37,176),(38,177),(38,178),(38,179),(38,180),(39,181),(39,182),(39,183),(39,184),(40,185),(40,186),(40,187),(40,188),(41,189),(41,190),(41,191),(41,192),(42,193),(42,194),(42,195),(42,196),(43,197),(43,198),(43,199),(43,200),(44,205),(44,206),(44,207),(44,208),(44,221),(45,209),(45,210),(45,211),(45,212),(46,213),(46,214),(46,215),(46,216),(47,217),(47,218),(47,219),(47,220),(48,222),(48,223),(48,224),(48,225),(49,226),(49,227),(49,228),(49,229),(50,230),(50,231),(50,232),(50,233),(51,234),(51,235),(51,236),(51,237),(52,238),(52,239),(52,240),(52,241),(53,242),(53,243),(53,244),(53,245),(53,246),(54,247),(54,248),(54,249),(54,250),(54,251),(55,252),(55,253),(55,254),(55,255),(56,256),(56,257),(56,258),(56,259),(57,260),(57,261),(57,262),(57,263),(58,264),(58,265),(58,266),(58,267),(59,268),(59,269),(59,270),(59,271),(60,272),(60,273),(60,274),(60,275),(61,276),(61,277),(61,278),(61,279),(62,280),(62,281),(62,282),(62,283),(62,284),(63,285),(63,286),(63,287),(63,288),(63,289),(64,290),(64,291),(64,292),(64,293),(65,290),(66,294),(66,295),(66,296),(66,297),(67,298),(67,299),(67,300),(67,301),(68,302),(68,303),(68,304),(68,305),(68,306),(69,307),(69,308),(69,309),(69,310),(69,311),(70,312),(70,313),(70,314),(70,315),(71,316),(71,317),(71,318),(71,319),(72,320),(72,321),(72,322),(72,323),(73,324),(73,325),(73,326),(73,327),(74,332),(74,333),(74,334),(74,335),(74,337),(75,328),(75,329),(75,330),(75,331),(75,336),(76,338),(76,339),(76,340),(76,341),(76,346),(77,342),(77,343),(77,344),(77,345),(78,347),(78,348),(78,349),(78,350),(78,351),(79,352),(79,353),(79,354),(79,355),(79,356),(80,357),(80,358),(80,359),(80,360),(80,361),(81,362),(81,363),(81,364),(81,365),(81,366),(81,368),(81,369),(82,370),(82,371),(82,372),(82,373),(82,374),(82,375),(83,376),(83,377),(83,378),(83,379),(83,380),(83,381),(84,388),(84,389),(84,390),(84,391),(84,392),(84,393),(85,382),(85,383),(85,384),(85,385),(85,386),(85,387),(86,398),(86,399),(86,400),(86,401),(86,403),(87,394),(87,395),(87,396),(87,397),(87,402),(88,404),(88,405),(88,406),(88,407),(88,412),(89,408),(89,409),(89,410),(89,411),(89,413),(90,414),(90,415),(90,416),(90,417),(90,418),(91,415),(92,415),(93,419),(93,420),(93,421),(93,422),(94,419),(95,419),(96,423),(96,424),(96,425),(96,426),(97,423),(98,427),(98,428),(98,429),(98,430),(98,440),(99,431),(99,432),(99,433),(99,434),(99,441),(100,435),(100,436),(100,437),(100,438),(100,442),(101,443),(101,444),(101,445),(101,446),(101,447),(102,443),(103,448),(103,449),(103,450),(103,451),(104,452),(104,453),(104,454),(104,455),(105,460),(105,461),(105,462),(105,463),(105,469),(106,456),(106,457),(106,458),(106,459),(106,468),(107,470),(107,471),(107,472),(107,473),(107,482),(108,474),(108,475),(108,476),(108,477),(108,483),(109,478),(109,479),(109,480),(109,481),(109,484),(110,497),(110,498),(110,499),(110,500),(110,504),(111,489),(111,490),(111,491),(111,492),(111,502),(112,493),(112,494),(112,495),(112,496),(112,503),(113,485),(113,486),(113,487),(113,488),(113,501),(114,505),(114,506),(114,507),(114,508),(114,509),(115,505),(116,510),(116,511),(116,512),(116,513),(116,514),(117,510),(118,523),(118,524),(118,525),(118,526),(119,519),(119,520),(119,521),(119,522),(120,515),(120,516),(120,517),(120,518),(121,531),(121,532),(121,533),(121,534),(121,535),(122,536),(122,537),(122,538),(122,539),(122,540),(123,541),(123,542),(123,543),(123,544),(123,549),(124,545),(124,546),(124,547),(124,548),(124,550),(125,551),(125,552),(125,553),(125,554),(125,559),(126,555),(126,556),(126,557),(126,558),(126,560),(127,565),(127,566),(127,567),(127,568),(127,574),(128,561),(128,562),(128,563),(128,564),(128,573),(129,575),(129,576),(129,577),(129,578),(129,583),(130,579),(130,580),(130,581),(130,582),(130,584),(131,585),(131,586),(131,587),(131,588),(131,589),(132,585),(133,590),(133,591),(133,592),(133,593),(133,598),(134,594),(134,595),(134,596),(134,597),(134,599),(135,608),(135,609),(135,610),(135,611),(135,614),(136,600),(136,601),(136,602),(136,603),(136,612),(137,604),(137,605),(137,606),(137,607),(137,613),(138,620),(138,621),(138,622),(138,623),(138,624),(138,626),(139,615),(139,616),(139,617),(139,618),(139,619),(139,625);
/*!40000 ALTER TABLE `graph_template_input_defs` ENABLE KEYS */;
UNLOCK TABLES;

--
-- Table structure for table `graph_templates`
--

DROP TABLE IF EXISTS `graph_templates`;
/*!40101 SET @saved_cs_client     = @@character_set_client */;
/*!40101 SET character_set_client = utf8 */;
CREATE TABLE `graph_templates` (
  `id` mediumint(8) unsigned NOT NULL AUTO_INCREMENT,
  `hash` char(32) COLLATE utf8mb4_unicode_ci NOT NULL DEFAULT '',
  `name` char(255) COLLATE utf8mb4_unicode_ci NOT NULL DEFAULT '',
  `multiple` char(2) COLLATE utf8mb4_unicode_ci NOT NULL DEFAULT '',
  PRIMARY KEY (`id`),
  KEY `multiple_name` (`multiple`,`name`(171)),
  KEY `name` (`name`(171))
) ENGINE=InnoDB AUTO_INCREMENT=68 DEFAULT CHARSET=utf8mb4 COLLATE=utf8mb4_unicode_ci ROW_FORMAT=DYNAMIC COMMENT='Contains each graph template name.';
/*!40101 SET character_set_client = @saved_cs_client */;

--
-- Dumping data for table `graph_templates`
--

LOCK TABLES `graph_templates` WRITE;
/*!40000 ALTER TABLE `graph_templates` DISABLE KEYS */;
INSERT INTO `graph_templates` VALUES (1,'d4d9ba31d18ea0e68f8b2fd89b1dae92','Cacti Stats - Devices',''),(2,'a50a3bc4e066509b42440ab0e06621fb','Cacti Stats - Main Poller DS/RRD',''),(3,'7bb3750476173205d78e311bf6c1f29d','Cacti Stats - Boost Updates',''),(4,'9cd180035d1c3c356001443ccd3c029e','Cacti Stats - Total Poller Items',''),(5,'bb6ae539aa2820d7b37da36992bd3f12','Cacti Stats - Recache (Legacy)',''),(6,'5cd07a18f0076e900def9b79e1785861','Cacti Stats - Processes (Legacy)',''),(7,'1b9b8b6504ab7b73a8e13e8671e6c509','Cacti Stats - Boost Memory',''),(8,'ad4ea3a1098d5f10fcda988546ca9d78','Cacti Stats - User Logins',''),(9,'1457dec786872e830766b2768254f8c5','Cacti Stats - User Sessions',''),(10,'b0735807abd3052d4db6065f2411fb41','Cacti Stats - User Types',''),(11,'716619d434129b9bd90be43618b5bb54','Cacti Stats - Boost Runtime',''),(12,'d102a1438c07245d192805e90ba5e42e','Cacti Stats - Main Poller Runtime',''),(13,'51954f9e80badf0c9bc1e67777210ef5','Cacti Stats - Export Graphs (Legacy)',''),(14,'f67c5d8ba4bbdd3ecfe7b1854745cabf','Cacti Stats - Export Duration (Legacy)',''),(15,'5d893f5aee233b192e02612aff47024d','Cacti Stats - Syslog Activity',''),(16,'621277ec8450d399db596a2d171cd5b3','Cacti Stats - Syslog Runtime',''),(17,'40a91456224a4426c55934ef3413a650','Cacti Stats - Syslog Alerts/Reports',''),(18,'e706b17bc68ad7f19c398dcc8f11f8c1','Cacti Stats - Thold Runtime',''),(19,'471c9e317c6367c55ccb503317a31257','Cacti Stats - Boost Average Row Size',''),(20,'5f5f062f7e63298286ce5c898eb91cf5','Cacti Stats - Boost Records',''),(21,'a8f16dfc82c0d3ab595830e70719958d','Cacti Stats - Boost Table Size',''),(22,'c3592c9f0a195076da0fcd6c01e3d676','Cacti Stats - Boost Timing Detail',''),(23,'bac8b167f00ed98fea715c2f9c6c0aaf','Cacti Stats - Collector Runtime',''),(24,'c6cc8c783be165409c113558f8f72923','Cacti Stats - Collector Items',''),(25,'945f74875f8e03aadf6735af5c0f11e5','Cacti Stats - Collector Settings',''),(26,'ffbb6607d79c397cf7a9e038a2468c4b','Cacti Stats - Collector Recache Stats',''),(27,'52d74f16af1b03f725ac2e696dc50445','Cacti Stats - WebSeer Timing',''),(28,'7581c1bece3710774ff2be60bf2ff0cc','Cacti Stats - WebSeer Download Size',''),(29,'e4089f6ac6ae8a30cfed7445bb7cce95','Cacti Stats - WebSeer Download Speed',''),(30,'2ca099e4bb6ae26846c741b6e01c73ae','Cacti Stats - WebSeer Status',''),(31,'c666eb00d5bd1f8d24e9dfb993f073c6','Cacti Stats - Export Graphs',''),(32,'2b4c7fb3d698e6bd375cddd4dbc1e083','Cacti Stats - Export Duration',''),(33,'9a5e6d7781cc1bd6cf24f64dd6ffb423','Cisco - CPU Usage',''),(34,'cd8d52f25b080c482485b61b236a433f','Device - Polling Time',''),(35,'ab37cbed8610deeffbb20dc1fe57b330','Device - Uptime',''),(36,'5deb0d66c81262843dce5f3861be9966','Interface - Traffic (bits/sec)',''),(37,'06621cd4a9289417cadcb8f9b5cfba80','Interface - Errors/Discards',''),(38,'e0d1625a1f4776a5294583659d5cee15','Interface - Unicast Packets',''),(39,'10ca5530554da7b73dc69d291bf55d38','Interface - Non-Unicast Packets',''),(40,'df244b337547b434b486662c3c5c7472','Interface - Traffic (bytes/sec)',''),(41,'1742b2066384637022d178cc5072905a','Interface - Traffic (bits/sec, 95th)',''),(42,'13b47e10b2d5db45707d61851f69c52b','Interface - Traffic (bits/sec, BW)',''),(43,'8ad6790c22b693680e041f21d62537ac','Interface - Traffic (bytes/sec, BW)',''),(44,'d4dff05337bbf42c70cb6f73647d0d2a','Interface - Multicast Packets',''),(45,'ed3f434a9ebd2f23ab9bc173d608b3d7','Interface - Broadcast Packets',''),(46,'cf96dfb22b58e08bf101ca825377fa4b','Unix - Ping Latency',''),(47,'010b90500e1fc6a05abfd542940584d0','SNMP - Generic OID Template',''),(48,'9fe8b4da353689d376b99b2ea526cc6b','Unix - Processes',''),(49,'fe5edd777a76d48fc48c11aded5211ef','Unix - Load Average',''),(50,'63610139d44d52b195cc375636653ebd','Unix - Logged in Users',''),(51,'6992ed4df4b44f3d5595386b8298f0ec','Linux - Memory Usage',''),(52,'8e7c8a511652fe4a8e65c69f3d34779d','Unix - Available Disk Space',''),(53,'5107ec0206562e77d965ce6b852ef9d4','Net-SNMP - Load Average',''),(54,'be275639d5680e94c72c0ebb4e19056d','Net-SNMP - Memory Usage',''),(55,'e8462bbe094e4e9e814d4e681671ea82','Host MIB - Logged in Users',''),(56,'62205afbd4066e5c4700338841e3901e','Host MIB - Processes',''),(57,'eee71ec20dc7b44635ab185bbf924dc4','Net-SNMP - CPU Utilization',''),(58,'4d2bdea3c52db05896b0d9323076613d','Net-SNMP - Interrupts',''),(59,'a9a2ce15df48242361bea33f786de6ee','Net-SNMP - Context Switches',''),(60,'8eeff0b956240da5625c05d4cdbfbe7f','Net-SNMP - Combined SCSI Disk I/O',''),(61,'cf044e8a7a9d21229564265d2fa2d80c','Net-SNMP - Combined SCSI Disk Bytes',''),(62,'abb5e813c9f1e8cd6fc1e393092ef8cb','Net-SNMP - Available Disk Space',''),(63,'7489e44466abee8a7d8636cb2cb14a1a','Host MIB - Available Disk Space',''),(64,'c6bb62bedec4ab97f9db9fd780bd85a6','Host MIB - CPU Utilization',''),(65,'30cbb1cfd3602413d84757642b71666a','Net-SNMP - Device I/O - Bytes Read/Written',''),(66,'aa2984e39e8c1a1a417e4de3a06be822','Net-SNMP - Device I/O - Load Averages',''),(67,'9ac598676e55dfc08efe6e4ec7c51a0a','Net-SNMP - Device I/O - Reads/Writes','');
/*!40000 ALTER TABLE `graph_templates` ENABLE KEYS */;
UNLOCK TABLES;

--
-- Table structure for table `graph_templates_gprint`
--

DROP TABLE IF EXISTS `graph_templates_gprint`;
/*!40101 SET @saved_cs_client     = @@character_set_client */;
/*!40101 SET character_set_client = utf8 */;
CREATE TABLE `graph_templates_gprint` (
  `id` mediumint(8) unsigned NOT NULL AUTO_INCREMENT,
  `hash` varchar(32) COLLATE utf8mb4_unicode_ci NOT NULL DEFAULT '',
  `name` varchar(100) COLLATE utf8mb4_unicode_ci NOT NULL DEFAULT '',
  `gprint_text` varchar(255) COLLATE utf8mb4_unicode_ci DEFAULT NULL,
  PRIMARY KEY (`id`),
  KEY `name` (`name`)
) ENGINE=InnoDB AUTO_INCREMENT=6 DEFAULT CHARSET=utf8mb4 COLLATE=utf8mb4_unicode_ci ROW_FORMAT=DYNAMIC;
/*!40101 SET character_set_client = @saved_cs_client */;

--
-- Dumping data for table `graph_templates_gprint`
--

LOCK TABLES `graph_templates_gprint` WRITE;
/*!40000 ALTER TABLE `graph_templates_gprint` DISABLE KEYS */;
INSERT INTO `graph_templates_gprint` VALUES (2,'e9c43831e54eca8069317a2ce8c6f751','Normal','%8.2lf %s'),(3,'19414480d6897c8731c7dc6c5310653e','Exact Numbers','%8.0lf'),(4,'304a778405392f878a6db435afffc1e9','Load Average','%4.2lf'),(5,'4e72328b57f5f2bb08a83a477b6cd10c','Percent','%8.1lf %%');
/*!40000 ALTER TABLE `graph_templates_gprint` ENABLE KEYS */;
UNLOCK TABLES;

--
-- Table structure for table `graph_templates_graph`
--

DROP TABLE IF EXISTS `graph_templates_graph`;
/*!40101 SET @saved_cs_client     = @@character_set_client */;
/*!40101 SET character_set_client = utf8 */;
CREATE TABLE `graph_templates_graph` (
  `id` mediumint(8) unsigned NOT NULL AUTO_INCREMENT,
  `local_graph_template_graph_id` mediumint(8) unsigned NOT NULL DEFAULT 0,
  `local_graph_id` mediumint(8) unsigned NOT NULL DEFAULT 0,
  `graph_template_id` mediumint(8) unsigned NOT NULL DEFAULT 0,
  `t_image_format_id` char(2) COLLATE utf8mb4_unicode_ci DEFAULT '',
  `image_format_id` tinyint(1) NOT NULL DEFAULT 0,
  `t_title` char(2) COLLATE utf8mb4_unicode_ci DEFAULT '',
  `title` varchar(255) COLLATE utf8mb4_unicode_ci NOT NULL DEFAULT '',
  `title_cache` varchar(255) COLLATE utf8mb4_unicode_ci NOT NULL DEFAULT '',
  `t_height` char(2) COLLATE utf8mb4_unicode_ci DEFAULT '',
  `height` mediumint(8) NOT NULL DEFAULT 0,
  `t_width` char(2) COLLATE utf8mb4_unicode_ci DEFAULT '',
  `width` mediumint(8) NOT NULL DEFAULT 0,
  `t_upper_limit` char(2) COLLATE utf8mb4_unicode_ci DEFAULT '',
  `upper_limit` varchar(20) COLLATE utf8mb4_unicode_ci NOT NULL DEFAULT '0',
  `t_lower_limit` char(2) COLLATE utf8mb4_unicode_ci DEFAULT '',
  `lower_limit` varchar(20) COLLATE utf8mb4_unicode_ci NOT NULL DEFAULT '0',
  `t_vertical_label` char(2) COLLATE utf8mb4_unicode_ci DEFAULT '',
  `vertical_label` varchar(200) COLLATE utf8mb4_unicode_ci DEFAULT NULL,
  `t_slope_mode` char(2) COLLATE utf8mb4_unicode_ci DEFAULT '',
  `slope_mode` char(2) COLLATE utf8mb4_unicode_ci DEFAULT 'on',
  `t_auto_scale` char(2) COLLATE utf8mb4_unicode_ci DEFAULT '',
  `auto_scale` char(2) COLLATE utf8mb4_unicode_ci DEFAULT NULL,
  `t_auto_scale_opts` char(2) COLLATE utf8mb4_unicode_ci DEFAULT '',
  `auto_scale_opts` tinyint(1) NOT NULL DEFAULT 0,
  `t_auto_scale_log` char(2) COLLATE utf8mb4_unicode_ci DEFAULT '',
  `auto_scale_log` char(2) COLLATE utf8mb4_unicode_ci DEFAULT NULL,
  `t_scale_log_units` char(2) COLLATE utf8mb4_unicode_ci DEFAULT '',
  `scale_log_units` char(2) COLLATE utf8mb4_unicode_ci DEFAULT NULL,
  `t_auto_scale_rigid` char(2) COLLATE utf8mb4_unicode_ci DEFAULT '',
  `auto_scale_rigid` char(2) COLLATE utf8mb4_unicode_ci DEFAULT NULL,
  `t_auto_padding` char(2) COLLATE utf8mb4_unicode_ci DEFAULT '',
  `auto_padding` char(2) COLLATE utf8mb4_unicode_ci DEFAULT NULL,
  `t_base_value` char(2) COLLATE utf8mb4_unicode_ci DEFAULT '',
  `base_value` mediumint(8) NOT NULL DEFAULT 0,
  `t_grouping` char(2) COLLATE utf8mb4_unicode_ci DEFAULT '',
  `grouping` char(2) COLLATE utf8mb4_unicode_ci NOT NULL DEFAULT '',
  `t_unit_value` char(2) COLLATE utf8mb4_unicode_ci DEFAULT '',
  `unit_value` varchar(20) COLLATE utf8mb4_unicode_ci DEFAULT NULL,
  `t_unit_exponent_value` char(2) COLLATE utf8mb4_unicode_ci DEFAULT '',
  `unit_exponent_value` varchar(5) COLLATE utf8mb4_unicode_ci NOT NULL DEFAULT '',
  `t_alt_y_grid` char(2) COLLATE utf8mb4_unicode_ci DEFAULT '',
  `alt_y_grid` char(2) COLLATE utf8mb4_unicode_ci DEFAULT NULL,
  `t_right_axis` char(2) COLLATE utf8mb4_unicode_ci DEFAULT '',
  `right_axis` varchar(20) COLLATE utf8mb4_unicode_ci DEFAULT NULL,
  `t_right_axis_label` char(2) COLLATE utf8mb4_unicode_ci DEFAULT '',
  `right_axis_label` varchar(200) COLLATE utf8mb4_unicode_ci DEFAULT NULL,
  `t_right_axis_format` char(2) COLLATE utf8mb4_unicode_ci DEFAULT '',
  `right_axis_format` mediumint(8) DEFAULT NULL,
  `t_right_axis_formatter` char(2) COLLATE utf8mb4_unicode_ci DEFAULT '',
  `right_axis_formatter` varchar(10) COLLATE utf8mb4_unicode_ci DEFAULT NULL,
  `t_left_axis_formatter` char(2) COLLATE utf8mb4_unicode_ci DEFAULT '',
  `left_axis_formatter` varchar(10) COLLATE utf8mb4_unicode_ci DEFAULT NULL,
  `t_no_gridfit` char(2) COLLATE utf8mb4_unicode_ci DEFAULT '',
  `no_gridfit` char(2) COLLATE utf8mb4_unicode_ci DEFAULT NULL,
  `t_unit_length` char(2) COLLATE utf8mb4_unicode_ci DEFAULT '',
  `unit_length` varchar(10) COLLATE utf8mb4_unicode_ci DEFAULT NULL,
  `t_tab_width` char(2) COLLATE utf8mb4_unicode_ci DEFAULT '',
  `tab_width` varchar(20) COLLATE utf8mb4_unicode_ci DEFAULT '30',
  `t_dynamic_labels` char(2) COLLATE utf8mb4_unicode_ci DEFAULT '',
  `dynamic_labels` char(2) COLLATE utf8mb4_unicode_ci DEFAULT NULL,
  `t_force_rules_legend` char(2) COLLATE utf8mb4_unicode_ci DEFAULT '',
  `force_rules_legend` char(2) COLLATE utf8mb4_unicode_ci DEFAULT NULL,
  `t_legend_position` char(2) COLLATE utf8mb4_unicode_ci DEFAULT '',
  `legend_position` varchar(10) COLLATE utf8mb4_unicode_ci DEFAULT NULL,
  `t_legend_direction` char(2) COLLATE utf8mb4_unicode_ci DEFAULT '',
  `legend_direction` varchar(10) COLLATE utf8mb4_unicode_ci DEFAULT NULL,
  PRIMARY KEY (`id`),
  KEY `local_graph_id` (`local_graph_id`),
  KEY `graph_template_id` (`graph_template_id`),
  KEY `title_cache` (`title_cache`(191))
) ENGINE=InnoDB AUTO_INCREMENT=290 DEFAULT CHARSET=utf8mb4 COLLATE=utf8mb4_unicode_ci ROW_FORMAT=DYNAMIC COMMENT='Stores the actual graph data.';
/*!40101 SET character_set_client = @saved_cs_client */;

--
-- Dumping data for table `graph_templates_graph`
--

LOCK TABLES `graph_templates_graph` WRITE;
/*!40000 ALTER TABLE `graph_templates_graph` DISABLE KEYS */;
INSERT INTO `graph_templates_graph` VALUES (1,0,0,1,'',1,'','Cacti Stats - Devices','','',200,'',700,'','100','','0','','totals','','on','','on','',2,'','','','','','','','on','',1000,'','','','','','','','','','','','','',0,'','0','','0','','','','','','30','','','','','','0','','0'),(2,0,0,2,'',1,'','Cacti Stats - Main Poller DS/RRD','','',200,'',700,'','100','','0','','numbers','','on','','on','',2,'','','','','','','','on','',1000,'','','','','','','','','','','','','',0,'','0','','0','','','','','','30','','','','','','0','','0'),(3,0,0,3,'',1,'','Cacti Stats - Boost Updates','','',200,'',700,'','100','','0','','transactions','','on','','on','',2,'','','','','','','','on','',1000,'','','','','','','','','','','','','',0,'','0','','0','','','','','','30','','','','','','0','','0'),(4,0,0,4,'',1,'','Cacti Stats - Total Poller Items','','',200,'',700,'','100','','0','','items','','on','','on','',2,'','','','','','','','on','',1000,'','','','','','','','','','','','','',0,'','0','','0','','','','','','30','','','','','','0','','0'),(5,0,0,5,'',1,'','Cacti Stats - Recache (Legacy)','','',200,'',700,'','100','','0','','seconds/devices','','on','','on','',2,'','','','','','','','on','',1000,'','','','','','','','','','','','','',0,'','0','','0','','','','','','30','','','','','','0','','0'),(6,0,0,6,'',1,'','Cacti Stats - Processes (Legacy)','','',200,'',700,'','100','','0','','seconds','','on','','on','',2,'','','','','','','','on','',1000,'','','','','','','','','','','','','',0,'','0','','0','','','','','','30','','','','','','0','','0'),(7,0,0,7,'',1,'','Cacti Stats - Boost Memory','','',200,'',700,'','100','','0','','memory','','on','','on','',2,'','','','','','','','on','',1024,'','','','','','','','','','','','','',0,'','0','','0','','','','','','30','','','','','','0','','0'),(8,0,0,8,'',1,'','Cacti Stats - User Logins','','',200,'',700,'','100','','0','','logins','','on','','on','',2,'','','','','','','','on','',1000,'','','','','','','','','','','','','',0,'','0','','0','','','','','','30','','','','','','0','','0'),(9,0,0,9,'',1,'','Cacti Stats - User Sessions','','',200,'',700,'','100','','0','','sessions','','on','','on','',2,'','','','','','','','on','',1000,'','','','','','','','','','','','','',0,'','0','','0','','','','','','30','','','','','','0','','0'),(10,0,0,10,'',1,'','Cacti Stats - User Types','','',200,'',700,'','100','','0','','users','','on','','on','',2,'','','','','','','','on','',1000,'','','','','','','','','','','','','',0,'','0','','0','','','','','','30','','','','','','0','','0'),(11,0,0,11,'',1,'','Cacti Stats - Boost Runtime','','',200,'',700,'','100','','0','','seconds','','on','','on','',2,'','','','','','','','on','',1000,'','','','','','','','','','','','','',0,'','0','','0','','','','','','30','','','','','','0','','0'),(12,0,0,12,'',1,'','Cacti Stats - Main Poller Runtime','','',200,'',700,'','100','','0','','seconds','','on','','on','',2,'','','','','','','','on','',1000,'','','','','','','','','','','','','',0,'','0','','0','','','','','','30','','','','','','0','','0'),(13,0,0,13,'',1,'','Cacti Stats - Export Graphs (Legacy)','','',200,'',700,'','100','','0','','graphs','','on','','on','',2,'','','','','','','','on','',1024,'','','','','','','','','','','','','',0,'','0','','0','','','','','','30','','','','','','0','','0'),(14,0,0,14,'',1,'','Cacti Stats - Export Duration (Legacy)','','',200,'',700,'','100','','0','','seconds','','on','','on','',2,'','','','','','','','on','',1000,'','','','','','','','','','','','','',0,'','0','','0','','','','','','30','','','','','','0','','0'),(15,0,0,15,'',1,'','Cacti Stats - Syslog Activity','','',200,'',700,'','100','','0','','items','','on','','on','',2,'','','','','','','','on','',1000,'','','','','','','','','','','','','',0,'','0','','0','','','','','','','','','','','','0','','0'),(16,0,0,16,'',1,'','Cacti Stats - Syslog Runtime','','',200,'',700,'','100','','0','','seconds','','on','','on','',2,'','','','','','','','on','',1000,'','','','','','','','','','','','','',0,'','0','','0','','','','','','','','','','','','0','','0'),(17,0,0,17,'',1,'','Cacti Stats - Syslog Alerts/Reports','','',200,'',700,'','100','','0','','items','','on','','on','',2,'','','','','','','','on','',1000,'','','','','','','','','','','','','',0,'','0','','0','','','','','','','','','','','','0','','0'),(18,0,0,18,'',1,'','Cacti Stats - Thold Runtime','','',200,'',700,'','100','','0','','seconds','','on','','on','',2,'','','','','','','','on','',1000,'','','','','','','','','','','','','',0,'','0','','0','','','','','','','','','','','','0','','0'),(19,0,0,19,'',1,'','Cacti Stats - Boost Average Row Size','','',200,'',700,'','100','','0','','bytes','','on','','on','',2,'','','','','','','','on','',1000,'','','','','','','','','','','','','',0,'','0','','0','','','','','','30','','','','','','0','','0'),(20,0,0,20,'',1,'','Cacti Stats - Boost Records','','',200,'',700,'','100','','0','','records','','on','','on','',2,'','','','','','','','on','',1000,'','','','','','','','','','','','','',0,'','0','','0','','','','','','','','','','','','0','','0'),(21,0,0,21,'',1,'','Cacti Stats - Boost Table Size','','',200,'',700,'','100','','0','','bytes','','on','','on','',2,'','','','','','','','on','',1000,'','','','','','','','','','','','','',0,'','0','','0','','','','','','','','','','','','0','','0'),(22,0,0,22,'',1,'','Cacti Stats - Boost Timing Detail','','',200,'',700,'','100','','0','','seconds','','on','','on','',2,'','','','','','','','on','',1000,'','','','','','','','','','','','','',0,'','0','','0','','','','','','','','','','','','0','','0'),(23,0,0,23,'',1,'','|query_pollerName| - Collector Runtime','','',200,'',700,'','100','','0','','seconds','','on','','on','',2,'','','','','','','','on','',1000,'','','','','','','','','','','','','',0,'','0','','0','','','','','','','','','','','','0','','0'),(24,0,0,24,'',1,'','|query_pollerName| - Collector Items','','',200,'',700,'','100','','0','','items','','on','','on','',2,'','','','','','','','on','',1000,'','','','','','','','','','','','','',0,'','0','','0','','','','','','','','','','','','0','','0'),(25,0,0,25,'',1,'','|query_pollerName| - Collector Settings','','',200,'',700,'','100','','0','','settings','','on','','on','',2,'','','','','','','','on','',1000,'','','','','','','','','','','','','',0,'','0','','0','','','','','','','','','','','','0','','0'),(26,0,0,26,'',1,'','Cacti Stats - Recache (Legacy)','','',200,'',700,'','100','','0','','seconds/devices','','on','','on','',2,'','','','','','','','on','',1000,'','','','','','','','','','','','','',0,'','0','','0','','','','','','30','','','','','','0','','0'),(27,0,0,27,'',1,'','WebSeer - |query_webseerName| - Timing','','',200,'',700,'','100','','0','','seconds','','on','','on','',2,'','','','','','','','on','',1000,'','','','','','','','','','','','','',0,'','0','','0','','','','','','','','','','','','0','','0'),(28,0,0,28,'',1,'','WebSeer - |query_webseerName| - Download Size','','',200,'',700,'','100','','0','','bytes','','on','','on','',2,'','','','','','','','on','',1000,'','','','','','','','','','','','','',0,'','0','','0','','','','','','','','','','','','0','','0'),(29,0,0,29,'',1,'','WebSeer - |query_webseerName| - Download Speed','','',200,'',700,'','100','','0','','bytes/second','','on','','on','',2,'','','','','','','','on','',1000,'','','','','','','','','','','','','',0,'','0','','0','','','','','','','','','','','','0','','0'),(30,0,0,30,'',1,'','WebSeer - |query_webseerName| - Status','','',200,'',700,'','100','','0','','status','','on','','on','',2,'','','','','','','','on','',1000,'','','','','','','','','','','','','',0,'','0','','0','','','','','','','','','','','','0','','0'),(31,0,0,31,'',1,'','|query_exportName| - Exported Graphs','','',200,'',700,'','100','','0','','graphs','','on','','on','',2,'','','','','','','','on','',1000,'','','','','','','','','','','','','',0,'','0','','0','','','','','','','','','','','','0','','0'),(32,0,0,32,'',1,'','|query_exportName| - Export Duration','','',200,'',700,'','100','','0','','seconds','','on','','on','',2,'','','','','','','','on','',1000,'','','','','','','','','','','','','',0,'','0','','0','','','','','','','','','','','','0','','0'),(33,0,0,33,'',1,'','|host_description| - CPU Usage','','',200,'',700,'','100','','0','','percent','','on','','on','',2,'','','','','','on','','on','',1000,'','','','','','','','','','','','','',0,'','0','','0','','','','','','40','','','','','','0','','0'),(34,0,0,34,'',1,'','|host_description| - Polling Time','','',200,'',700,'','100','','0','','seconds','','on','','on','',2,'','','','','','','','on','',1000,'','','','','','','','','','','','','',0,'','0','','0','','','','','','','','','','','','0','','0'),(35,0,0,35,'',1,'','|host_description| - Uptime','','',200,'',700,'','100','','0','','days','','on','','on','',2,'','','','','','','','on','',1000,'','','','','','','','','','','','','',0,'','0','','0','','','','','','','','','','','','0','','0'),(36,0,0,36,'',1,'on','|host_description| - Traffic','','',200,'',700,'','100','','0','','bits per second','','on','','on','',2,'','','','','','on','','on','',1000,'','','','','','','','','','','','','',0,'','0','','0','','','','','','','','','','','','0','','0'),(37,0,0,37,'',1,'on','|host_description| - Errors/Discards','','',200,'',700,'','100','','0','','errors/sec','','on','','on','',2,'','','','','','on','','on','',1000,'','','','','','','','','','','','','',0,'','','','','','','','','','','','','','','','','',''),(38,0,0,38,'',1,'on','|host_description| - Unicast Packets','','',200,'',700,'','100','','0','','packets/sec','','on','','on','',2,'','','','','','on','','on','',1000,'','','','','','','','','','','','','',0,'','','','','','','','','','','','','','','','','',''),(39,0,0,39,'',1,'on','|host_description| - Non-Unicast Packets','','',200,'',700,'','100','','0','','packets/sec','','on','','on','',2,'','','','','','on','','on','',1000,'','','','','','','','','','','','','',0,'','0','','0','','','','','','','','','','','','0','','0'),(40,0,0,40,'',1,'on','|host_description| - Traffic','','',200,'',700,'','100','','0','','bytes per second','','on','','on','',2,'','','','','','on','','on','',1000,'','','','','','','','','','','','','',0,'','','','','','','','','','','','','','','','','',''),(41,0,0,41,'',1,'on','|host_description| - Traffic','','',200,'',700,'','100','','0','','bits per second','','on','','on','',2,'','','','','','on','','on','',1000,'','','','','','','','','','','','','',0,'','0','','0','','','','','','','','','','','','0','','0'),(42,0,0,42,'',1,'on','|host_description| - Traffic','','',200,'',700,'','100','','0','','bits per second','','on','','on','',2,'','','','','','on','','on','',1000,'','','','','','','','','','','','','',0,'','0','','0','','','','','','','','','','','','0','','0'),(43,0,0,43,'',1,'on','|host_description| - Traffic','','',200,'',700,'','100','','0','','bytes per second','','on','','on','',2,'','','','','','on','','on','',1000,'','','','','','','','','','','','','',0,'','0','','0','','','','','','','','','','','','0','','0'),(44,0,0,44,'',1,'on','|host_description| - Multicast Packets','','',200,'',700,'','100','','0','','packets/sec','','on','','on','',2,'','','','','','on','','on','',1000,'','','','','','','','','','','','','',0,'','0','','0','','','','','','','','','','','','0','','0'),(45,0,0,45,'',1,'on','|host_description| - Broadcast Packets','','',200,'',700,'','100','','0','','packets/sec','','on','','on','',2,'','','','','','on','','on','',1000,'','','','','','','','','','','','','',0,'','0','','0','','','','','','','','','','','','0','','0'),(46,0,0,46,'',1,'','|host_description| - Ping Latency','','',200,'',700,'','100','','0','','milliseconds','','on','','on','',2,'','','','','','','','on','',1000,'','','','','','','','','','','','','',0,'','','','','','','','','','40','','','','','','','',''),(47,0,0,47,'',1,'on','|host_description| -','','',200,'',700,'','100','','0','on','','','on','','on','',2,'','','','','','','','on','',1000,'','','','','','','','','','','','','',0,'','0','','0','','','','','','40','','','','','','0','','0'),(48,0,0,48,'',1,'','|host_description| - Processes','','',200,'',700,'','100','','0','','processes','','on','','on','',2,'','','','','','','','on','',1000,'','','','','','','','','','','','','',0,'','0','','0','','','','','','40','','','','','','0','','0'),(49,0,0,49,'',1,'','|host_description| - Load Average','','',200,'',700,'','100','','0','','run que length','','on','','on','',2,'','','','','','on','','on','',1000,'','','','','','0','','','','','','','',0,'','0','','0','','','','','','40','','','','','','0','','0'),(50,0,0,50,'',1,'','|host_description| - Logged in Users','','',200,'',700,'','100','','0','','users','','on','','on','',2,'','','','','','on','','on','',1000,'','','','','','','','','','','','','',0,'','','','','','','','','','40','','','','','','','',''),(51,0,0,51,'',1,'','|host_description| - Memory Usage','','',200,'',700,'','100','','0','','bytes','','on','','on','',2,'','','','','','on','','on','',1000,'','','','','','','','','','','','','',0,'','0','','0','','','','','','40','','','','','','0','','0'),(52,0,0,52,'',1,'on','|host_description| - Available Disk Space','','',200,'',700,'','100','','0','','bytes','','on','','on','',2,'','','','','','on','','on','',1024,'','','','','','','','','','','','','',0,'','','','','','','','','','40','','','','','','','',''),(53,0,0,53,'',1,'','|host_description| - Load Average','','',200,'',700,'','100','','0','','run queue','','on','','on','',2,'','','','','','on','','on','',1000,'','','','','','','','','','','','','',0,'','0','','0','','','','','','40','','','','','','0','','0'),(54,0,0,54,'',1,'','|host_description| - Memory Usage','','',200,'',700,'','100','','0','','bytes','','on','','on','',2,'','','','','','on','','on','',1000,'','','','','','','','','','','','','',0,'','0','','0','','','','','','40','','','','','','0','','0'),(55,0,0,55,'',1,'','|host_description| - Logged in Users','','',200,'',700,'','100','','0','','users','','on','','on','',2,'','','','','','on','','on','',1000,'','','','','','','','','','','','','',0,'','','','','','','','','','40','','','','','','','',''),(56,0,0,56,'',1,'','|host_description| - Processes','','',200,'',700,'','100','','0','','processes','','on','','on','',2,'','','','','','','','on','',1000,'','','','','','','','','','','','','',0,'','','','','','','','','','40','','','','','','','',''),(57,0,0,57,'',1,'','|host_description| - CPU Utilization','','',200,'',700,'','100','','0','','percent','','on','','on','',2,'','','','','','','','on','',1000,'','','','','','','','','','','','','',0,'','','','','','','','','','','','','','','','','',''),(58,0,0,58,'',1,'','|host_description| - Interrupts','','',200,'',700,'','100','','0','','Interrupts','','on','','on','',2,'','','','','','','','on','',1000,'','','','','','','','','','','','','',0,'','','','','','','','','','','','','','','','','',''),(59,0,0,59,'',1,'','|host_description| - Context Switches','','',200,'',700,'','100','','0','','Context Switches','','on','','on','',2,'','','','','','','','on','',1000,'','','','','','','','','','','','','',0,'','0','','0','','','','','','','','','','','','0','','0'),(60,0,0,60,'',1,'','|host_description| - Combined SCSI Disk I/O','','',200,'',700,'','100','','0','','operations/second','','on','','on','',2,'','','','','','','','on','',1000,'','','','','','','','','','','','','',0,'','0','','0','','','','','','','','','','','','0','','0'),(61,0,0,61,'',1,'','|host_description| - Combined SCSI Disk Bytes','','',200,'',700,'','100','','0','','bytes/second','','on','','on','',2,'','','','','','','','on','',1000,'','','','','','','','','','','','','',0,'','0','','0','','','','','','','','','','','','0','','0'),(62,0,0,62,'',1,'on','|host_description| - Hard Drive Space','','',200,'',700,'','100','','0','','bytes','','on','','on','',2,'','','','','','on','','on','',1024,'','','','','','','','','','','','','',0,'','0','','0','','','','','','40','','','','','','0','','0'),(63,0,0,63,'',1,'on','|host_description| - Available Disk Space','','',200,'',700,'','100','','0','','bytes','','on','','on','',2,'','','','','','on','','on','',1024,'','','','','','','','','','','','','',0,'','','','','','','','','','40','','','','','','','',''),(64,0,0,64,'',1,'on','|host_description| - CPU Utilization','','',200,'',700,'','110','','0','','percent','','on','','','',2,'','','','','','on','','on','',1000,'','','','','','','','','','','','','',0,'','0','','0','','','','','','40','','','','','','0','','0'),(65,0,0,65,'',1,'','|host_description| - Device I/O - Bytes Read/Written |query_diskIODevice|','','',200,'',700,'','0','','0','','Bytes Read/Written','','on','','on','',2,'','','','','','','','on','',1024,'','','','','','','','','','','','','',0,'','','','','','','','','','','','','','','','','',''),(66,0,0,66,'',1,'','|host_description| - Device I/O - Load Averages - |query_diskIODevice|','','',200,'',700,'','100','','0','','Load Average','','on','','on','',2,'','','','','','','','on','',1000,'','','','','','','','','','','','','',0,'','0','','0','','','','','','','','','','','','0','','0'),(67,0,0,67,'',1,'','|host_description| - Device I/O - Reads/Writes |query_diskIODevice|','','',200,'',700,'','0','','0','','Reads/Writes','','on','','on','',2,'','','','','','','','on','',1000,'','','','','','','','','','','','','',0,'','','','','','','','','','','','','','','','','',''),(68,48,1,48,'',1,'','|host_description| - Processes','Local Linux Machine - Processes','',200,'',700,'','100','','0','','processes','','on','','on','',2,'','','','','','','','on','',1000,'','','','','','','','','','','','','',0,'','0','','0','','','','','','40','','','','','','0','','0'),(69,49,2,49,'',1,'','|host_description| - Load Average','Local Linux Machine - Load Average','',200,'',700,'','100','','0','','run que length','','on','','on','',2,'','','','','','on','','on','',1000,'','','','','','0','','','','','','','',0,'','0','','0','','','','','','40','','','','','','0','','0'),(70,50,3,50,'',1,'','|host_description| - Logged in Users','Local Linux Machine - Logged in Users','',200,'',700,'','100','','0','','users','','on','','on','',2,'','','','','','on','','on','',1000,'','','','','','','','','','','','','',0,'','','','','','','','','','40','','','','','','','',''),(71,51,4,51,'',1,'','|host_description| - Memory Usage','Local Linux Machine - Memory Usage','',200,'',700,'','100','','0','','bytes','','on','','on','',2,'','','','','','on','','on','',1000,'','','','','','','','','','','','','',0,'','0','','0','','','','','','40','','','','','','0','','0'),(76,34,9,34,'',1,'','|host_description| - Polling Time','VMwinserv11 - Polling Time','',200,'',700,'','100','','0','','seconds','','on','','on','',2,'','','','','','','','on','',1000,'','','','','','','','','','','','','',0,'','0','','0','','','','','','','','','','','','0','','0'),(77,35,10,35,'',1,'','|host_description| - Uptime','VMwinserv11 - Uptime','',200,'',700,'','100','','0','','days','','on','','on','',2,'','','','','','','','on','',1000,'','','','','','','','','','','','','',0,'','0','','0','','','','','','','','','','','','0','','0'),(78,55,11,55,'',1,'','|host_description| - Logged in Users','VMwinserv11 - Logged in Users','',200,'',700,'','100','','0','','users','','on','','on','',2,'','','','','','on','','on','',1000,'','','','','','','','','','','','','',0,'','','','','','','','','','40','','','','','','','',''),(79,56,12,56,'',1,'','|host_description| - Processes','VMwinserv11 - Processes','',200,'',700,'','100','','0','','processes','','on','','on','',2,'','','','','','','','on','',1000,'','','','','','','','','','','','','',0,'','','','','','','','','','40','','','','','','','',''),(80,63,13,63,'',1,'','|host_description| - Used Space - |query_hrStorageDescr|','VMwinserv11 - Used Space - C: Label:  Serial Number 5c53e558','',200,'',700,'','100','','0','','bytes','','on','','on','',2,'','','','','','on','','on','',1024,'','','','','','','','','','','','','',0,'','','','','','','','','','40','','','','','','','',''),(81,63,14,63,'',1,'','|host_description| - Used Space - |query_hrStorageDescr|','VMwinserv11 - Used Space - E:','',200,'',700,'','100','','0','','bytes','','on','','on','',2,'','','','','','on','','on','',1024,'','','','','','','','','','','','','',0,'','','','','','','','','','40','','','','','','','',''),(82,63,15,63,'',1,'','|host_description| - Used Space - |query_hrStorageDescr|','VMwinserv11 - Used Space - F: Label:{[  Serial Number 2c15daee','',200,'',700,'','100','','0','','bytes','','on','','on','',2,'','','','','','on','','on','',1024,'','','','','','','','','','','','','',0,'','','','','','','','','','40','','','','','','','',''),(83,63,16,63,'',1,'','|host_description| - Used Space - |query_hrStorageDescr|','VMwinserv11 - Used Space - Virtual Memory','',200,'',700,'','100','','0','','bytes','','on','','on','',2,'','','','','','on','','on','',1024,'','','','','','','','','','','','','',0,'','','','','','','','','','40','','','','','','','',''),(84,63,17,63,'',1,'','|host_description| - Used Space - |query_hrStorageDescr|','VMwinserv11 - Used Space - Physical Memory','',200,'',700,'','100','','0','','bytes','','on','','on','',2,'','','','','','on','','on','',1024,'','','','','','','','','','','','','',0,'','','','','','','','','','40','','','','','','','',''),(85,64,18,64,'',1,'','|host_description| - CPU Utilization - CPU|query_hrProcessorFrwID|','VMwinserv11 - CPU Utilization - CPU0','',200,'',700,'','110','','0','','percent','','on','','','',2,'','','','','','on','','on','',1000,'','','','','','','','','','','','','',0,'','0','','0','','','','','','40','','','','','','0','','0'),(86,64,19,64,'',1,'','|host_description| - CPU Utilization - CPU|query_hrProcessorFrwID|','VMwinserv11 - CPU Utilization - CPU1','',200,'',700,'','110','','0','','percent','','on','','','',2,'','','','','','on','','on','',1000,'','','','','','','','','','','','','',0,'','0','','0','','','','','','40','','','','','','0','','0'),(87,64,20,64,'',1,'','|host_description| - CPU Utilization - CPU|query_hrProcessorFrwID|','VMwinserv11 - CPU Utilization - CPU2','',200,'',700,'','110','','0','','percent','','on','','','',2,'','','','','','on','','on','',1000,'','','','','','','','','','','','','',0,'','0','','0','','','','','','40','','','','','','0','','0'),(88,64,21,64,'',1,'','|host_description| - CPU Utilization - CPU|query_hrProcessorFrwID|','VMwinserv11 - CPU Utilization - CPU3','',200,'',700,'','110','','0','','percent','','on','','','',2,'','','','','','on','','on','',1000,'','','','','','','','','','','','','',0,'','0','','0','','','','','','40','','','','','','0','','0'),(89,64,22,64,'',1,'','|host_description| - CPU Utilization - CPU|query_hrProcessorFrwID|','VMwinserv11 - CPU Utilization - CPUTotal','',200,'',700,'','110','','0','','percent','','on','','','',2,'','','','','','on','','on','',1000,'','','','','','','','','','','','','',0,'','0','','0','','','','','','40','','','','','','0','','0'),(90,34,23,34,'',1,'','|host_description| - Polling Time','VMnetserv01 - Polling Time','',200,'',700,'','100','','0','','seconds','','on','','on','',2,'','','','','','','','on','',1000,'','','','','','','','','','','','','',0,'','0','','0','','','','','','','','','','','','0','','0'),(91,35,24,35,'',1,'','|host_description| - Uptime','VMnetserv01 - Uptime','',200,'',700,'','100','','0','','days','','on','','on','',2,'','','','','','','','on','',1000,'','','','','','','','','','','','','',0,'','0','','0','','','','','','','','','','','','0','','0'),(92,53,25,53,'',1,'','|host_description| - Load Average','VMnetserv01 - Load Average','',200,'',700,'','100','','0','','run queue','','on','','on','',2,'','','','','','on','','on','',1000,'','','','','','','','','','','','','',0,'','0','','0','','','','','','40','','','','','','0','','0'),(93,54,26,54,'',1,'','|host_description| - Memory Usage','VMnetserv01 - Memory Usage','',200,'',700,'','100','','0','','bytes','','on','','on','',2,'','','','','','on','','on','',1000,'','','','','','','','','','','','','',0,'','0','','0','','','','','','40','','','','','','0','','0'),(94,55,27,55,'',1,'','|host_description| - Logged in Users','VMnetserv01 - Logged in Users','',200,'',700,'','100','','0','','users','','on','','on','',2,'','','','','','on','','on','',1000,'','','','','','','','','','','','','',0,'','','','','','','','','','40','','','','','','','',''),(95,56,28,56,'',1,'','|host_description| - Processes','VMnetserv01 - Processes','',200,'',700,'','100','','0','','processes','','on','','on','',2,'','','','','','','','on','',1000,'','','','','','','','','','','','','',0,'','','','','','','','','','40','','','','','','','',''),(96,57,29,57,'',1,'','|host_description| - CPU Utilization','VMnetserv01 - CPU Utilization','',200,'',700,'','100','','0','','percent','','on','','on','',2,'','','','','','','','on','',1000,'','','','','','','','','','','','','',0,'','','','','','','','','','','','','','','','','',''),(97,58,30,58,'',1,'','|host_description| - Interrupts','VMnetserv01 - Interrupts','',200,'',700,'','100','','0','','Interrupts','','on','','on','',2,'','','','','','','','on','',1000,'','','','','','','','','','','','','',0,'','','','','','','','','','','','','','','','','',''),(98,59,31,59,'',1,'','|host_description| - Context Switches','VMnetserv01 - Context Switches','',200,'',700,'','100','','0','','Context Switches','','on','','on','',2,'','','','','','','','on','',1000,'','','','','','','','','','','','','',0,'','0','','0','','','','','','','','','','','','0','','0'),(99,60,32,60,'',1,'','|host_description| - Combined SCSI Disk I/O','VMnetserv01 - Combined SCSI Disk I/O','',200,'',700,'','100','','0','','operations/second','','on','','on','',2,'','','','','','','','on','',1000,'','','','','','','','','','','','','',0,'','0','','0','','','','','','','','','','','','0','','0'),(100,61,33,61,'',1,'','|host_description| - Combined SCSI Disk Bytes','VMnetserv01 - Combined SCSI Disk Bytes','',200,'',700,'','100','','0','','bytes/second','','on','','on','',2,'','','','','','','','on','',1000,'','','','','','','','','','','','','',0,'','0','','0','','','','','','','','','','','','0','','0'),(101,65,34,65,'',1,'','|host_description| - Device I/O - Bytes Read/Written |query_diskIODevice|','VMnetserv01 - Device I/O - Bytes Read/Written sda','',200,'',700,'','0','','0','','Bytes Read/Written','','on','','on','',2,'','','','','','','','on','',1024,'','','','','','','','','','','','','',0,'','','','','','','','','','','','','','','','','',''),(102,65,35,65,'',1,'','|host_description| - Device I/O - Bytes Read/Written |query_diskIODevice|','VMnetserv01 - Device I/O - Bytes Read/Written sda1','',200,'',700,'','0','','0','','Bytes Read/Written','','on','','on','',2,'','','','','','','','on','',1024,'','','','','','','','','','','','','',0,'','','','','','','','','','','','','','','','','',''),(103,65,36,65,'',1,'','|host_description| - Device I/O - Bytes Read/Written |query_diskIODevice|','VMnetserv01 - Device I/O - Bytes Read/Written sda2','',200,'',700,'','0','','0','','Bytes Read/Written','','on','','on','',2,'','','','','','','','on','',1024,'','','','','','','','','','','','','',0,'','','','','','','','','','','','','','','','','',''),(104,65,37,65,'',1,'','|host_description| - Device I/O - Bytes Read/Written |query_diskIODevice|','VMnetserv01 - Device I/O - Bytes Read/Written sda3','',200,'',700,'','0','','0','','Bytes Read/Written','','on','','on','',2,'','','','','','','','on','',1024,'','','','','','','','','','','','','',0,'','','','','','','','','','','','','','','','','',''),(105,65,38,65,'',1,'','|host_description| - Device I/O - Bytes Read/Written |query_diskIODevice|','VMnetserv01 - Device I/O - Bytes Read/Written sr0','',200,'',700,'','0','','0','','Bytes Read/Written','','on','','on','',2,'','','','','','','','on','',1024,'','','','','','','','','','','','','',0,'','','','','','','','','','','','','','','','','',''),(106,65,39,65,'',1,'','|host_description| - Device I/O - Bytes Read/Written |query_diskIODevice|','VMnetserv01 - Device I/O - Bytes Read/Written dm-0','',200,'',700,'','0','','0','','Bytes Read/Written','','on','','on','',2,'','','','','','','','on','',1024,'','','','','','','','','','','','','',0,'','','','','','','','','','','','','','','','','',''),(107,65,40,65,'',1,'','|host_description| - Device I/O - Bytes Read/Written |query_diskIODevice|','VMnetserv01 - Device I/O - Bytes Read/Written dm-1','',200,'',700,'','0','','0','','Bytes Read/Written','','on','','on','',2,'','','','','','','','on','',1024,'','','','','','','','','','','','','',0,'','','','','','','','','','','','','','','','','',''),(108,63,41,63,'',1,'','|host_description| - Used Space - |query_hrStorageDescr|','VMnetserv01 - Used Space - Physical memory','',200,'',700,'','100','','0','','bytes','','on','','on','',2,'','','','','','on','','on','',1024,'','','','','','','','','','','','','',0,'','','','','','','','','','40','','','','','','','',''),(109,63,42,63,'',1,'','|host_description| - Used Space - |query_hrStorageDescr|','VMnetserv01 - Used Space - Virtual memory','',200,'',700,'','100','','0','','bytes','','on','','on','',2,'','','','','','on','','on','',1024,'','','','','','','','','','','','','',0,'','','','','','','','','','40','','','','','','','',''),(110,63,43,63,'',1,'','|host_description| - Used Space - |query_hrStorageDescr|','VMnetserv01 - Used Space - Memory buffers','',200,'',700,'','100','','0','','bytes','','on','','on','',2,'','','','','','on','','on','',1024,'','','','','','','','','','','','','',0,'','','','','','','','','','40','','','','','','','',''),(111,63,44,63,'',1,'','|host_description| - Used Space - |query_hrStorageDescr|','VMnetserv01 - Used Space - Cached memory','',200,'',700,'','100','','0','','bytes','','on','','on','',2,'','','','','','on','','on','',1024,'','','','','','','','','','','','','',0,'','','','','','','','','','40','','','','','','','',''),(112,63,45,63,'',1,'','|host_description| - Used Space - |query_hrStorageDescr|','VMnetserv01 - Used Space - Shared memory','',200,'',700,'','100','','0','','bytes','','on','','on','',2,'','','','','','on','','on','',1024,'','','','','','','','','','','','','',0,'','','','','','','','','','40','','','','','','','',''),(113,63,46,63,'',1,'','|host_description| - Used Space - |query_hrStorageDescr|','VMnetserv01 - Used Space - Swap space','',200,'',700,'','100','','0','','bytes','','on','','on','',2,'','','','','','on','','on','',1024,'','','','','','','','','','','','','',0,'','','','','','','','','','40','','','','','','','',''),(117,63,50,63,'',1,'','|host_description| - Used Space - |query_hrStorageDescr|','VMnetserv01 - Used Space - /','',200,'',700,'','100','','0','','bytes','','on','','on','',2,'','','','','','on','','on','',1024,'','','','','','','','','','','','','',0,'','','','','','','','','','40','','','','','','','',''),(129,64,62,64,'',1,'','|host_description| - CPU Utilization - CPU|query_hrProcessorFrwID|','VMnetserv01 - CPU Utilization - CPU0','',200,'',700,'','110','','0','','percent','','on','','','',2,'','','','','','on','','on','',1000,'','','','','','','','','','','','','',0,'','0','','0','','','','','','40','','','','','','0','','0'),(130,64,63,64,'',1,'','|host_description| - CPU Utilization - CPU|query_hrProcessorFrwID|','VMnetserv01 - CPU Utilization - CPU1','',200,'',700,'','110','','0','','percent','','on','','','',2,'','','','','','on','','on','',1000,'','','','','','','','','','','','','',0,'','0','','0','','','','','','40','','','','','','0','','0'),(131,64,64,64,'',1,'','|host_description| - CPU Utilization - CPU|query_hrProcessorFrwID|','VMnetserv01 - CPU Utilization - CPU2','',200,'',700,'','110','','0','','percent','','on','','','',2,'','','','','','on','','on','',1000,'','','','','','','','','','','','','',0,'','0','','0','','','','','','40','','','','','','0','','0'),(132,64,65,64,'',1,'','|host_description| - CPU Utilization - CPU|query_hrProcessorFrwID|','VMnetserv01 - CPU Utilization - CPU3','',200,'',700,'','110','','0','','percent','','on','','','',2,'','','','','','on','','on','',1000,'','','','','','','','','','','','','',0,'','0','','0','','','','','','40','','','','','','0','','0'),(133,64,66,64,'',1,'','|host_description| - CPU Utilization - CPU|query_hrProcessorFrwID|','VMnetserv01 - CPU Utilization - CPUTotal','',200,'',700,'','110','','0','','percent','','on','','','',2,'','','','','','on','','on','',1000,'','','','','','','','','','','','','',0,'','0','','0','','','','','','40','','','','','','0','','0'),(134,36,67,36,'',1,'','|host_description| - Traffic - |query_ifName|','VMnetserv01 - Traffic - ens192','',200,'',700,'','100','','0','','bits per second','','on','','on','',2,'','','','','','on','','on','',1000,'','','','','','','','','','','','','',0,'','0','','0','','','','','','','','','','','','0','','0'),(135,36,68,36,'',1,'','|host_description| - Traffic - |query_ifName|','VMwinserv11 - Traffic - ethernet_32769','',200,'',700,'','100','','0','','bits per second','','on','','on','',2,'','','','','','on','','on','',1000,'','','','','','','','','','','','','',0,'','0','','0','','','','','','','','','','','','0','','0'),(136,33,69,33,'',1,'','|host_description| - CPU Usage','Rdc01 - CPU Usage','',200,'',700,'','100','','0','','percent','','on','','on','',2,'','','','','','on','','on','',1000,'','','','','','','','','','','','','',0,'','0','','0','','','','','','40','','','','','','0','','0'),(137,34,70,34,'',1,'','|host_description| - Polling Time','Rdc01 - Polling Time','',200,'',700,'','100','','0','','seconds','','on','','on','',2,'','','','','','','','on','',1000,'','','','','','','','','','','','','',0,'','0','','0','','','','','','','','','','','','0','','0'),(138,35,71,35,'',1,'','|host_description| - Uptime','Rdc01 - Uptime','',200,'',700,'','100','','0','','days','','on','','on','',2,'','','','','','','','on','',1000,'','','','','','','','','','','','','',0,'','0','','0','','','','','','','','','','','','0','','0'),(139,36,72,36,'',1,'','|host_description| - Traffic - |query_ifName|','Rdc01 - Traffic - Gi0/4','',200,'',700,'','100','','0','','bits per second','','on','','on','',2,'','','','','','on','','on','',1000,'','','','','','','','','','','','','',0,'','0','','0','','','','','','','','','','','','0','','0'),(140,36,73,36,'',1,'','|host_description| - Traffic - |query_ifName|','Rdc01 - Traffic - Gi0/5','',200,'',700,'','100','','0','','bits per second','','on','','on','',2,'','','','','','on','','on','',1000,'','','','','','','','','','','','','',0,'','0','','0','','','','','','','','','','','','0','','0'),(141,36,74,36,'',1,'','|host_description| - Traffic - |query_ifName|','Rdc01 - Traffic - Gi0/0','',200,'',700,'','100','','0','','bits per second','','on','','on','',2,'','','','','','on','','on','',1000,'','','','','','','','','','','','','',0,'','0','','0','','','','','','','','','','','','0','','0'),(142,36,75,36,'',1,'','|host_description| - Traffic - |query_ifName|','Rdc01 - Traffic - Gi0/1','',200,'',700,'','100','','0','','bits per second','','on','','on','',2,'','','','','','on','','on','',1000,'','','','','','','','','','','','','',0,'','0','','0','','','','','','','','','','','','0','','0'),(143,36,76,36,'',1,'','|host_description| - Traffic - |query_ifName|','Rdc01 - Traffic - Gi0/2','',200,'',700,'','100','','0','','bits per second','','on','','on','',2,'','','','','','on','','on','',1000,'','','','','','','','','','','','','',0,'','0','','0','','','','','','','','','','','','0','','0'),(144,36,77,36,'',1,'','|host_description| - Traffic - |query_ifName|','Rdc01 - Traffic - Gi0/3','',200,'',700,'','100','','0','','bits per second','','on','','on','',2,'','','','','','on','','on','',1000,'','','','','','','','','','','','','',0,'','0','','0','','','','','','','','','','','','0','','0'),(145,36,78,36,'',1,'','|host_description| - Traffic - |query_ifName|','Rdc01 - Traffic - Vl10','',200,'',700,'','100','','0','','bits per second','','on','','on','',2,'','','','','','on','','on','',1000,'','','','','','','','','','','','','',0,'','0','','0','','','','','','','','','','','','0','','0'),(146,34,79,34,'',1,'','|host_description| - Polling Time','FWdc01 - Polling Time','',200,'',700,'','100','','0','','seconds','','on','','on','',2,'','','','','','','','on','',1000,'','','','','','','','','','','','','',0,'','0','','0','','','','','','','','','','','','0','','0'),(147,35,80,35,'',1,'','|host_description| - Uptime','FWdc01 - Uptime','',200,'',700,'','100','','0','','days','','on','','on','',2,'','','','','','','','on','',1000,'','','','','','','','','','','','','',0,'','0','','0','','','','','','','','','','','','0','','0'),(148,53,81,53,'',1,'','|host_description| - Load Average','FWdc01 - Load Average','',200,'',700,'','100','','0','','run queue','','on','','on','',2,'','','','','','on','','on','',1000,'','','','','','','','','','','','','',0,'','0','','0','','','','','','40','','','','','','0','','0'),(149,54,82,54,'',1,'','|host_description| - Memory Usage','FWdc01 - Memory Usage','',200,'',700,'','100','','0','','bytes','','on','','on','',2,'','','','','','on','','on','',1000,'','','','','','','','','','','','','',0,'','0','','0','','','','','','40','','','','','','0','','0'),(150,55,83,55,'',1,'','|host_description| - Logged in Users','FWdc01 - Logged in Users','',200,'',700,'','100','','0','','users','','on','','on','',2,'','','','','','on','','on','',1000,'','','','','','','','','','','','','',0,'','','','','','','','','','40','','','','','','','',''),(151,56,84,56,'',1,'','|host_description| - Processes','FWdc01 - Processes','',200,'',700,'','100','','0','','processes','','on','','on','',2,'','','','','','','','on','',1000,'','','','','','','','','','','','','',0,'','','','','','','','','','40','','','','','','','',''),(152,57,85,57,'',1,'','|host_description| - CPU Utilization','FWdc01 - CPU Utilization','',200,'',700,'','100','','0','','percent','','on','','on','',2,'','','','','','','','on','',1000,'','','','','','','','','','','','','',0,'','','','','','','','','','','','','','','','','',''),(153,58,86,58,'',1,'','|host_description| - Interrupts','FWdc01 - Interrupts','',200,'',700,'','100','','0','','Interrupts','','on','','on','',2,'','','','','','','','on','',1000,'','','','','','','','','','','','','',0,'','','','','','','','','','','','','','','','','',''),(154,59,87,59,'',1,'','|host_description| - Context Switches','FWdc01 - Context Switches','',200,'',700,'','100','','0','','Context Switches','','on','','on','',2,'','','','','','','','on','',1000,'','','','','','','','','','','','','',0,'','0','','0','','','','','','','','','','','','0','','0'),(155,60,88,60,'',1,'','|host_description| - Combined SCSI Disk I/O','FWdc01 - Combined SCSI Disk I/O','',200,'',700,'','100','','0','','operations/second','','on','','on','',2,'','','','','','','','on','',1000,'','','','','','','','','','','','','',0,'','0','','0','','','','','','','','','','','','0','','0'),(156,61,89,61,'',1,'','|host_description| - Combined SCSI Disk Bytes','FWdc01 - Combined SCSI Disk Bytes','',200,'',700,'','100','','0','','bytes/second','','on','','on','',2,'','','','','','','','on','',1000,'','','','','','','','','','','','','',0,'','0','','0','','','','','','','','','','','','0','','0'),(157,63,90,63,'',1,'','|host_description| - Used Space - |query_hrStorageDescr|','FWdc01 - Used Space - Slot-1 Data Processor-0 Packet Descripto','',200,'',700,'','100','','0','','bytes','','on','','on','',2,'','','','','','on','','on','',1024,'','','','','','','','','','','','','',0,'','','','','','','','','','40','','','','','','','',''),(158,63,91,63,'',1,'','|host_description| - Used Space - |query_hrStorageDescr|','FWdc01 - Used Space - Slot-1 Data Processor-0 Hardware Packet ','',200,'',700,'','100','','0','','bytes','','on','','on','',2,'','','','','','on','','on','',1024,'','','','','','','','','','','','','',0,'','','','','','','','','','40','','','','','','','',''),(159,63,92,63,'',1,'','|host_description| - Used Space - |query_hrStorageDescr|','FWdc01 - Used Space - Slot-1 Data Processor-0 Software Packet ','',200,'',700,'','100','','0','','bytes','','on','','on','',2,'','','','','','on','','on','',1024,'','','','','','','','','','','','','',0,'','','','','','','','','','40','','','','','','','',''),(160,63,93,63,'',1,'','|host_description| - Used Space - |query_hrStorageDescr|','FWdc01 - Used Space - Slot-1 Management Memory','',200,'',700,'','100','','0','','bytes','','on','','on','',2,'','','','','','on','','on','',1024,'','','','','','','','','','','','','',0,'','','','','','','','','','40','','','','','','','',''),(161,63,94,63,'',1,'','|host_description| - Used Space - |query_hrStorageDescr|','FWdc01 - Used Space - Slot-1 Management Swap','',200,'',700,'','100','','0','','bytes','','on','','on','',2,'','','','','','on','','on','',1024,'','','','','','','','','','','','','',0,'','','','','','','','','','40','','','','','','','',''),(162,63,95,63,'',1,'','|host_description| - Used Space - |query_hrStorageDescr|','FWdc01 - Used Space - Slot-1 Management Config Partition','',200,'',700,'','100','','0','','bytes','','on','','on','',2,'','','','','','on','','on','',1024,'','','','','','','','','','','','','',0,'','','','','','','','','','40','','','','','','','',''),(163,63,96,63,'',1,'','|host_description| - Used Space - |query_hrStorageDescr|','FWdc01 - Used Space - Slot-1 Management Log Partition','',200,'',700,'','100','','0','','bytes','','on','','on','',2,'','','','','','on','','on','',1024,'','','','','','','','','','','','','',0,'','','','','','','','','','40','','','','','','','',''),(164,63,97,63,'',1,'','|host_description| - Used Space - |query_hrStorageDescr|','FWdc01 - Used Space - Slot-1 Management Root Partition','',200,'',700,'','100','','0','','bytes','','on','','on','',2,'','','','','','on','','on','',1024,'','','','','','','','','','','','','',0,'','','','','','','','','','40','','','','','','','',''),(165,64,98,64,'',1,'','|host_description| - CPU Utilization - CPU|query_hrProcessorFrwID|','FWdc01 - CPU Utilization - CPU0','',200,'',700,'','110','','0','','percent','','on','','','',2,'','','','','','on','','on','',1000,'','','','','','','','','','','','','',0,'','0','','0','','','','','','40','','','','','','0','','0'),(166,64,99,64,'',1,'','|host_description| - CPU Utilization - CPU|query_hrProcessorFrwID|','FWdc01 - CPU Utilization - CPU1','',200,'',700,'','110','','0','','percent','','on','','','',2,'','','','','','on','','on','',1000,'','','','','','','','','','','','','',0,'','0','','0','','','','','','40','','','','','','0','','0'),(167,64,100,64,'',1,'','|host_description| - CPU Utilization - CPU|query_hrProcessorFrwID|','FWdc01 - CPU Utilization - CPUTotal','',200,'',700,'','110','','0','','percent','','on','','','',2,'','','','','','on','','on','',1000,'','','','','','','','','','','','','',0,'','0','','0','','','','','','40','','','','','','0','','0'),(168,36,101,36,'',1,'','|host_description| - Traffic - |query_ifName|','FWdc01 - Traffic - mgmt','',200,'',700,'','100','','0','','bits per second','','on','','on','',2,'','','','','','on','','on','',1000,'','','','','','','','','','','','','',0,'','0','','0','','','','','','','','','','','','0','','0'),(169,36,102,36,'',1,'','|host_description| - Traffic - |query_ifName|','FWdc01 - Traffic - ethernet1/1','',200,'',700,'','100','','0','','bits per second','','on','','on','',2,'','','','','','on','','on','',1000,'','','','','','','','','','','','','',0,'','0','','0','','','','','','','','','','','','0','','0'),(170,36,103,36,'',1,'','|host_description| - Traffic - |query_ifName|','FWdc01 - Traffic - ethernet1/2','',200,'',700,'','100','','0','','bits per second','','on','','on','',2,'','','','','','on','','on','',1000,'','','','','','','','','','','','','',0,'','0','','0','','','','','','','','','','','','0','','0'),(171,36,104,36,'',1,'','|host_description| - Traffic - |query_ifName|','FWdc01 - Traffic - ethernet1/2.252','',200,'',700,'','100','','0','','bits per second','','on','','on','',2,'','','','','','on','','on','',1000,'','','','','','','','','','','','','',0,'','0','','0','','','','','','','','','','','','0','','0'),(172,36,105,36,'',1,'','|host_description| - Traffic - |query_ifName|','FWdc01 - Traffic - loopback.1','',200,'',700,'','100','','0','','bits per second','','on','','on','',2,'','','','','','on','','on','',1000,'','','','','','','','','','','','','',0,'','0','','0','','','','','','','','','','','','0','','0'),(173,36,106,36,'',1,'','|host_description| - Traffic - |query_ifName|','FWdc01 - Traffic - loopback.44','',200,'',700,'','100','','0','','bits per second','','on','','on','',2,'','','','','','on','','on','',1000,'','','','','','','','','','','','','',0,'','0','','0','','','','','','','','','','','','0','','0'),(174,36,107,36,'',1,'','|host_description| - Traffic - |query_ifName|','FWdc01 - Traffic - loopback.64','',200,'',700,'','100','','0','','bits per second','','on','','on','',2,'','','','','','on','','on','',1000,'','','','','','','','','','','','','',0,'','0','','0','','','','','','','','','','','','0','','0'),(175,36,108,36,'',1,'','|host_description| - Traffic - |query_ifName|','FWdc01 - Traffic - tunnel.2255','',200,'',700,'','100','','0','','bits per second','','on','','on','',2,'','','','','','on','','on','',1000,'','','','','','','','','','','','','',0,'','0','','0','','','','','','','','','','','','0','','0'),(176,34,109,34,'',1,'','|host_description| - Polling Time','esxi01 - Polling Time','',200,'',700,'','100','','0','','seconds','','on','','on','',2,'','','','','','','','on','',1000,'','','','','','','','','','','','','',0,'','0','','0','','','','','','','','','','','','0','','0'),(177,35,110,35,'',1,'','|host_description| - Uptime','esxi01 - Uptime','',200,'',700,'','100','','0','','days','','on','','on','',2,'','','','','','','','on','',1000,'','','','','','','','','','','','','',0,'','0','','0','','','','','','','','','','','','0','','0'),(178,53,111,53,'',1,'','|host_description| - Load Average','esxi01 - Load Average','',200,'',700,'','100','','0','','run queue','','on','','on','',2,'','','','','','on','','on','',1000,'','','','','','','','','','','','','',0,'','0','','0','','','','','','40','','','','','','0','','0'),(179,54,112,54,'',1,'','|host_description| - Memory Usage','esxi01 - Memory Usage','',200,'',700,'','100','','0','','bytes','','on','','on','',2,'','','','','','on','','on','',1000,'','','','','','','','','','','','','',0,'','0','','0','','','','','','40','','','','','','0','','0'),(180,55,113,55,'',1,'','|host_description| - Logged in Users','esxi01 - Logged in Users','',200,'',700,'','100','','0','','users','','on','','on','',2,'','','','','','on','','on','',1000,'','','','','','','','','','','','','',0,'','','','','','','','','','40','','','','','','','',''),(181,56,114,56,'',1,'','|host_description| - Processes','esxi01 - Processes','',200,'',700,'','100','','0','','processes','','on','','on','',2,'','','','','','','','on','',1000,'','','','','','','','','','','','','',0,'','','','','','','','','','40','','','','','','','',''),(182,57,115,57,'',1,'','|host_description| - CPU Utilization','esxi01 - CPU Utilization','',200,'',700,'','100','','0','','percent','','on','','on','',2,'','','','','','','','on','',1000,'','','','','','','','','','','','','',0,'','','','','','','','','','','','','','','','','',''),(183,58,116,58,'',1,'','|host_description| - Interrupts','esxi01 - Interrupts','',200,'',700,'','100','','0','','Interrupts','','on','','on','',2,'','','','','','','','on','',1000,'','','','','','','','','','','','','',0,'','','','','','','','','','','','','','','','','',''),(184,59,117,59,'',1,'','|host_description| - Context Switches','esxi01 - Context Switches','',200,'',700,'','100','','0','','Context Switches','','on','','on','',2,'','','','','','','','on','',1000,'','','','','','','','','','','','','',0,'','0','','0','','','','','','','','','','','','0','','0'),(185,60,118,60,'',1,'','|host_description| - Combined SCSI Disk I/O','esxi01 - Combined SCSI Disk I/O','',200,'',700,'','100','','0','','operations/second','','on','','on','',2,'','','','','','','','on','',1000,'','','','','','','','','','','','','',0,'','0','','0','','','','','','','','','','','','0','','0'),(186,61,119,61,'',1,'','|host_description| - Combined SCSI Disk Bytes','esxi01 - Combined SCSI Disk Bytes','',200,'',700,'','100','','0','','bytes/second','','on','','on','',2,'','','','','','','','on','',1000,'','','','','','','','','','','','','',0,'','0','','0','','','','','','','','','','','','0','','0'),(187,63,120,63,'',1,'','|host_description| - Used Space - |query_hrStorageDescr|','esxi01 - Used Space - /vmfs/volumes/74d44de3-badab4a7-4ea4-c38','',200,'',700,'','100','','0','','bytes','','on','','on','',2,'','','','','','on','','on','',1024,'','','','','','','','','','','','','',0,'','','','','','','','','','40','','','','','','','',''),(188,63,121,63,'',1,'','|host_description| - Used Space - |query_hrStorageDescr|','esxi01 - Used Space - /vmfs/volumes/d6898cea-deace11e-3ef6-823','',200,'',700,'','100','','0','','bytes','','on','','on','',2,'','','','','','on','','on','',1024,'','','','','','','','','','','','','',0,'','','','','','','','','','40','','','','','','','',''),(189,63,122,63,'',1,'','|host_description| - Used Space - |query_hrStorageDescr|','esxi01 - Used Space - /vmfs/volumes/5e1e4c55-b17bae26-c5a6-000','',200,'',700,'','100','','0','','bytes','','on','','on','',2,'','','','','','on','','on','',1024,'','','','','','','','','','','','','',0,'','','','','','','','','','40','','','','','','','',''),(190,63,123,63,'',1,'','|host_description| - Used Space - |query_hrStorageDescr|','esxi01 - Used Space - /vmfs/volumes/5adb3f0e-3610b08a-4dcb-901','',200,'',700,'','100','','0','','bytes','','on','','on','',2,'','','','','','on','','on','',1024,'','','','','','','','','','','','','',0,'','','','','','','','','','40','','','','','','','',''),(191,63,124,63,'',1,'','|host_description| - Used Space - |query_hrStorageDescr|','esxi01 - Used Space - Real Memory','',200,'',700,'','100','','0','','bytes','','on','','on','',2,'','','','','','on','','on','',1024,'','','','','','','','','','','','','',0,'','','','','','','','','','40','','','','','','','',''),(192,64,125,64,'',1,'','|host_description| - CPU Utilization - CPU|query_hrProcessorFrwID|','esxi01 - CPU Utilization - CPU0','',200,'',700,'','110','','0','','percent','','on','','','',2,'','','','','','on','','on','',1000,'','','','','','','','','','','','','',0,'','0','','0','','','','','','40','','','','','','0','','0'),(193,64,126,64,'',1,'','|host_description| - CPU Utilization - CPU|query_hrProcessorFrwID|','esxi01 - CPU Utilization - CPU1','',200,'',700,'','110','','0','','percent','','on','','','',2,'','','','','','on','','on','',1000,'','','','','','','','','','','','','',0,'','0','','0','','','','','','40','','','','','','0','','0'),(194,64,127,64,'',1,'','|host_description| - CPU Utilization - CPU|query_hrProcessorFrwID|','esxi01 - CPU Utilization - CPU2','',200,'',700,'','110','','0','','percent','','on','','','',2,'','','','','','on','','on','',1000,'','','','','','','','','','','','','',0,'','0','','0','','','','','','40','','','','','','0','','0'),(195,64,128,64,'',1,'','|host_description| - CPU Utilization - CPU|query_hrProcessorFrwID|','esxi01 - CPU Utilization - CPU3','',200,'',700,'','110','','0','','percent','','on','','','',2,'','','','','','on','','on','',1000,'','','','','','','','','','','','','',0,'','0','','0','','','','','','40','','','','','','0','','0'),(196,64,129,64,'',1,'','|host_description| - CPU Utilization - CPU|query_hrProcessorFrwID|','esxi01 - CPU Utilization - CPU4','',200,'',700,'','110','','0','','percent','','on','','','',2,'','','','','','on','','on','',1000,'','','','','','','','','','','','','',0,'','0','','0','','','','','','40','','','','','','0','','0'),(197,64,130,64,'',1,'','|host_description| - CPU Utilization - CPU|query_hrProcessorFrwID|','esxi01 - CPU Utilization - CPU5','',200,'',700,'','110','','0','','percent','','on','','','',2,'','','','','','on','','on','',1000,'','','','','','','','','','','','','',0,'','0','','0','','','','','','40','','','','','','0','','0'),(198,64,131,64,'',1,'','|host_description| - CPU Utilization - CPU|query_hrProcessorFrwID|','esxi01 - CPU Utilization - CPU6','',200,'',700,'','110','','0','','percent','','on','','','',2,'','','','','','on','','on','',1000,'','','','','','','','','','','','','',0,'','0','','0','','','','','','40','','','','','','0','','0'),(199,64,132,64,'',1,'','|host_description| - CPU Utilization - CPU|query_hrProcessorFrwID|','esxi01 - CPU Utilization - CPU7','',200,'',700,'','110','','0','','percent','','on','','','',2,'','','','','','on','','on','',1000,'','','','','','','','','','','','','',0,'','0','','0','','','','','','40','','','','','','0','','0'),(200,64,133,64,'',1,'','|host_description| - CPU Utilization - CPU|query_hrProcessorFrwID|','esxi01 - CPU Utilization - CPUTotal','',200,'',700,'','110','','0','','percent','','on','','','',2,'','','','','','on','','on','',1000,'','','','','','','','','','','','','',0,'','0','','0','','','','','','40','','','','','','0','','0'),(201,36,134,36,'',1,'','|host_description| - Traffic - |query_ifName|','esxi01 - Traffic - vmnic0','',200,'',700,'','100','','0','','bits per second','','on','','on','',2,'','','','','','on','','on','',1000,'','','','','','','','','','','','','',0,'','0','','0','','','','','','','','','','','','0','','0'),(202,36,135,36,'',1,'','|host_description| - Traffic - |query_ifName|','esxi01 - Traffic - vmnic1','',200,'',700,'','100','','0','','bits per second','','on','','on','',2,'','','','','','on','','on','',1000,'','','','','','','','','','','','','',0,'','0','','0','','','','','','','','','','','','0','','0'),(203,33,136,33,'',1,'','|host_description| - CPU Usage','Rbranch01 - CPU Usage','',200,'',700,'','100','','0','','percent','','on','','on','',2,'','','','','','on','','on','',1000,'','','','','','','','','','','','','',0,'','0','','0','','','','','','40','','','','','','0','','0'),(204,34,137,34,'',1,'','|host_description| - Polling Time','Rbranch01 - Polling Time','',200,'',700,'','100','','0','','seconds','','on','','on','',2,'','','','','','','','on','',1000,'','','','','','','','','','','','','',0,'','0','','0','','','','','','','','','','','','0','','0'),(205,35,138,35,'',1,'','|host_description| - Uptime','Rbranch01 - Uptime','',200,'',700,'','100','','0','','days','','on','','on','',2,'','','','','','','','on','',1000,'','','','','','','','','','','','','',0,'','0','','0','','','','','','','','','','','','0','','0'),(206,36,139,36,'',1,'','|host_description| - Traffic - |query_ifName|','Rbranch01 - Traffic - Fa0','',200,'',700,'','100','','0','','bits per second','','on','','on','',2,'','','','','','on','','on','',1000,'','','','','','','','','','','','','',0,'','0','','0','','','','','','','','','','','','0','','0'),(207,36,140,36,'',1,'','|host_description| - Traffic - |query_ifName|','Rbranch01 - Traffic - Tu210','',200,'',700,'','100','','0','','bits per second','','on','','on','',2,'','','','','','on','','on','',1000,'','','','','','','','','','','','','',0,'','0','','0','','','','','','','','','','','','0','','0'),(208,36,141,36,'',1,'','|host_description| - Traffic - |query_ifName|','Rbranch01 - Traffic - Vl999','',200,'',700,'','100','','0','','bits per second','','on','','on','',2,'','','','','','on','','on','',1000,'','','','','','','','','','','','','',0,'','0','','0','','','','','','','','','','','','0','','0'),(209,37,142,37,'',1,'','|host_description| - Errors - |query_ifName|','Rbranch01 - Errors - Fa0','',200,'',700,'','100','','0','','errors/sec','','on','','on','',2,'','','','','','on','','on','',1000,'','','','','','','','','','','','','',0,'','','','','','','','','','','','','','','','','',''),(210,37,143,37,'',1,'','|host_description| - Errors - |query_ifAlias|','Rbranch01 - Errors - ### to DC VPN ###','',200,'',700,'','100','','0','','errors/sec','','on','','on','',2,'','','','','','on','','on','',1000,'','','','','','','','','','','','','',0,'','','','','','','','','','','','','','','','','',''),(211,37,144,37,'',1,'','|host_description| - Errors - |query_ifAlias|','Rbranch01 - Errors - *** Internet ***','',200,'',700,'','100','','0','','errors/sec','','on','','on','',2,'','','','','','on','','on','',1000,'','','','','','','','','','','','','',0,'','','','','','','','','','','','','','','','','',''),(212,37,145,37,'',1,'','|host_description| - Errors - |query_ifName|','FWdc01 - Errors - mgmt','',200,'',700,'','100','','0','','errors/sec','','on','','on','',2,'','','','','','on','','on','',1000,'','','','','','','','','','','','','',0,'','','','','','','','','','','','','','','','','',''),(213,37,146,37,'',1,'','|host_description| - Errors - |query_ifAlias|','FWdc01 - Errors - Untrust','',200,'',700,'','100','','0','','errors/sec','','on','','on','',2,'','','','','','on','','on','',1000,'','','','','','','','','','','','','',0,'','','','','','','','','','','','','','','','','',''),(214,37,147,37,'',1,'','|host_description| - Errors - |query_ifAlias|','FWdc01 - Errors - Trust','',200,'',700,'','100','','0','','errors/sec','','on','','on','',2,'','','','','','on','','on','',1000,'','','','','','','','','','','','','',0,'','','','','','','','','','','','','','','','','',''),(215,37,148,37,'',1,'','|host_description| - Errors - |query_ifAlias|','FWdc01 - Errors - Rdc01 Routing Interface','',200,'',700,'','100','','0','','errors/sec','','on','','on','',2,'','','','','','on','','on','',1000,'','','','','','','','','','','','','',0,'','','','','','','','','','','','','','','','','',''),(216,37,149,37,'',1,'','|host_description| - Errors - |query_ifAlias|','FWdc01 - Errors - Untrust ipsec interface','',200,'',700,'','100','','0','','errors/sec','','on','','on','',2,'','','','','','on','','on','',1000,'','','','','','','','','','','','','',0,'','','','','','','','','','','','','','','','','',''),(217,37,150,37,'',1,'','|host_description| - Errors - |query_ifAlias|','FWdc01 - Errors - GlobalProtect','',200,'',700,'','100','','0','','errors/sec','','on','','on','',2,'','','','','','on','','on','',1000,'','','','','','','','','','','','','',0,'','','','','','','','','','','','','','','','','',''),(218,40,151,40,'',1,'','|host_description| - Traffic - |query_ifAlias|','Rbranch01 - Traffic - *** Internet ***','',200,'',700,'','100','','0','','bytes per second','','on','','on','',2,'','','','','','on','','on','',1000,'','','','','','','','','','','','','',0,'','','','','','','','','','','','','','','','','',''),(219,34,152,34,'',1,'','|host_description| - Polling Time','OpenWRT-WZR450 - Polling Time','',200,'',700,'','100','','0','','seconds','','on','','on','',2,'','','','','','','','on','',1000,'','','','','','','','','','','','','',0,'','0','','0','','','','','','','','','','','','0','','0'),(220,35,153,35,'',1,'','|host_description| - Uptime','OpenWRT-WZR450 - Uptime','',200,'',700,'','100','','0','','days','','on','','on','',2,'','','','','','','','on','',1000,'','','','','','','','','','','','','',0,'','0','','0','','','','','','','','','','','','0','','0'),(221,53,154,53,'',1,'','|host_description| - Load Average','OpenWRT-WZR450 - Load Average','',200,'',700,'','100','','0','','run queue','','on','','on','',2,'','','','','','on','','on','',1000,'','','','','','','','','','','','','',0,'','0','','0','','','','','','40','','','','','','0','','0'),(222,54,155,54,'',1,'','|host_description| - Memory Usage','OpenWRT-WZR450 - Memory Usage','',200,'',700,'','100','','0','','bytes','','on','','on','',2,'','','','','','on','','on','',1000,'','','','','','','','','','','','','',0,'','0','','0','','','','','','40','','','','','','0','','0'),(223,55,156,55,'',1,'','|host_description| - Logged in Users','OpenWRT-WZR450 - Logged in Users','',200,'',700,'','100','','0','','users','','on','','on','',2,'','','','','','on','','on','',1000,'','','','','','','','','','','','','',0,'','','','','','','','','','40','','','','','','','',''),(224,56,157,56,'',1,'','|host_description| - Processes','OpenWRT-WZR450 - Processes','',200,'',700,'','100','','0','','processes','','on','','on','',2,'','','','','','','','on','',1000,'','','','','','','','','','','','','',0,'','','','','','','','','','40','','','','','','','',''),(225,57,158,57,'',1,'','|host_description| - CPU Utilization','OpenWRT-WZR450 - CPU Utilization','',200,'',700,'','100','','0','','percent','','on','','on','',2,'','','','','','','','on','',1000,'','','','','','','','','','','','','',0,'','','','','','','','','','','','','','','','','',''),(226,58,159,58,'',1,'','|host_description| - Interrupts','OpenWRT-WZR450 - Interrupts','',200,'',700,'','100','','0','','Interrupts','','on','','on','',2,'','','','','','','','on','',1000,'','','','','','','','','','','','','',0,'','','','','','','','','','','','','','','','','',''),(227,59,160,59,'',1,'','|host_description| - Context Switches','OpenWRT-WZR450 - Context Switches','',200,'',700,'','100','','0','','Context Switches','','on','','on','',2,'','','','','','','','on','',1000,'','','','','','','','','','','','','',0,'','0','','0','','','','','','','','','','','','0','','0'),(228,60,161,60,'',1,'','|host_description| - Combined SCSI Disk I/O','OpenWRT-WZR450 - Combined SCSI Disk I/O','',200,'',700,'','100','','0','','operations/second','','on','','on','',2,'','','','','','','','on','',1000,'','','','','','','','','','','','','',0,'','0','','0','','','','','','','','','','','','0','','0'),(229,61,162,61,'',1,'','|host_description| - Combined SCSI Disk Bytes','OpenWRT-WZR450 - Combined SCSI Disk Bytes','',200,'',700,'','100','','0','','bytes/second','','on','','on','',2,'','','','','','','','on','',1000,'','','','','','','','','','','','','',0,'','0','','0','','','','','','','','','','','','0','','0'),(230,63,163,63,'',1,'','|host_description| - Used Space - |query_hrStorageDescr|','OpenWRT-WZR450 - Used Space - Physical memory','',200,'',700,'','100','','0','','bytes','','on','','on','',2,'','','','','','on','','on','',1024,'','','','','','','','','','','','','',0,'','','','','','','','','','40','','','','','','','',''),(231,63,164,63,'',1,'','|host_description| - Used Space - |query_hrStorageDescr|','OpenWRT-WZR450 - Used Space - Virtual memory','',200,'',700,'','100','','0','','bytes','','on','','on','',2,'','','','','','on','','on','',1024,'','','','','','','','','','','','','',0,'','','','','','','','','','40','','','','','','','',''),(232,63,165,63,'',1,'','|host_description| - Used Space - |query_hrStorageDescr|','OpenWRT-WZR450 - Used Space - Memory buffers','',200,'',700,'','100','','0','','bytes','','on','','on','',2,'','','','','','on','','on','',1024,'','','','','','','','','','','','','',0,'','','','','','','','','','40','','','','','','','',''),(233,63,166,63,'',1,'','|host_description| - Used Space - |query_hrStorageDescr|','OpenWRT-WZR450 - Used Space - Cached memory','',200,'',700,'','100','','0','','bytes','','on','','on','',2,'','','','','','on','','on','',1024,'','','','','','','','','','','','','',0,'','','','','','','','','','40','','','','','','','',''),(234,63,167,63,'',1,'','|host_description| - Used Space - |query_hrStorageDescr|','OpenWRT-WZR450 - Used Space - Shared memory','',200,'',700,'','100','','0','','bytes','','on','','on','',2,'','','','','','on','','on','',1024,'','','','','','','','','','','','','',0,'','','','','','','','','','40','','','','','','','',''),(235,63,168,63,'',1,'','|host_description| - Used Space - |query_hrStorageDescr|','OpenWRT-WZR450 - Used Space - Swap space','',200,'',700,'','100','','0','','bytes','','on','','on','',2,'','','','','','on','','on','',1024,'','','','','','','','','','','','','',0,'','','','','','','','','','40','','','','','','','',''),(236,63,169,63,'',1,'','|host_description| - Used Space - |query_hrStorageDescr|','OpenWRT-WZR450 - Used Space - /rom','',200,'',700,'','100','','0','','bytes','','on','','on','',2,'','','','','','on','','on','',1024,'','','','','','','','','','','','','',0,'','','','','','','','','','40','','','','','','','',''),(237,63,170,63,'',1,'','|host_description| - Used Space - |query_hrStorageDescr|','OpenWRT-WZR450 - Used Space - /overlay','',200,'',700,'','100','','0','','bytes','','on','','on','',2,'','','','','','on','','on','',1024,'','','','','','','','','','','','','',0,'','','','','','','','','','40','','','','','','','',''),(238,63,171,63,'',1,'','|host_description| - Used Space - |query_hrStorageDescr|','OpenWRT-WZR450 - Used Space - /','',200,'',700,'','100','','0','','bytes','','on','','on','',2,'','','','','','on','','on','',1024,'','','','','','','','','','','','','',0,'','','','','','','','','','40','','','','','','','',''),(239,64,172,64,'',1,'','|host_description| - CPU Utilization - CPU|query_hrProcessorFrwID|','OpenWRT-WZR450 - CPU Utilization - CPU0','',200,'',700,'','110','','0','','percent','','on','','','',2,'','','','','','on','','on','',1000,'','','','','','','','','','','','','',0,'','0','','0','','','','','','40','','','','','','0','','0'),(240,64,173,64,'',1,'','|host_description| - CPU Utilization - CPU|query_hrProcessorFrwID|','OpenWRT-WZR450 - CPU Utilization - CPUTotal','',200,'',700,'','110','','0','','percent','','on','','','',2,'','','','','','on','','on','',1000,'','','','','','','','','','','','','',0,'','0','','0','','','','','','40','','','','','','0','','0'),(241,36,174,36,'',1,'','|host_description| - Traffic - |query_ifName|','OpenWRT-WZR450 - Traffic - br-lan','',200,'',700,'','100','','0','','bits per second','','on','','on','',2,'','','','','','on','','on','',1000,'','','','','','','','','','','','','',0,'','0','','0','','','','','','','','','','','','0','','0'),(242,36,175,36,'',1,'','|host_description| - Traffic - |query_ifName|','OpenWRT-WZR450 - Traffic - wlan0','',200,'',700,'','100','','0','','bits per second','','on','','on','',2,'','','','','','on','','on','',1000,'','','','','','','','','','','','','',0,'','0','','0','','','','','','','','','','','','0','','0'),(243,37,176,37,'',1,'','|host_description| - Errors - |query_ifName|','OpenWRT-WZR450 - Errors - eth0','',200,'',700,'','100','','0','','errors/sec','','on','','on','',2,'','','','','','on','','on','',1000,'','','','','','','','','','','','','',0,'','','','','','','','','','','','','','','','','',''),(244,37,177,37,'',1,'','|host_description| - Errors - |query_ifName|','OpenWRT-WZR450 - Errors - br-lan','',200,'',700,'','100','','0','','errors/sec','','on','','on','',2,'','','','','','on','','on','',1000,'','','','','','','','','','','','','',0,'','','','','','','','','','','','','','','','','',''),(245,37,178,37,'',1,'','|host_description| - Errors - |query_ifName|','OpenWRT-WZR450 - Errors - eth0.1','',200,'',700,'','100','','0','','errors/sec','','on','','on','',2,'','','','','','on','','on','',1000,'','','','','','','','','','','','','',0,'','','','','','','','','','','','','','','','','',''),(247,36,180,36,'',1,'','|host_description| - Traffic - |query_ifName|','OpenWRT-WZR450 - Traffic - eth0','',200,'',700,'','100','','0','','bits per second','','on','','on','',2,'','','','','','on','','on','',1000,'','','','','','','','','','','','','',0,'','0','','0','','','','','','','','','','','','0','','0'),(248,36,181,36,'',1,'','|host_description| - Traffic - |query_ifName|','OpenWRT-WZR450 - Traffic - eth0.1','',200,'',700,'','100','','0','','bits per second','','on','','on','',2,'','','','','','on','','on','',1000,'','','','','','','','','','','','','',0,'','0','','0','','','','','','','','','','','','0','','0'),(250,37,183,37,'',1,'','|host_description| - Errors - |query_ifAlias|','Rbranch01 - Errors - ### OpenWRT-WZR450 ###','',200,'',700,'','100','','0','','errors/sec','','on','','on','',2,'','','','','','on','','on','',1000,'','','','','','','','','','','','','',0,'','','','','','','','','','','','','','','','','',''),(251,36,184,36,'',1,'','|host_description| - Traffic - |query_ifName|','Rbranch01 - Traffic - Fa6','',200,'',700,'','100','','0','','bits per second','','on','','on','',2,'','','','','','on','','on','',1000,'','','','','','','','','','','','','',0,'','0','','0','','','','','','','','','','','','0','','0'),(252,40,185,40,'',1,'','|host_description| - Traffic - |query_ifAlias|','Rbranch01 - Traffic - ### BO_2F_WirelessDevice ###','',200,'',700,'','100','','0','','bytes per second','','on','','on','',2,'','','','','','on','','on','',1000,'','','','','','','','','','','','','',0,'','','','','','','','','','','','','','','','','',''),(253,34,186,34,'',1,'','|host_description| - Polling Time','OpenWRT-WZR300 - Polling Time','',200,'',700,'','100','','0','','seconds','','on','','on','',2,'','','','','','','','on','',1000,'','','','','','','','','','','','','',0,'','0','','0','','','','','','','','','','','','0','','0'),(254,35,187,35,'',1,'','|host_description| - Uptime','OpenWRT-WZR300 - Uptime','',200,'',700,'','100','','0','','days','','on','','on','',2,'','','','','','','','on','',1000,'','','','','','','','','','','','','',0,'','0','','0','','','','','','','','','','','','0','','0'),(255,53,188,53,'',1,'','|host_description| - Load Average','OpenWRT-WZR300 - Load Average','',200,'',700,'','100','','0','','run queue','','on','','on','',2,'','','','','','on','','on','',1000,'','','','','','','','','','','','','',0,'','0','','0','','','','','','40','','','','','','0','','0'),(256,54,189,54,'',1,'','|host_description| - Memory Usage','OpenWRT-WZR300 - Memory Usage','',200,'',700,'','100','','0','','bytes','','on','','on','',2,'','','','','','on','','on','',1000,'','','','','','','','','','','','','',0,'','0','','0','','','','','','40','','','','','','0','','0'),(257,55,190,55,'',1,'','|host_description| - Logged in Users','OpenWRT-WZR300 - Logged in Users','',200,'',700,'','100','','0','','users','','on','','on','',2,'','','','','','on','','on','',1000,'','','','','','','','','','','','','',0,'','','','','','','','','','40','','','','','','','',''),(258,56,191,56,'',1,'','|host_description| - Processes','OpenWRT-WZR300 - Processes','',200,'',700,'','100','','0','','processes','','on','','on','',2,'','','','','','','','on','',1000,'','','','','','','','','','','','','',0,'','','','','','','','','','40','','','','','','','',''),(259,57,192,57,'',1,'','|host_description| - CPU Utilization','OpenWRT-WZR300 - CPU Utilization','',200,'',700,'','100','','0','','percent','','on','','on','',2,'','','','','','','','on','',1000,'','','','','','','','','','','','','',0,'','','','','','','','','','','','','','','','','',''),(260,58,193,58,'',1,'','|host_description| - Interrupts','OpenWRT-WZR300 - Interrupts','',200,'',700,'','100','','0','','Interrupts','','on','','on','',2,'','','','','','','','on','',1000,'','','','','','','','','','','','','',0,'','','','','','','','','','','','','','','','','',''),(261,59,194,59,'',1,'','|host_description| - Context Switches','OpenWRT-WZR300 - Context Switches','',200,'',700,'','100','','0','','Context Switches','','on','','on','',2,'','','','','','','','on','',1000,'','','','','','','','','','','','','',0,'','0','','0','','','','','','','','','','','','0','','0'),(262,60,195,60,'',1,'','|host_description| - Combined SCSI Disk I/O','OpenWRT-WZR300 - Combined SCSI Disk I/O','',200,'',700,'','100','','0','','operations/second','','on','','on','',2,'','','','','','','','on','',1000,'','','','','','','','','','','','','',0,'','0','','0','','','','','','','','','','','','0','','0'),(263,61,196,61,'',1,'','|host_description| - Combined SCSI Disk Bytes','OpenWRT-WZR300 - Combined SCSI Disk Bytes','',200,'',700,'','100','','0','','bytes/second','','on','','on','',2,'','','','','','','','on','',1000,'','','','','','','','','','','','','',0,'','0','','0','','','','','','','','','','','','0','','0'),(264,63,197,63,'',1,'','|host_description| - Used Space - |query_hrStorageDescr|','OpenWRT-WZR300 - Used Space - Physical memory','',200,'',700,'','100','','0','','bytes','','on','','on','',2,'','','','','','on','','on','',1024,'','','','','','','','','','','','','',0,'','','','','','','','','','40','','','','','','','',''),(265,63,198,63,'',1,'','|host_description| - Used Space - |query_hrStorageDescr|','OpenWRT-WZR300 - Used Space - Virtual memory','',200,'',700,'','100','','0','','bytes','','on','','on','',2,'','','','','','on','','on','',1024,'','','','','','','','','','','','','',0,'','','','','','','','','','40','','','','','','','',''),(266,63,199,63,'',1,'','|host_description| - Used Space - |query_hrStorageDescr|','OpenWRT-WZR300 - Used Space - Memory buffers','',200,'',700,'','100','','0','','bytes','','on','','on','',2,'','','','','','on','','on','',1024,'','','','','','','','','','','','','',0,'','','','','','','','','','40','','','','','','','',''),(267,63,200,63,'',1,'','|host_description| - Used Space - |query_hrStorageDescr|','OpenWRT-WZR300 - Used Space - Cached memory','',200,'',700,'','100','','0','','bytes','','on','','on','',2,'','','','','','on','','on','',1024,'','','','','','','','','','','','','',0,'','','','','','','','','','40','','','','','','','',''),(268,63,201,63,'',1,'','|host_description| - Used Space - |query_hrStorageDescr|','OpenWRT-WZR300 - Used Space - Shared memory','',200,'',700,'','100','','0','','bytes','','on','','on','',2,'','','','','','on','','on','',1024,'','','','','','','','','','','','','',0,'','','','','','','','','','40','','','','','','','',''),(269,63,202,63,'',1,'','|host_description| - Used Space - |query_hrStorageDescr|','OpenWRT-WZR300 - Used Space - Swap space','',200,'',700,'','100','','0','','bytes','','on','','on','',2,'','','','','','on','','on','',1024,'','','','','','','','','','','','','',0,'','','','','','','','','','40','','','','','','','',''),(270,63,203,63,'',1,'','|host_description| - Used Space - |query_hrStorageDescr|','OpenWRT-WZR300 - Used Space - /rom','',200,'',700,'','100','','0','','bytes','','on','','on','',2,'','','','','','on','','on','',1024,'','','','','','','','','','','','','',0,'','','','','','','','','','40','','','','','','','',''),(271,63,204,63,'',1,'','|host_description| - Used Space - |query_hrStorageDescr|','OpenWRT-WZR300 - Used Space - /overlay','',200,'',700,'','100','','0','','bytes','','on','','on','',2,'','','','','','on','','on','',1024,'','','','','','','','','','','','','',0,'','','','','','','','','','40','','','','','','','',''),(272,63,205,63,'',1,'','|host_description| - Used Space - |query_hrStorageDescr|','OpenWRT-WZR300 - Used Space - /','',200,'',700,'','100','','0','','bytes','','on','','on','',2,'','','','','','on','','on','',1024,'','','','','','','','','','','','','',0,'','','','','','','','','','40','','','','','','','',''),(273,64,206,64,'',1,'','|host_description| - CPU Utilization - CPU|query_hrProcessorFrwID|','OpenWRT-WZR300 - CPU Utilization - CPU0','',200,'',700,'','110','','0','','percent','','on','','','',2,'','','','','','on','','on','',1000,'','','','','','','','','','','','','',0,'','0','','0','','','','','','40','','','','','','0','','0'),(274,64,207,64,'',1,'','|host_description| - CPU Utilization - CPU|query_hrProcessorFrwID|','OpenWRT-WZR300 - CPU Utilization - CPUTotal','',200,'',700,'','110','','0','','percent','','on','','','',2,'','','','','','on','','on','',1000,'','','','','','','','','','','','','',0,'','0','','0','','','','','','40','','','','','','0','','0'),(275,37,208,37,'',1,'','|host_description| - Errors - |query_ifName|','OpenWRT-WZR300 - Errors - eth0','',200,'',700,'','100','','0','','errors/sec','','on','','on','',2,'','','','','','on','','on','',1000,'','','','','','','','','','','','','',0,'','','','','','','','','','','','','','','','','',''),(276,37,209,37,'',1,'','|host_description| - Errors - |query_ifName|','OpenWRT-WZR300 - Errors - eth1','',200,'',700,'','100','','0','','errors/sec','','on','','on','',2,'','','','','','on','','on','',1000,'','','','','','','','','','','','','',0,'','','','','','','','','','','','','','','','','',''),(277,37,210,37,'',1,'','|host_description| - Errors - |query_ifName|','OpenWRT-WZR300 - Errors - wlan0','',200,'',700,'','100','','0','','errors/sec','','on','','on','',2,'','','','','','on','','on','',1000,'','','','','','','','','','','','','',0,'','','','','','','','','','','','','','','','','',''),(278,37,211,37,'',1,'','|host_description| - Errors - |query_ifName|','OpenWRT-WZR300 - Errors - br-lan','',200,'',700,'','100','','0','','errors/sec','','on','','on','',2,'','','','','','on','','on','',1000,'','','','','','','','','','','','','',0,'','','','','','','','','','','','','','','','','',''),(279,37,212,37,'',1,'','|host_description| - Errors - |query_ifName|','OpenWRT-WZR300 - Errors - eth0.1','',200,'',700,'','100','','0','','errors/sec','','on','','on','',2,'','','','','','on','','on','',1000,'','','','','','','','','','','','','',0,'','','','','','','','','','','','','','','','','',''),(280,37,213,37,'',1,'','|host_description| - Errors - |query_ifName|','OpenWRT-WZR300 - Errors - wlan1','',200,'',700,'','100','','0','','errors/sec','','on','','on','',2,'','','','','','on','','on','',1000,'','','','','','','','','','','','','',0,'','','','','','','','','','','','','','','','','',''),(281,36,214,36,'',1,'','|host_description| - Traffic - |query_ifName|','OpenWRT-WZR300 - Traffic - eth0','',200,'',700,'','100','','0','','bits per second','','on','','on','',2,'','','','','','on','','on','',1000,'','','','','','','','','','','','','',0,'','0','','0','','','','','','','','','','','','0','','0'),(282,36,215,36,'',1,'','|host_description| - Traffic - |query_ifName|','OpenWRT-WZR300 - Traffic - eth1','',200,'',700,'','100','','0','','bits per second','','on','','on','',2,'','','','','','on','','on','',1000,'','','','','','','','','','','','','',0,'','0','','0','','','','','','','','','','','','0','','0'),(283,36,216,36,'',1,'','|host_description| - Traffic - |query_ifName|','OpenWRT-WZR300 - Traffic - wlan0','',200,'',700,'','100','','0','','bits per second','','on','','on','',2,'','','','','','on','','on','',1000,'','','','','','','','','','','','','',0,'','0','','0','','','','','','','','','','','','0','','0'),(284,36,217,36,'',1,'','|host_description| - Traffic - |query_ifName|','OpenWRT-WZR300 - Traffic - br-lan','',200,'',700,'','100','','0','','bits per second','','on','','on','',2,'','','','','','on','','on','',1000,'','','','','','','','','','','','','',0,'','0','','0','','','','','','','','','','','','0','','0'),(285,36,218,36,'',1,'','|host_description| - Traffic - |query_ifName|','OpenWRT-WZR300 - Traffic - eth0.1','',200,'',700,'','100','','0','','bits per second','','on','','on','',2,'','','','','','on','','on','',1000,'','','','','','','','','','','','','',0,'','0','','0','','','','','','','','','','','','0','','0'),(286,36,219,36,'',1,'','|host_description| - Traffic - |query_ifName|','OpenWRT-WZR300 - Traffic - wlan1','',200,'',700,'','100','','0','','bits per second','','on','','on','',2,'','','','','','on','','on','',1000,'','','','','','','','','','','','','',0,'','0','','0','','','','','','','','','','','','0','','0'),(287,40,220,40,'',1,'','|host_description| - Traffic - |query_ifName|','OpenWRT-WZR300 - Traffic - br-lan','',200,'',700,'','100','','0','','bytes per second','','on','','on','',2,'','','','','','on','','on','',1000,'','','','','','','','','','','','','',0,'','','','','','','','','','','','','','','','','',''),(288,40,221,40,'',1,'','|host_description| - Traffic - |query_ifName|','OpenWRT-WZR450 - Traffic - br-lan','',200,'',700,'','100','','0','','bytes per second','','on','','on','',2,'','','','','','on','','on','',1000,'','','','','','','','','','','','','',0,'','','','','','','','','','','','','','','','','',''),(289,37,222,37,'',1,'','|host_description| - Errors - |query_ifName|','OpenWRT-WZR450 - Errors - wlan0','',200,'',700,'','100','','0','','errors/sec','','on','','on','',2,'','','','','','on','','on','',1000,'','','','','','','','','','','','','',0,'','','','','','','','','','','','','','','','','','');
/*!40000 ALTER TABLE `graph_templates_graph` ENABLE KEYS */;
UNLOCK TABLES;

--
-- Table structure for table `graph_templates_item`
--

DROP TABLE IF EXISTS `graph_templates_item`;
/*!40101 SET @saved_cs_client     = @@character_set_client */;
/*!40101 SET character_set_client = utf8 */;
CREATE TABLE `graph_templates_item` (
  `id` int(12) unsigned NOT NULL AUTO_INCREMENT,
  `hash` varchar(32) COLLATE utf8mb4_unicode_ci NOT NULL DEFAULT '',
  `local_graph_template_item_id` int(12) unsigned NOT NULL DEFAULT 0,
  `local_graph_id` mediumint(8) unsigned NOT NULL DEFAULT 0,
  `graph_template_id` mediumint(8) unsigned NOT NULL DEFAULT 0,
  `task_item_id` mediumint(8) unsigned NOT NULL DEFAULT 0,
  `color_id` mediumint(8) unsigned NOT NULL DEFAULT 0,
  `alpha` char(2) COLLATE utf8mb4_unicode_ci DEFAULT 'FF',
  `graph_type_id` tinyint(3) NOT NULL DEFAULT 0,
  `line_width` decimal(4,2) DEFAULT 0.00,
  `dashes` varchar(20) COLLATE utf8mb4_unicode_ci DEFAULT NULL,
  `dash_offset` mediumint(4) DEFAULT NULL,
  `cdef_id` mediumint(8) unsigned NOT NULL DEFAULT 0,
  `vdef_id` mediumint(8) unsigned NOT NULL DEFAULT 0,
  `shift` char(2) COLLATE utf8mb4_unicode_ci DEFAULT NULL,
  `consolidation_function_id` tinyint(2) NOT NULL DEFAULT 0,
  `textalign` varchar(10) COLLATE utf8mb4_unicode_ci DEFAULT NULL,
  `text_format` varchar(255) COLLATE utf8mb4_unicode_ci DEFAULT NULL,
  `value` varchar(255) COLLATE utf8mb4_unicode_ci DEFAULT NULL,
  `hard_return` char(2) COLLATE utf8mb4_unicode_ci DEFAULT NULL,
  `gprint_id` mediumint(8) unsigned NOT NULL DEFAULT 0,
  `sequence` mediumint(8) unsigned NOT NULL DEFAULT 0,
  PRIMARY KEY (`id`),
  KEY `graph_template_id` (`graph_template_id`),
  KEY `local_graph_id_sequence` (`local_graph_id`,`sequence`),
  KEY `task_item_id` (`task_item_id`),
  KEY `lgi_gti` (`local_graph_id`,`graph_template_id`)
) ENGINE=InnoDB AUTO_INCREMENT=2701 DEFAULT CHARSET=utf8mb4 COLLATE=utf8mb4_unicode_ci ROW_FORMAT=DYNAMIC COMMENT='Stores the actual graph item data.';
/*!40101 SET character_set_client = @saved_cs_client */;

--
-- Dumping data for table `graph_templates_item`
--

LOCK TABLES `graph_templates_item` WRITE;
/*!40000 ALTER TABLE `graph_templates_item` DISABLE KEYS */;
INSERT INTO `graph_templates_item` VALUES (1,'fbafaae9c5873bcb0ea5d296e78c50ea',0,0,1,4,9,'7F',7,0.00,'',0,0,0,'',3,'','Devices','','',2,9),(2,'34a226b489fd87466bfe001979ac914d',0,0,1,4,0,'FF',9,0.00,'',0,0,0,'',2,'','Minimum:','','',3,10),(3,'7d862c50648383dbd4f61a7c855e9125',0,0,1,4,0,'FF',9,0.00,'',0,0,0,'',4,'','Current:','','',3,11),(4,'5c95dc09177224405bfc9c8327b500de',0,0,1,4,0,'FF',9,0.00,'',0,0,0,'',1,'','Average:','','',3,12),(5,'29893153e2ebf92d76b6be6406364827',0,0,1,4,0,'FF',9,0.00,'',0,0,0,'',3,'','Maximum:','','on',3,13),(6,'307b0e1d79f9e6c82422bdec60cb53fc',0,0,1,3,21,'FF',5,1.00,'',0,0,0,'',3,'','Devices per Process','','',2,14),(7,'3a589db3c639a4656239ef91bdb7d963',0,0,1,3,0,'FF',9,0.00,'',0,0,0,'',2,'','Minimum:','','',3,15),(8,'95801ded6f69369331ffee4172831aac',0,0,1,3,0,'FF',9,0.00,'',0,0,0,'',4,'','Current:','','',3,16),(9,'38a2601d6ab38676eacd4fad70fa449c',0,0,1,3,0,'FF',9,0.00,'',0,0,0,'',1,'','Average:','','',3,17),(10,'31fd36f9eecfff1022bebbf8284124d3',0,0,1,3,0,'FF',9,0.00,'',0,0,0,'',3,'','Maximum:','','on',3,18),(11,'1356201ec5a1edfcdb125799157885e4',0,0,2,2,21,'7F',7,0.00,'',0,0,0,'',1,'','DataSources','','',2,1),(12,'638f573f3bea2c92c33c4ef5b36f6676',0,0,2,2,0,'FF',9,0.00,'',0,0,0,'',2,'','Minimum:','','',3,2),(13,'cb283c3ea8d75bbfcbfc6af2c318d2ca',0,0,2,2,0,'FF',9,0.00,'',0,0,0,'',4,'','Current:','','',3,3),(14,'aed104112c9d02c3dcf5ef6d426e6d94',0,0,2,2,0,'FF',9,0.00,'',0,0,0,'',1,'','Average:','','',3,4),(15,'e35f2eb9a56c5bd4854700b07563bb35',0,0,2,2,0,'FF',9,0.00,'',0,0,0,'',3,'','Max:','','on',3,5),(16,'56d2404d75b888ebd26642b2c761aed9',0,0,2,2,21,'FF',4,0.00,'',0,0,0,'',3,'','Peak','','on',2,6),(17,'e31399b630bdb4fe4edd388d5f39f30d',0,0,2,1,22,'7F',7,0.00,'',0,0,0,'',1,'','RRDs','','',2,7),(18,'d97dde4ed16452e3606f97192b77f431',0,0,2,1,0,'FF',9,0.00,'',0,0,0,'',2,'','Minimum:','','',3,8),(19,'f4ce5c3b7b41afc8697e67d03ac237c5',0,0,2,1,0,'FF',9,0.00,'',0,0,0,'',4,'','Current:','','',3,9),(20,'e658a67093b52dda92170fa4de2891f7',0,0,2,1,0,'FF',9,0.00,'',0,0,0,'',1,'','Average:','','',3,10),(21,'35ad8af76239bf66294a5363b9232066',0,0,2,1,0,'FF',9,0.00,'',0,0,0,'',3,'','Max:','','on',3,11),(22,'f3ec7d169b458637d2ceaf1af37e2f27',0,0,2,1,22,'FF',4,0.00,'',0,0,0,'',3,'','Peak','','on',2,12),(23,'fcbadf401144aca864ee6e351dbefc71',0,0,3,9,21,'7F',7,0.00,'',0,0,0,'',1,'','RRD Updates','','',2,5),(24,'af50026d641256fd5680bf0a29cbd71c',0,0,3,9,0,'FF',9,0.00,'',0,0,0,'',2,'','Minimum:','','',2,6),(25,'f0b956b88bb80efdd2274e8fc854e3f6',0,0,3,9,0,'FF',9,0.00,'',0,0,0,'',4,'','Current:','','',2,7),(26,'ae0c95809d23aa0f352588e8687b18bd',0,0,3,9,0,'FF',9,0.00,'',0,0,0,'',1,'','Average:','','',2,8),(27,'dc5c9a4d95596a2f53bc3e750328bbbd',0,0,3,9,0,'FF',9,0.00,'',0,0,0,'',3,'','Maximum:','','on',2,9),(28,'110e98061ccd2b0ad3e3484cb543fc2a',0,0,3,9,21,'FF',4,0.00,'',0,0,0,'',3,'','Peak','','on',2,10),(29,'32cbb9bde78d9d3611655d4ac4e54675',0,0,4,10,9,'FF',4,0.00,'',0,0,0,'',1,'','SNMP','','',2,1),(30,'16f8e7e12c7260fd96be5ee9cfba2c3e',0,0,4,10,0,'FF',9,0.00,'',0,0,0,'',2,'','Minimum:','','',3,2),(31,'55bdcf6eadd5c7c4d92bc7bdd0a1cac5',0,0,4,10,0,'FF',9,0.00,'',0,0,0,'',4,'','Current:','','',3,3),(32,'1e8b5a13351b987ecbac92383ee69c65',0,0,4,10,0,'FF',9,0.00,'',0,0,0,'',1,'','Average:','','',3,4),(33,'869609c7466eb1aa33341fc6a9b6a35d',0,0,4,10,0,'FF',9,0.00,'',0,0,0,'',3,'','Maximum:','','on',3,5),(34,'f23734f91729f5e138af13364029c7ce',0,0,4,11,21,'FF',4,0.00,'',0,0,0,'',1,'','Scripts','','',2,6),(35,'0c61d6797018820bdef94dfe21756cf5',0,0,4,11,0,'FF',9,0.00,'',0,0,0,'',2,'','Minimum:','','',3,7),(36,'1b4d3a3012335db9379f467358c2bb6d',0,0,4,11,0,'FF',9,0.00,'',0,0,0,'',4,'','Current:','','',3,8),(37,'1830564fe0d6c049416579e32205e2a7',0,0,4,11,0,'FF',9,0.00,'',0,0,0,'',1,'','Average:','','',3,9),(38,'efdc02a9435514c364db2b92fe7fe509',0,0,4,11,0,'FF',9,0.00,'',0,0,0,'',3,'','Maximum:','','on',3,10),(39,'27d50f2128ea10ffd3e35957cb709fe0',0,0,4,12,12,'FF',4,0.00,'',0,0,0,'',1,'','Script Server','','',2,11),(40,'c9b2c90d4d9878796780cb761d73fa8f',0,0,4,12,0,'FF',9,0.00,'',0,0,0,'',2,'','Minimum:','','',3,12),(41,'637a299a9a12c774df8313a031325966',0,0,4,12,0,'FF',9,0.00,'',0,0,0,'',4,'','Current:','','',3,13),(42,'74e490ca676857d171128263ab09b706',0,0,4,12,0,'FF',9,0.00,'',0,0,0,'',1,'','Average:','','',3,14),(43,'f863289ac9e6a795504a3d050dbd324f',0,0,4,12,0,'FF',9,0.00,'',0,0,0,'',3,'','Maximum:','','on',3,15),(44,'04fb5222980d21b5251e1c9ed5d347db',0,0,5,14,9,'FF',4,0.00,'',0,0,0,'',1,'','Time','','',2,1),(45,'2ba70e81c22c689ee9c58709222ce49e',0,0,5,14,0,'FF',9,0.00,'',0,0,0,'',2,'','Minimum:','','',2,2),(46,'c727c1b340f092245c9bde6d87c6ddc6',0,0,5,14,0,'FF',9,0.00,'',0,0,0,'',4,'','Current:','','',2,3),(47,'8639f3c18e23ecf82d33e17ea2fe5f26',0,0,5,14,0,'FF',9,0.00,'',0,0,0,'',1,'','Average:','','',2,4),(48,'4dccef4553ab01ada824f8e65778c812',0,0,5,14,0,'FF',9,0.00,'',0,0,0,'',3,'','Maximum:','','on',2,5),(49,'40319938001b6d218ce1db73c88a6b3a',0,0,5,13,21,'FF',4,0.00,'',0,0,0,'',1,'','Devices','','',2,6),(50,'016456cbbd0e8192edc6ade57092ad5e',0,0,5,13,0,'FF',9,0.00,'',0,0,0,'',2,'','Minimum:','','',2,7),(51,'f5ec7bf6219291a82cf21db887e6aa4d',0,0,5,13,0,'FF',9,0.00,'',0,0,0,'',4,'','Current:','','',2,8),(52,'623af2e8a0466b4f77aa5aadda2ca456',0,0,5,13,0,'FF',9,0.00,'',0,0,0,'',1,'','Average:','','',2,9),(53,'59159dce481d701109e86a9606b32ac0',0,0,5,13,0,'FF',9,0.00,'',0,0,0,'',3,'','Maximum:','','on',2,10),(54,'3c764c5315fffd7c67b3fa1dfca25bc1',0,0,6,6,22,'FF',7,0.00,'',0,0,0,'',3,'','Processes','','',2,5),(55,'c37e620d7448ef974823943ccc11352d',0,0,6,6,0,'FF',9,0.00,'',0,0,0,'',2,'','Minimum:','','',3,6),(56,'e1d514b3cface87552f96ddd3d759769',0,0,6,6,0,'FF',9,0.00,'',0,0,0,'',4,'','Current:','','',3,7),(57,'e5840dc4e0b35c9c81ada6a3e2a28c97',0,0,6,6,0,'FF',9,0.00,'',0,0,0,'',1,'','Average:','','',3,8),(58,'8783841513dcaa7482ec88095e5a31f3',0,0,6,6,0,'FF',9,0.00,'',0,0,0,'',3,'','Maximum:','','on',3,9),(59,'75526bdbdfaf4453a152c2f3b21500e2',0,0,6,5,21,'FF',4,0.00,'',0,0,0,'',3,'','Threads','','',2,10),(60,'24f8242b4bd303dcf553472b5136497a',0,0,6,5,0,'FF',9,0.00,'',0,0,0,'',2,'','Minimum:','','',3,11),(61,'e9a67f629ecc1629fb887f1f4a736871',0,0,6,5,0,'FF',9,0.00,'',0,0,0,'',4,'','Current:','','',3,12),(62,'b3768741be21ff91be6f1b3d1854b3d9',0,0,6,5,0,'FF',9,0.00,'',0,0,0,'',1,'','Average:','','',3,13),(63,'03cc00dfac46da693a8ea5117aa71c85',0,0,6,5,0,'FF',9,0.00,'',0,0,0,'',3,'','Maximum:','','on',3,14),(64,'73babc37c735c91d6470277c475e2f15',0,0,7,15,33,'99',7,0.00,'',0,0,0,'',1,'','Memory','','',2,1),(65,'50fc91a3f4ad4e4cfc0cf8a9bd6ff8b5',0,0,7,15,0,'FF',9,0.00,'',0,0,0,'',2,'','Minimum:','','',2,2),(66,'592b60422e32093971aa2c7e11cf008c',0,0,7,15,0,'FF',9,0.00,'',0,0,0,'',4,'','Current:','','',2,3),(67,'9763a5c1d8da163c9bc6f71775f260bf',0,0,7,15,0,'FF',9,0.00,'',0,0,0,'',1,'','Average:','','',2,4),(68,'cf2232500ece6afbc42356874bd23e36',0,0,7,15,0,'FF',9,0.00,'',0,0,0,'',3,'','Maximum:','','on',2,5),(69,'cff727ebf877a5749700cc731a6ff92a',0,0,7,15,9,'FF',4,0.00,'',0,0,0,'',3,'','Peak','','on',2,6),(70,'27754544d0fc505b19738949205c6307',0,0,8,22,9,'FF',5,0.00,'',0,16,0,'',3,'','Invalid','','',2,1),(71,'0bfdda0f8488820341ecd83a11fd9be5',0,0,8,22,0,'FF',9,0.00,'',0,0,0,'',4,'','Current:','','',3,2),(72,'a4bf9518e8f49635c3b4143920081e12',0,0,8,22,0,'FF',9,0.00,'',0,0,0,'',1,'','Average:','','',3,3),(73,'365dc64f4e9cfb67eab245384ca7690e',0,0,8,22,0,'FF',9,0.00,'',0,0,0,'',3,'','Maximum:','','on',3,4),(74,'221fcbbcaf4645f84c1872814cda7c9c',0,0,8,18,12,'FF',5,0.00,'',0,16,0,'',3,'','Valid','','',2,5),(75,'b729d06939a4f87445a8ee4cddab6658',0,0,8,18,0,'FF',9,0.00,'',0,0,0,'',4,'','Current:','','',3,6),(76,'8b22c33cd263e4db5de2445bee127628',0,0,8,18,0,'FF',9,0.00,'',0,0,0,'',1,'','Average:','','',3,7),(77,'955e9fb6e7f969da1357561132bc8fc8',0,0,8,18,0,'FF',9,0.00,'',0,0,0,'',3,'','Maximum:','','on',3,8),(78,'f0a60d7066fd0b24bde61889874a31d0',0,0,9,19,67,'FF',5,0.00,'',0,16,0,'',3,'','Sleeping','','',2,1),(79,'2125e19cca095ef5d1b7ce3c4d15b359',0,0,9,19,0,'FF',9,0.00,'',0,0,0,'',4,'','Current:','','',3,2),(80,'1f3aca03fb77d7188138c06696079c53',0,0,9,19,0,'FF',9,0.00,'',0,0,0,'',1,'','Average:','','',3,3),(81,'fb3188b591f50074e9caf7bf7923a1bd',0,0,9,19,0,'FF',9,0.00,'',0,0,0,'',3,'','Maximum:','','on',3,4),(82,'4a7a0e5a40310ebea976a5ef8c1d8af6',0,0,9,16,12,'FF',5,0.00,'',0,16,0,'',3,'','Active','','',2,5),(83,'12fde6a31088c5241c4ff6c9fad6aaf3',0,0,9,16,0,'FF',9,0.00,'',0,0,0,'',4,'','Current:','','',3,6),(84,'a7ff175000c7ea9895aa5c2640ee3bfc',0,0,9,16,0,'FF',9,0.00,'',0,0,0,'',1,'','Average:','','',3,7),(85,'b7fdf087a908bf9b7f419bf2f370b4e6',0,0,9,16,0,'FF',9,0.00,'',0,0,0,'',3,'','Maximum:','','on',3,8),(86,'64503d5111bca2182bcde7beec63caf9',0,0,9,17,1,'FF',5,0.00,'',0,16,0,'',3,'','Obsolete','','',2,9),(87,'f9863f026563fcaba23870cda09370d9',0,0,9,17,0,'FF',9,0.00,'',0,0,0,'',4,'','Current:','','',3,10),(88,'fce8acbd7d5e28a3a28e9d9f34142bc6',0,0,9,17,0,'FF',9,0.00,'',0,0,0,'',1,'','Average:','','',3,11),(89,'11c44453bd1055fc824dc52d9c6cc476',0,0,9,17,0,'FF',9,0.00,'',0,0,0,'',3,'','Maximum:','','on',3,12),(90,'2a525fa0df95afc0fdc13b83ad1849b5',0,0,9,17,0,'FF',1,1.00,'',0,0,0,'',1,'','','','on',2,13),(91,'ecd93a086cd132a87249f16d6a3b95c1',0,0,9,17,0,'FF',1,1.00,'',0,0,0,'',1,'','Active is defined by activity in the last 10 minutes','','on',2,14),(92,'8e81853e0aaa20a1f9b56e8ec52b8f2f',0,0,10,20,67,'FF',5,0.00,'',0,16,0,'',3,'','sleeping users','','',2,1),(93,'7543361b2bb32daaa4418056141a7a1b',0,0,10,20,0,'FF',9,0.00,'',0,0,0,'',4,'','Current:','','',3,2),(94,'a35bf36c2139020f9595cf4a53855f2a',0,0,10,20,0,'FF',9,0.00,'',0,0,0,'',1,'','Average:','','',3,3),(95,'9cfa72d4173adb00446cefd58235266d',0,0,10,20,0,'FF',9,0.00,'',0,0,0,'',3,'','Maximum:','','on',3,4),(96,'36894aaf231e2b7f8e0001947a45fe31',0,0,10,21,12,'FF',5,0.00,'',0,16,0,'',3,'','active users','','',2,5),(97,'343950e3fdb3f1287cf276402399d870',0,0,10,21,0,'FF',9,0.00,'',0,0,0,'',4,'','Current:','','',3,6),(98,'d798830b697dba9c537a648e2d41a788',0,0,10,21,0,'FF',9,0.00,'',0,0,0,'',1,'','Average:','','',3,7),(99,'f6b89c18ac5696d55f7eda79a68de080',0,0,10,21,0,'FF',9,0.00,'',0,0,0,'',3,'','Maximum:','','on',3,8),(100,'a025ef65367c4f939c31b28baad20c6f',0,0,11,8,9,'7F',7,0.00,'',0,0,0,'',1,'','Runtime','','',2,1),(101,'8c89dcd9c2c2c5260ca9b788ccbe1078',0,0,11,8,0,'FF',9,0.00,'',0,0,0,'',2,'','Minimum:','','',2,2),(102,'16209062ba83af6572cba1467a13f9f5',0,0,11,8,0,'FF',9,0.00,'',0,0,0,'',4,'','Current:','','',2,3),(103,'f6b696f22bcc361f10dbe04c15e80d57',0,0,11,8,0,'FF',9,0.00,'',0,0,0,'',1,'','Average:','','',2,4),(104,'b1e4bdfffdbc00028d19c9119277ac8a',0,0,11,8,0,'FF',9,0.00,'',0,0,0,'',3,'','Maximum:','','on',2,5),(105,'e8f29eaa246674d4a61a8046fb5b7eaa',0,0,11,8,9,'FF',4,0.00,'',0,0,0,'',3,'','Peak','','on',2,6),(106,'038d96ab1dae9a6fb035e40b2fd03c06',0,0,12,7,220,'FF',7,0.00,'',0,0,0,'',1,'','Runtime','','',2,1),(107,'59fe6ca00d3941073defec6d4c69703d',0,0,12,7,0,'FF',9,0.00,'',0,0,0,'',2,'','Minimum:','','',2,2),(108,'b087aeb26e012ec7176a5181f6eca120',0,0,12,7,0,'FF',9,0.00,'',0,0,0,'',4,'','Current:','','',2,3),(109,'17cdf49b127716314510f18f7ea86c9a',0,0,12,7,0,'FF',9,0.00,'',0,0,0,'',1,'','Average:','','',2,4),(110,'ec5c007dced72c180e68503bf538796e',0,0,12,7,0,'FF',9,0.00,'',0,0,0,'',3,'','Maximum:','','on',2,5),(111,'d3fb4700c0b543ac780a4459cf0b75fe',0,0,12,7,220,'FF',4,1.00,'',0,0,0,'',3,'','Peak','','on',2,6),(112,'b171b0ce65711d989237df6a2a4ab0e3',0,0,13,23,33,'99',7,0.00,'',0,0,0,'',1,'','Graphs','','',2,1),(113,'3286e9c1d4b442f613843ecd31ed0f24',0,0,13,23,0,'FF',9,0.00,'',0,0,0,'',2,'','Minimum:','','',3,2),(114,'4523f4b5a43910a6d35cb39521210e17',0,0,13,23,0,'FF',9,0.00,'',0,0,0,'',4,'','Current:','','',3,3),(115,'631b712a9ec7c16cdc2cc8ab8ef8a8c8',0,0,13,23,0,'FF',9,0.00,'',0,0,0,'',1,'','Average:','','',3,4),(116,'b585ca27d990822e9f1a32dfade81359',0,0,13,23,0,'FF',9,0.00,'',0,0,0,'',3,'','Maximum:','','on',3,5),(117,'3e98b8d0b955aeb7818c1cc0c529c97f',0,0,13,23,9,'FF',4,0.00,'',0,0,0,'',3,'','Peak','','on',2,6),(118,'f39c237c29b403cf0bd9d4a695845a3e',0,0,14,24,9,'7F',7,0.00,'',0,0,0,'',1,'','Duration','','',2,1),(119,'80c57edb527d637c9d20bbf261238e4c',0,0,14,24,0,'FF',9,0.00,'',0,0,0,'',2,'','Minimum:','','',2,2),(120,'af1b340c0b30ddf1d1cb4b134733c226',0,0,14,24,0,'FF',9,0.00,'',0,0,0,'',4,'','Current:','','',2,3),(121,'ff1dffa572922628933aac2bb09b0106',0,0,14,24,0,'FF',9,0.00,'',0,0,0,'',1,'','Average:','','',2,4),(122,'0c49e83a78dd32490afa07dd00454219',0,0,14,24,0,'FF',9,0.00,'',0,0,0,'',3,'','Maximum:','','on',2,5),(123,'8cdfbd3ad8a47ed2e2302a186d9aad89',0,0,14,24,9,'FF',4,0.00,'',0,0,0,'',3,'','Peak','','on',2,6),(124,'716f1420ab963de213406a516412d2cf',0,0,15,27,349,'FF',4,1.00,'',0,0,0,'',3,'','Alarms','','',2,1),(125,'012aa68452c36b37c6544cbc789fe24c',0,0,15,27,0,'FF',9,1.00,'',0,0,0,'',4,'','Cur:','','',3,2),(126,'0df78b80285a642c905f1744428cdf95',0,0,15,27,0,'FF',9,1.00,'',0,0,0,'',1,'','Avg:','','',3,3),(127,'f121d0e8d04513d5ad418fc6211dfce0',0,0,15,27,0,'FF',9,1.00,'',0,0,0,'',3,'','Max:','','on',3,4),(128,'bae36e7e302c123f7f111bf7684bd81d',0,0,15,25,21,'FF',4,1.00,'',0,0,0,'',3,'','Incoming','','',2,5),(129,'455dae758441bd63296d97930e69a59c',0,0,15,25,0,'FF',9,1.00,'',0,0,0,'',4,'','Cur:','','',3,6),(130,'bfd0d0ce705ba3a09fc3a85fb559443f',0,0,15,25,0,'FF',9,1.00,'',0,0,0,'',1,'','Avg:','','',3,7),(131,'20227ad68815d5ba4587711147a51093',0,0,15,25,0,'FF',9,1.00,'',0,0,0,'',3,'','Max:','','on',3,8),(132,'b26d3ab2971fc848493a452850b4c9c7',0,0,15,28,348,'FF',4,1.00,'',0,0,0,'',3,'','Removals','','',2,9),(133,'8e3de9824672cf6cb9ae67c6a7f262be',0,0,15,28,0,'FF',9,1.00,'',0,0,0,'',4,'','Cur:','','',3,10),(134,'ab250b40398d352e59c1e6f3ee73ac87',0,0,15,28,0,'FF',9,1.00,'',0,0,0,'',1,'','Avg:','','',3,11),(135,'e69ef032cf24b9097eb5b4ec111ff85b',0,0,15,28,0,'FF',9,1.00,'',0,0,0,'',3,'','Max:','','on',3,12),(136,'4a633d659023cf582a3e511adf1648e7',0,0,15,29,73,'FF',4,1.00,'',0,0,0,'',3,'','Xfers','','',2,13),(137,'74310dee669e0a53ac0bd8f9b300a19c',0,0,15,29,0,'FF',9,1.00,'',0,0,0,'',4,'','Cur:','','',3,14),(138,'cc5d791912ec135b55e7902939f2c757',0,0,15,29,0,'FF',9,1.00,'',0,0,0,'',1,'','Avg:','','',3,15),(139,'30ab8cafb303abace4d2c89d43ce9a19',0,0,15,29,0,'FF',9,1.00,'',0,0,0,'',3,'','Max:','','on',3,16),(140,'d204773375b4aa791101f1d369671e7e',0,0,15,26,57,'FF',4,1.00,'',0,0,0,'',3,'','Deletes','','',2,17),(141,'caed8185f0a18522b6206c844ddbd4b6',0,0,15,26,0,'FF',9,1.00,'',0,0,0,'',4,'','Cur:','','',3,18),(142,'a50a149f9d1f6a99f576838e04b26675',0,0,15,26,0,'FF',9,1.00,'',0,0,0,'',1,'','Avg:','','',3,19),(143,'d2d64a8f38a1dbe90d069570c6e1c8ab',0,0,15,26,0,'FF',9,1.00,'',0,0,0,'',3,'','Max:','','on',3,20),(144,'df377f974b5eab4e2ca1c28ab4d5707c',0,0,16,30,147,'FF',7,1.00,'',0,0,0,'',1,'','Runtime','','',2,1),(145,'24729f911d6359d880680105a50c36eb',0,0,16,30,0,'FF',9,1.00,'',0,0,0,'',4,'','Cur:','','',2,3),(146,'6a16b23259036c99b48dba8350d8f176',0,0,16,30,0,'FF',9,1.00,'',0,0,0,'',1,'','Avg:','','',2,4),(147,'a041fe3d908ecbc0559325803199f6dd',0,0,16,30,0,'FF',9,1.00,'',0,0,0,'',3,'','Max:','','on',2,5),(148,'6aeb8ad840ad85a20c278db18b389d22',0,0,16,30,145,'FF',4,1.00,'',0,0,0,'',3,'','Peak','','on',2,6),(149,'e645404fa8f50a0728ee0f0b8497f145',0,0,17,31,357,'FF',4,1.00,'',0,0,0,'',1,'','Alerts','','',2,1),(150,'820a111195923253263fd088e6a3f26b',0,0,17,31,0,'FF',9,1.00,'',0,0,0,'',4,'','Cur:','','',3,2),(151,'ae9df897b9bf829f947805e2ac06c92f',0,0,17,31,0,'FF',9,1.00,'',0,0,0,'',1,'','Avg:','','',3,3),(152,'bbab846026945121c0978c86248cd67a',0,0,17,31,0,'FF',9,1.00,'',0,0,0,'',3,'','Max:','','on',3,4),(153,'0279878d31321a2a823b2482c3c4e2b3',0,0,17,32,78,'FF',4,1.00,'',0,0,0,'',1,'','Reports','','',2,5),(154,'4df64c107b86749dfdf7a4b127ae3a5c',0,0,17,32,0,'FF',9,1.00,'',0,0,0,'',4,'','Cur:','','',3,6),(155,'e830b1c6d23710a36411f68c617f3948',0,0,17,32,0,'FF',9,1.00,'',0,0,0,'',1,'','Avg:','','',3,7),(156,'12331f7b11cfcc046b0f1e9bc1d7fac4',0,0,17,32,0,'FF',9,1.00,'',0,0,0,'',3,'','Max:','','on',3,8),(157,'aea38ece8b8b30d21485c0b193c77eff',0,0,18,33,326,'FF',7,1.00,'',0,0,0,'',1,'','Runtime','','',2,1),(158,'5d5e84e81929c7e6ed528c3d387aafe7',0,0,18,33,0,'FF',9,1.00,'',0,0,0,'',4,'','Cur:','','',2,2),(159,'01395a1a1d3fce41cdd179a4173073d1',0,0,18,33,0,'FF',9,1.00,'',0,0,0,'',1,'','Avg:','','',2,3),(160,'373d780cb5937fcbc8ad34434f9afe0f',0,0,18,33,0,'FF',9,1.00,'',0,0,0,'',3,'','Max:','','on',2,4),(161,'43056bf401422ce4438364e8dc2b7c0d',0,0,18,33,357,'FF',4,1.00,'',0,0,0,'',3,'','Peak','','on',2,5),(162,'38d4e3f04ddea34a2bf90f74949270ab',0,0,19,34,348,'FF',7,1.00,'',0,0,0,'',1,'','Row Size','','',2,1),(163,'dd0ea182d14943eba902e7e067c4acaa',0,0,19,34,0,'FF',9,1.00,'',0,0,0,'',4,'','Cur:','','',2,2),(164,'a602db7b166a3582acef0641443ef775',0,0,19,34,0,'FF',9,1.00,'',0,0,0,'',1,'','Avg:','','',2,3),(165,'62496efcc8886713cae76027d4848eec',0,0,19,34,0,'FF',9,1.00,'',0,0,0,'',3,'','Max:','','on',2,4),(166,'db1f04ea4b4010ee7f9e1f2b6215d05f',0,0,19,34,334,'FF',4,1.00,'',0,0,0,'',3,'','Peak','','on',2,5),(167,'4e24397603819f4c6659969e94db0278',0,0,20,35,403,'FF',7,1.00,'',0,0,0,'',1,'','Records','','',2,1),(168,'0ceed612e3956938df52ae938deeffe7',0,0,20,35,0,'FF',9,1.00,'',0,0,0,'',4,'','Cur:','','',3,2),(169,'b6301d5ff8f778890f30b56ed66576ba',0,0,20,35,0,'FF',9,1.00,'',0,0,0,'',1,'','Avg:','','',3,3),(170,'f9a2893f1306147633c4fd6194975a41',0,0,20,35,0,'FF',9,1.00,'',0,0,0,'',3,'','Max:','','on',3,4),(171,'53f04b914c7976276fc3092fbd0a9e45',0,0,20,35,359,'FF',4,1.00,'',0,0,0,'',3,'','Peak','','on',2,5),(172,'753a4c827aeb53939f4bba22dfb1496a',0,0,21,36,351,'FF',7,1.00,'',0,0,0,'',1,'','Table Size','','',2,1),(173,'91e4dfa95ee8f1e20721bab7e65403f6',0,0,21,36,0,'FF',9,1.00,'',0,0,0,'',4,'','Cur:','','',2,2),(174,'aa453957c913b7a97a01eef249747984',0,0,21,36,0,'FF',9,1.00,'',0,0,0,'',1,'','Avg:','','',2,3),(175,'ac124d79912482fa498839088e206b97',0,0,21,36,0,'FF',9,1.00,'',0,0,0,'',3,'','Max:','','on',2,4),(176,'ed7b7c12f54f929d9ee94d6f47efec77',0,0,21,36,52,'FF',4,1.00,'',0,0,0,'',3,'','Peak','','on',2,5),(177,'a1113096d9a5cf96f370b863d86bb8da',0,0,22,38,145,'FF',7,1.00,'',0,0,0,'',1,'','Fetch Records','','',2,1),(178,'2403d49b2f517764311e11a235d307da',0,0,22,38,0,'FF',9,1.00,'',0,0,0,'',4,'','Cur:','','',2,2),(179,'932649e9571571435bc62ce53e59779b',0,0,22,38,0,'FF',9,1.00,'',0,0,0,'',1,'','Avg:','','',2,3),(180,'e8824f8fb582b97fc974b39f94303c97',0,0,22,38,0,'FF',9,1.00,'',0,0,0,'',3,'','Max:','','on',2,4),(181,'6f98a18a3d115120487255505690391d',0,0,22,40,411,'FF',8,1.00,'',0,0,0,'',1,'','Cycle Time','','',2,5),(182,'b254dfa21fda194dbb7c59844475b061',0,0,22,40,0,'FF',9,1.00,'',0,0,0,'',4,'','Cur:','','',2,6),(183,'696b3b72ff76cb648bf65a9dd0494ff0',0,0,22,40,0,'FF',9,1.00,'',0,0,0,'',1,'','Avg:','','',2,7),(184,'e5682ebf46d1ce91b2a2607752740724',0,0,22,40,0,'FF',9,1.00,'',0,0,0,'',3,'','Max:','','on',2,8),(185,'391228d6e2cddd2fffb105f87b02406e',0,0,22,39,62,'FF',8,1.00,'',0,0,0,'',1,'','Last Update','','',2,9),(186,'4b66e291b5c468ab395b57acedbbefb6',0,0,22,39,0,'FF',9,1.00,'',0,0,0,'',4,'','Cur:','','',2,10),(187,'ef597f67783ffb0b919c0c32bf2bc913',0,0,22,39,0,'FF',9,1.00,'',0,0,0,'',1,'','Avg:','','',2,11),(188,'4e23b63817cab703883d7eb311437734',0,0,22,39,0,'FF',9,1.00,'',0,0,0,'',3,'','Max:','','on',2,12),(189,'dd503d194079fc6f7f7d4e469a24e195',0,0,22,41,287,'FF',8,1.00,'',0,0,0,'',1,'','Template','','',2,13),(190,'e282696b254dd0225d393e752e656f01',0,0,22,41,0,'FF',9,1.00,'',0,0,0,'',4,'','Cur:','','',2,14),(191,'5302ffa84c5c94c13b91f08773f7ef81',0,0,22,41,0,'FF',9,1.00,'',0,0,0,'',1,'','Avg:','','',2,15),(192,'cf9ced491348a4232519a6c82005a47a',0,0,22,41,0,'FF',9,1.00,'',0,0,0,'',3,'','Max:','','on',2,16),(193,'82b6d4d06fdd5f02e83a3d014b210862',0,0,22,42,276,'FF',8,1.00,'',0,0,0,'',1,'','Update','','',2,17),(194,'46c2f071028021b4348cb4dedb7decea',0,0,22,42,0,'FF',9,1.00,'',0,0,0,'',4,'','Cur:','','',2,18),(195,'1d839b2e152f8e85b16fffa424444f03',0,0,22,42,0,'FF',9,1.00,'',0,0,0,'',1,'','Avg:','','',2,19),(196,'89f2fd5edf87146e624b7a5f8f3ff8f5',0,0,22,42,0,'FF',9,1.00,'',0,0,0,'',3,'','Max:','','on',2,20),(197,'f578ded21f328c5350d6810ae8b12170',0,0,22,37,357,'FF',8,1.00,'',0,0,0,'',1,'','Delete','','',2,21),(198,'44e102eb5740dd787e8b10d32383fe14',0,0,22,37,0,'FF',9,1.00,'',0,0,0,'',4,'','Cur:','','',2,22),(199,'204fbdd6a4ce01e2664c5ded5ed5a49b',0,0,22,37,0,'FF',9,1.00,'',0,0,0,'',1,'','Avg:','','',2,23),(200,'1f1faff4ad32a349cce4a728f401a200',0,0,22,37,0,'FF',9,1.00,'',0,0,0,'',3,'','Max:','','on',2,24),(201,'3ca5fb14afe1dbfe091a3f685bf918b3',0,0,22,0,1,'FF',4,1.00,'',0,12,0,'',1,'','Total','','',2,25),(202,'3c075d59646dd06b104baff9084a2f35',0,0,22,0,0,'FF',9,1.00,'',0,12,0,'',4,'','Cur:','','',2,26),(203,'d62b68535fa7e6add5585756ac1f2678',0,0,22,0,0,'FF',9,1.00,'',0,12,0,'',1,'','Avg:','','',2,27),(204,'1951085bce9526637318f74f5abbd8a2',0,0,22,0,0,'FF',9,1.00,'',0,12,0,'',3,'','Max:','','on',2,28),(205,'90aa926db140390b81939dd167f31bf9',0,0,23,43,91,'FF',7,1.00,'',0,0,0,'',1,'','Current','','',2,1),(206,'9bd0b69684b9db0be1e90ad59c8f43db',0,0,23,43,0,'FF',9,1.00,'',0,0,0,'',4,'','Cur:','','',2,2),(207,'59c30586c3796fbf6d79fcd774b3d533',0,0,23,43,0,'FF',9,1.00,'',0,0,0,'',1,'','Avg:','','',2,3),(208,'a3422cf61a1b392f9f77b653d6e73eb6',0,0,23,43,0,'FF',9,1.00,'',0,0,0,'',3,'','Max:','','on',2,4),(209,'6491296bc4cdc4dd9f40b7489c2313e1',0,0,23,44,358,'FF',4,1.00,'',0,0,0,'',3,'','Lifetime Peak','','',2,5),(210,'f689f98d2e155dc2f053bf02894bf0d5',0,0,23,44,0,'FF',9,1.00,'',0,0,0,'',4,'','Cur:','','',2,6),(211,'49867473eaf4e97ff7e10a94bff6cdee',0,0,23,44,0,'FF',9,1.00,'',0,0,0,'',1,'','Avg:','','',2,7),(212,'17d8becfd5c9e3a867a2491e49127e3b',0,0,23,44,0,'FF',9,1.00,'',0,0,0,'',3,'','Max:','','on',2,8),(213,'71bde29995acee91ce6240e7bf30a714',0,0,23,46,349,'FF',4,1.00,'',0,0,0,'',4,'','Average','','',2,9),(214,'850e9d00620c6194ff320380f7e5e019',0,0,23,46,0,'FF',9,1.00,'',0,0,0,'',4,'','Cur:','','',2,10),(215,'45c3107ed64f33eb8aa960f58a963170',0,0,23,46,0,'FF',9,1.00,'',0,0,0,'',1,'','Avg:','','',2,11),(216,'f560f3c8725c1e874f038a25f462559e',0,0,23,46,0,'FF',9,1.00,'',0,0,0,'',3,'','Max:','','on',2,12),(217,'a18377556acb58eb831bd2a7fb84a29d',0,0,23,45,27,'FF',4,1.00,'',0,0,0,'',3,'','Minimum','','',2,13),(218,'131a3570a93809d275835bcefb3c05d7',0,0,23,45,0,'FF',9,1.00,'',0,0,0,'',4,'','Cur:','','',2,14),(219,'e0baf41a67b0fff8ca61c23dd020d6bf',0,0,23,45,0,'FF',9,1.00,'',0,0,0,'',1,'','Avg:','','',2,15),(220,'f1edcf266598abc50b762c75e3ece85c',0,0,23,45,0,'FF',9,1.00,'',0,0,0,'',3,'','Max:','','on',2,16),(221,'f8a0a627660cef2011e9e58cfb25ee7c',0,0,23,43,90,'FF',4,1.00,'',0,0,0,'',3,'','Current Peak','','on',2,17),(222,'105102b5c5741b9f89c877dbb903cabb',0,0,24,47,426,'FF',7,1.00,'',0,0,0,'',3,'','SNMP','','',2,1),(223,'2ab78ee476b088eababf4ccb62fc8403',0,0,24,47,0,'FF',9,1.00,'',0,0,0,'',4,'','Cur:','','',3,2),(224,'ed62c47411851ae395a52ce26bc670e7',0,0,24,47,0,'FF',9,1.00,'',0,0,0,'',1,'','Avg:','','',3,3),(225,'757dc17ec75e4f9eca6d4117ebd42dd0',0,0,24,47,0,'FF',9,1.00,'',0,0,0,'',3,'','Max:','','on',3,4),(226,'ff6cc0639ccb1d3c0848a900a12379e8',0,0,24,49,357,'FF',8,1.00,'',0,0,0,'',1,'','Script Server','','',2,5),(227,'043f187de99960e36d87e1ce0a2f0b72',0,0,24,49,0,'FF',9,1.00,'',0,0,0,'',4,'','Cur:','','',3,6),(228,'8621e16ec9dc7e5866fc599223582de7',0,0,24,49,0,'FF',9,1.00,'',0,0,0,'',1,'','Avg:','','',3,7),(229,'cee71f7ef12c59baa96bdac49349bfa9',0,0,24,49,0,'FF',9,1.00,'',0,0,0,'',3,'','Max:','','on',3,8),(230,'942cd58c2eddcf7076c61fc019ba3eac',0,0,24,48,348,'FF',8,1.00,'',0,0,0,'',1,'','Scripts','','',2,9),(231,'686dd24b3c493c67ebd6f7d4a11483c0',0,0,24,48,0,'FF',9,1.00,'',0,0,0,'',4,'','Cur:','','',3,10),(232,'2338d1f67efe9dc28ceffe8551005df0',0,0,24,48,0,'FF',9,1.00,'',0,0,0,'',1,'','Avg:','','',3,11),(233,'5a6b48b066d09506186f6220453e785e',0,0,24,48,0,'FF',9,1.00,'',0,0,0,'',3,'','Max:','','on',3,12),(234,'2a2abecfc31410f129f059f08be26dba',0,0,25,51,144,'FF',7,1.00,'',0,0,0,'',1,'','Processes','','',2,1),(235,'8526ed34da699b32a34c9de47fce0dd9',0,0,25,51,0,'FF',9,1.00,'',0,0,0,'',4,'','Cur:','','',3,2),(236,'b21bb04a40073403e7e931cbc41457ca',0,0,25,51,0,'FF',9,1.00,'',0,0,0,'',1,'','Avg:','','',3,3),(237,'d72a4029cfc0bbdfefb616aacdbc864e',0,0,25,51,0,'FF',9,1.00,'',0,0,0,'',3,'','Max:','','on',3,4),(238,'c18009102b862009e870c67198647f85',0,0,25,50,357,'FF',4,1.00,'',0,0,0,'',1,'','Threads','','',2,5),(239,'2c16622f87cd7c1d213b8cd42e1b759e',0,0,25,50,0,'FF',9,1.00,'',0,0,0,'',4,'','Cur:','','',3,6),(240,'1024c6693b523ea3fa63d763201aec75',0,0,25,50,0,'FF',9,1.00,'',0,0,0,'',1,'','Avg:','','',3,7),(241,'f4b97f0baf923e8c7a89104012a212cf',0,0,25,50,0,'FF',9,1.00,'',0,0,0,'',3,'','Max:','','on',3,8),(242,'7175043999c84d28236e69db0fb2d0e2',0,0,26,53,9,'FF',4,0.00,'',0,0,0,'',1,'','Time','','',2,1),(243,'e41b859d762ed23daca15893e9fe8727',0,0,26,53,0,'FF',9,0.00,'',0,0,0,'',2,'','Minimum:','','',2,2),(244,'7b775daf6f91738088c320fdedcab975',0,0,26,53,0,'FF',9,0.00,'',0,0,0,'',4,'','Current:','','',2,3),(245,'ca41a8dc66c5e3d7cc828848db05c99f',0,0,26,53,0,'FF',9,0.00,'',0,0,0,'',1,'','Average:','','',2,4),(246,'3024df07146306f8c27fec3a01db3fe5',0,0,26,53,0,'FF',9,0.00,'',0,0,0,'',3,'','Maximum:','','on',2,5),(247,'43b2438bffbdcd5b7abd8102a6af1d70',0,0,26,52,21,'FF',4,0.00,'',0,0,0,'',1,'','Devices','','',2,6),(248,'7480eaaf598bebd33f6a23454c5e1625',0,0,26,52,0,'FF',9,0.00,'',0,0,0,'',2,'','Minimum:','','',2,7),(249,'147d8cbfcc339d79720a1b6c0572b463',0,0,26,52,0,'FF',9,0.00,'',0,0,0,'',4,'','Current:','','',2,8),(250,'9471ed059841dd352b66003c362383ff',0,0,26,52,0,'FF',9,0.00,'',0,0,0,'',1,'','Average:','','',2,9),(251,'40b100203ca15f90bf48f64a0e0c0579',0,0,26,52,0,'FF',9,0.00,'',0,0,0,'',3,'','Maximum:','','on',2,10),(252,'f71f6c21397cde4455ec7ce05be0c805',0,0,27,55,357,'FF',4,1.00,'',0,0,0,'',1,'','Total:','','',2,1),(253,'5a177ed26c79c1f8c0a49327593dd855',0,0,27,55,0,'FF',9,1.00,'',0,0,0,'',4,'','Cur:','','',2,2),(254,'c0d4230b4782bab828d1313be2378fa3',0,0,27,55,0,'FF',9,1.00,'',0,0,0,'',1,'','Avg:','','',2,3),(255,'d7c04af370bfaf14c841d4148f9213d2',0,0,27,55,0,'FF',9,1.00,'',0,0,0,'',3,'','Max:','','on',2,4),(256,'1f06ec5211f93c944d14a3cde570428c',0,0,27,56,343,'FF',4,1.00,'',0,0,0,'',1,'','Connect:','','',2,5),(257,'53db1d40a7526c7d7457eae04879e1ab',0,0,27,56,0,'FF',9,1.00,'',0,0,0,'',4,'','Cur:','','',2,6),(258,'2a1206a84c0c76cd3b93d1ec1116804a',0,0,27,56,0,'FF',9,1.00,'',0,0,0,'',1,'','Avg:','','',2,7),(259,'d198a15c400945de6b75e444ea180d15',0,0,27,56,0,'FF',9,1.00,'',0,0,0,'',3,'','Max:','','on',2,8),(260,'f4773a21325149011bc11b6681f0d19d',0,0,27,57,225,'FF',4,1.00,'',0,0,0,'',1,'','Lookup:','','',2,9),(261,'aec34f5241f64bd6352d222c0bb02239',0,0,27,57,0,'FF',9,1.00,'',0,0,0,'',4,'','Cur:','','',2,10),(262,'e3fca6ab743912305dc0ea5c59508012',0,0,27,57,0,'FF',9,1.00,'',0,0,0,'',1,'','Avg:','','',2,11),(263,'7490bc790de900b11faa17df41a08420',0,0,27,57,0,'FF',9,1.00,'',0,0,0,'',3,'','Max:','','on',2,13),(264,'2b5d497ecf6d2d0f4ca5edbe1729c031',0,0,27,54,353,'FF',4,1.00,'',0,0,0,'',1,'','Redirect:','','',2,14),(265,'5c204cf91b9cd5c9d7311c42ffbe620b',0,0,27,54,0,'FF',9,1.00,'',0,0,0,'',4,'','Cur:','','',2,15),(266,'ec0bc049a662c26ac028ae800ba756cb',0,0,27,54,0,'FF',9,1.00,'',0,0,0,'',1,'','Avg:','','',2,16),(267,'622fa49e702161cd45b74a4fcba9bfe5',0,0,27,54,0,'FF',9,1.00,'',0,0,0,'',3,'','Max:','','on',2,17),(268,'6aef9ddbac86a8d19be50dabdd8724da',0,0,28,58,405,'FF',7,1.00,'',0,0,0,'',1,'','Bytes:','','',2,1),(269,'d12e123a12003a100705507198109d83',0,0,28,58,0,'FF',9,1.00,'',0,0,0,'',4,'','Cur:','','',2,2),(270,'e9c1f169a5c6c07968766dca84ef11f9',0,0,28,58,0,'FF',9,1.00,'',0,0,0,'',1,'','Avg:','','',2,3),(271,'bd70cc4253c94a3f02fcaf2c90c42999',0,0,28,58,0,'FF',9,1.00,'',0,0,0,'',3,'','Max:','','on',2,4),(272,'babac9758665f7d6a8ba605266f9754b',0,0,29,59,357,'FF',7,1.00,'',0,0,0,'',1,'','Speed:','','',2,1),(273,'709ca443cd11088d1b986c4d2ef6357d',0,0,29,59,0,'FF',9,1.00,'',0,0,0,'',4,'','Cur:','','',2,2),(274,'cee4c525b099d936e3fb988921f27b5f',0,0,29,59,0,'FF',9,1.00,'',0,0,0,'',1,'','Avg:','','',2,3),(275,'d1f68670716f08b8057560d51fabf422',0,0,29,59,0,'FF',9,1.00,'',0,0,0,'',3,'','Max:','','on',2,4),(276,'dcb057c00ed0ea907246aa77a489e25c',0,0,30,60,229,'FF',7,1.00,'',0,0,0,'',1,'','Status:','','',2,1),(277,'f21839d327c9fab7dc6ad25b72dd7029',0,0,30,60,0,'FF',9,1.00,'',0,0,0,'',4,'','Cur:','','',3,2),(278,'975120273737bbebe78b70294fcb11f2',0,0,30,60,0,'FF',9,1.00,'',0,0,0,'',1,'','Avg:','','',3,3),(279,'aae174e66dfb195c115bacc2842a9aa0',0,0,30,60,0,'FF',9,1.00,'',0,0,0,'',3,'','Max:','','on',3,4),(280,'aa4e939e1bd355d7f686feea56d6406d',0,0,31,61,222,'FF',7,1.00,'',0,0,0,'',1,'','Graphs','','',2,1),(281,'153aa66af867a7986145e91a0e164776',0,0,31,61,0,'FF',9,1.00,'',0,0,0,'',4,'','Cur:','','',3,2),(282,'b950a0d6cf65ac9bd9388055fa2fedb1',0,0,31,61,0,'FF',9,1.00,'',0,0,0,'',1,'','Avg:','','',3,3),(283,'3080b6bd91d9c228b5be03fb7223ac9e',0,0,31,61,0,'FF',9,1.00,'',0,0,0,'',3,'','Max:','','on',3,4),(284,'b1ea5328178fc466a83d638d9259f06a',0,0,31,61,212,'FF',4,1.00,'',0,0,0,'',3,'','Peak','','on',2,5),(285,'af1d8f26973de2814c68761d2b1a618e',0,0,32,62,348,'FF',7,1.00,'',0,0,0,'',1,'','Duration','','',2,1),(286,'3bccd2a4912b4fda027239309ecbee64',0,0,32,62,0,'FF',9,1.00,'',0,0,0,'',4,'','Cur:','','',2,3),(287,'04ec92cd1ae1cb08a5f84b88368307a0',0,0,32,62,0,'FF',9,1.00,'',0,0,0,'',1,'','Avg:','','',2,4),(288,'0dc578df23a328a457e395b619d28219',0,0,32,62,0,'FF',9,1.00,'',0,0,0,'',3,'','Max:','','on',2,5),(289,'a59cf0171d15adf152b57663ca235918',0,0,32,62,334,'FF',4,1.00,'',0,0,0,'',3,'','Peak','','on',2,6),(290,'098b10c13a5701ddb7d4d1d2e2b0fdb7',0,0,33,63,9,'FF',7,0.00,'',0,0,0,'',1,'','CPU Usage','','',2,1),(291,'1dbda412a9926b0ee5c025aa08f3b230',0,0,33,63,0,'FF',9,0.00,'',0,0,0,'',4,'','Current:','','',3,2),(292,'725c45917146807b6a4257fc351f2bae',0,0,33,63,0,'FF',9,0.00,'',0,0,0,'',1,'','Average:','','',3,3),(293,'4e336fdfeb84ce65f81ded0e0159a5e0',0,0,33,63,0,'FF',9,0.00,'',0,0,0,'',3,'','Maximum:','','on',3,4),(294,'55f63b2553858e79aa716715955dba88',0,0,34,64,357,'FF',7,1.00,'',0,0,0,'',1,'','Time:','','',2,1),(295,'bade2e0fd8ce4c2a2a12714738ac3248',0,0,34,64,0,'FF',9,1.00,'',0,0,0,'',4,'','Cur:','','',2,2),(296,'3ea9e524e4f105a35cab3f9875a32921',0,0,34,64,0,'FF',9,1.00,'',0,0,0,'',1,'','Avg:','','',2,3),(297,'e3b50899210cefa545a5aedfe912b320',0,0,34,64,0,'FF',9,1.00,'',0,0,0,'',3,'','Max:','','on',2,4),(298,'0c16125e5f2c1a5a528a56fc2bfd639c',0,0,35,65,145,'FF',7,1.00,'',0,17,0,'',1,'','Uptime:','','',2,1),(299,'4b79bda8d293a60ca458dcf433517d26',0,0,35,65,0,'FF',9,1.00,'',0,17,0,'',4,'','Cur:','','',2,2),(300,'9a4303a20c1eef5009e87c58c8b95dd8',0,0,35,65,0,'FF',9,1.00,'',0,17,0,'',1,'','Avg:','','',2,3),(301,'e9559cbc8fbe84e648e0f39f35e3e8c5',0,0,35,65,0,'FF',9,1.00,'',0,17,0,'',3,'','Max:','','on',2,4),(302,'67b03eadc8e1d948a23326b7c6e225aa',0,0,36,66,22,'FF',4,0.00,'',0,2,0,'',3,'','','','',2,1),(303,'0470b2427dbfadb6b8346e10a71268fa',0,0,36,66,22,'7F',7,0.00,'',0,2,0,'',1,'','Inbound','','',2,2),(304,'84a5fe0db518550266309823f994ce9c',0,0,36,66,0,'FF',9,0.00,'',0,2,0,'',4,'','Current:','','',2,3),(305,'2f222f28084085cd06a1f46e4449c793',0,0,36,66,0,'FF',9,0.00,'',0,2,0,'',1,'','Average:','','',2,4),(306,'55acbcc33f46ee6d754e8e81d1b54808',0,0,36,66,0,'FF',9,0.00,'',0,2,0,'',3,'','Maximum:','','on',2,5),(307,'d71b8ba294f057e0f135cc4c644e6b0d',0,0,36,67,20,'FF',4,0.00,'',0,2,0,'',3,'','','','',2,6),(308,'fdaf2321fc890e355711c2bffc07d036',0,0,36,67,20,'7F',7,0.00,'',0,2,0,'',1,'','Outbound','','',2,7),(309,'768318f42819217ed81196d2179d3e1b',0,0,36,67,0,'FF',9,0.00,'',0,2,0,'',4,'','Current:','','',2,8),(310,'cb3aa6256dcb3acd50d4517b77a1a5c3',0,0,36,67,0,'FF',9,0.00,'',0,2,0,'',1,'','Average:','','',2,9),(311,'671e989be7cbf12c623b4e79d91c7bed',0,0,36,67,0,'FF',9,0.00,'',0,2,0,'',3,'','Maximum:','','on',2,10),(312,'7e04a041721df1f8828381a9ea2f2154',0,0,37,69,31,'FF',4,0.00,'',0,0,0,'',1,'','Discards In','','',2,1),(313,'afc8bca6b1b3030a6d71818272336c6c',0,0,37,69,0,'FF',9,0.00,'',0,0,0,'',4,'','Current:','','',2,2),(314,'6ac169785f5aeaf1cc5cdfd38dfcfb6c',0,0,37,69,0,'FF',9,0.00,'',0,0,0,'',1,'','Average:','','',2,3),(315,'178c0a0ce001d36a663ff6f213c07505',0,0,37,69,0,'FF',9,0.00,'',0,0,0,'',3,'','Maximum:','','on',2,4),(316,'8e3268c0abde7550616bff719f10ee2f',0,0,37,68,48,'FF',4,0.00,'',0,0,0,'',1,'','Errors In','','',2,5),(317,'18891392b149de63b62c4258a68d75f8',0,0,37,68,0,'FF',9,0.00,'',0,0,0,'',4,'','Current:','','',2,6),(318,'dfc9d23de0182c9967ae3dabdfa55a16',0,0,37,68,0,'FF',9,0.00,'',0,0,0,'',1,'','Average:','','',2,7),(319,'c47ba64e2e5ea8bf84aceec644513176',0,0,37,68,0,'FF',9,0.00,'',0,0,0,'',3,'','Maximum:','','on',2,8),(320,'617d10dff9bbc3edd9d733d9c254da76',0,0,37,70,18,'FF',4,0.00,'',0,0,0,'',1,'','Discards Out','','',2,9),(321,'9269a66502c34d00ac3c8b1fcc329ac6',0,0,37,70,0,'FF',9,0.00,'',0,0,0,'',4,'','Current:','','',2,10),(322,'d45deed7e1ad8350f3b46b537ae0a933',0,0,37,70,0,'FF',9,0.00,'',0,0,0,'',1,'','Average:','','',2,11),(323,'2f64cf47dc156e8c800ae03c3b893e3c',0,0,37,70,0,'FF',9,0.00,'',0,0,0,'',3,'','Maximum:','','on',2,12),(324,'57434bef8cb21283c1a73f055b0ada19',0,0,37,71,89,'FF',4,0.00,'',0,0,0,'',1,'','Errors Out','','',2,13),(325,'660a1b9365ccbba356fd142faaec9f04',0,0,37,71,0,'FF',9,0.00,'',0,0,0,'',4,'','Current:','','',2,14),(326,'28c5297bdaedcca29acf245ef4bbed9e',0,0,37,71,0,'FF',9,0.00,'',0,0,0,'',1,'','Average:','','',2,15),(327,'99098604fd0c78fd7dabac8f40f1fb29',0,0,37,71,0,'FF',9,0.00,'',0,0,0,'',3,'','Maximum:','','on',2,16),(328,'d4e5f253f01c3ea77182c5a46418fc44',0,0,38,72,25,'7F',7,0.00,'',0,0,0,'',1,'','Unicast Packets In','','',2,1),(329,'526a96add143da021c5f00d8764a6c12',0,0,38,72,0,'FF',9,0.00,'',0,0,0,'',4,'','Current:','','',2,2),(330,'81eeb46f451212f00fd7caee42a81c0b',0,0,38,72,0,'FF',9,0.00,'',0,0,0,'',1,'','Average:','','',2,3),(331,'089e4d1c3faeb00fd5dcc9622b06d656',0,0,38,72,0,'FF',9,0.00,'',0,0,0,'',3,'','Maximum:','','on',2,4),(332,'9d052e7d632c479737fbfaced0821f79',0,0,38,73,71,'7F',7,0.00,'',0,0,0,'',1,'','Unicast Packets Out','','',2,5),(333,'9b9fa6268571b6a04fa4411d8e08c730',0,0,38,73,0,'FF',9,0.00,'',0,0,0,'',4,'','Current:','','',2,6),(334,'8e8f2fbeb624029cbda1d2a6ddd991ba',0,0,38,73,0,'FF',9,0.00,'',0,0,0,'',1,'','Average:','','',2,7),(335,'c76495beb1ed01f0799838eb8a893124',0,0,38,73,0,'FF',9,0.00,'',0,0,0,'',3,'','Maximum:','','on',2,8),(336,'042d90f1a390c15509ae208bd97aa885',0,0,38,72,25,'FF',4,1.00,'',0,0,0,'',3,'','','','',2,9),(337,'3641f6b8e83ea26e73d41ceccf38b131',0,0,38,73,71,'FF',4,1.00,'',0,0,0,'',3,'','','','',2,10),(338,'fe66cb973966d22250de073405664200',0,0,39,75,25,'7F',7,0.00,'',0,0,0,'',1,'','Non-Unicast Packets In','','',2,1),(339,'1ba3fc3466ad32fdd2669cac6cad6faa',0,0,39,75,0,'FF',9,0.00,'',0,0,0,'',4,'','Current:','','',2,2),(340,'f810154d3a934c723c21659e66199cdf',0,0,39,75,0,'FF',9,0.00,'',0,0,0,'',1,'','Average:','','',2,3),(341,'98a161df359b01304346657ff1a9d787',0,0,39,75,0,'FF',9,0.00,'',0,0,0,'',3,'','Maximum:','','on',2,4),(342,'d5e55eaf617ad1f0516f6343b3f07c5e',0,0,39,74,71,'7F',7,0.00,'',0,0,0,'',1,'','Non-Unicast Packets Out','','',2,5),(343,'9fde6b8c84089b9f9044e681162e7567',0,0,39,74,0,'FF',9,0.00,'',0,0,0,'',4,'','Current:','','',2,6),(344,'9a3510727c3d9fa7e2e7a015783a99b3',0,0,39,74,0,'FF',9,0.00,'',0,0,0,'',1,'','Average:','','',2,7),(345,'451afd23f2cb59ab9b975fd6e2735815',0,0,39,74,0,'FF',9,0.00,'',0,0,0,'',3,'','Maximum:','','on',2,8),(346,'c72c76b0c6d9066a4feea17ca032b3cd',0,0,39,75,25,'FF',4,1.00,'',0,0,0,'',3,'','','','',2,9),(347,'b276e28b10447b11ee289f78e0c1ed82',0,0,40,66,22,'FF',4,0.00,'',0,0,0,'',3,'','','','',2,1),(348,'de3eefd6d6c58afabdabcaf6c0168378',0,0,40,66,22,'7F',7,0.00,'',0,0,0,'',1,'','Inbound','','',2,2),(349,'1a80fa108f5c46eecb03090c65bc9a12',0,0,40,66,0,'FF',9,0.00,'',0,0,0,'',4,'','Current:','','',2,3),(350,'fe458892e7faa9d232e343d911e845f3',0,0,40,66,0,'FF',9,0.00,'',0,0,0,'',1,'','Average:','','',2,4),(351,'175c0a68689bebc38aad2fbc271047b3',0,0,40,66,0,'FF',9,0.00,'',0,0,0,'',3,'','Maximum:','','on',2,5),(352,'f9da7d4c2da9636f2f3e37f4781954db',0,0,40,67,20,'FF',4,0.00,'',0,0,0,'',3,'','','','',2,6),(353,'1bf2283106510491ddf3b9c1376c0b31',0,0,40,67,20,'7F',4,0.00,'',0,0,0,'',1,'','Outbound','','',2,7),(354,'c5202f1690ffe45600c0d31a4a804f67',0,0,40,67,0,'FF',9,0.00,'',0,0,0,'',4,'','Current:','','',2,8),(355,'eb9794e3fdafc2b74f0819269569ed40',0,0,40,67,0,'FF',9,0.00,'',0,0,0,'',1,'','Average:','','',2,9),(356,'6bcedd61e3ccf7518ca431940c93c439',0,0,40,67,0,'FF',9,0.00,'',0,0,0,'',3,'','Maximum:','','on',2,10),(357,'11d87688979b97cf026809f75cef30be',0,0,41,66,22,'FF',4,1.00,'',0,2,0,'',3,'','','','',2,1),(358,'918e6e7d41bb4bae0ea2937b461742a4',0,0,41,66,22,'7F',7,0.00,'',0,2,0,'',1,'','Inbound','','',2,2),(359,'f19fbd06c989ea85acd6b4f926e4a456',0,0,41,66,0,'FF',9,0.00,'',0,2,0,'',4,'','Current:','','',2,3),(360,'fc150a15e20c57e11e8d05feca557ef9',0,0,41,66,0,'FF',9,0.00,'',0,2,0,'',1,'','Average:','','',2,4),(361,'ccbd86e03ccf07483b4d29e63612fb18',0,0,41,66,0,'FF',9,0.00,'',0,2,0,'',3,'','Maximum:','','on',2,5),(362,'75796e3f885739c2d7229fd25babf30d',0,0,41,67,20,'FF',4,1.00,'',0,2,0,'',3,'','','','',2,6),(363,'964c5c30cd05eaf5a49c0377d173de86',0,0,41,67,20,'7F',7,0.00,'',0,2,0,'',1,'','Outbound','','',2,7),(364,'b1a6fb775cf62e79e1c4bc4933c7e4ce',0,0,41,67,0,'FF',9,0.00,'',0,2,0,'',4,'','Current:','','',2,8),(365,'721038182a872ab266b5cf1bf7f7755c',0,0,41,67,0,'FF',9,0.00,'',0,2,0,'',1,'','Average:','','',2,9),(366,'2302f80c2c70b897d12182a1fc11ecd6',0,0,41,67,0,'FF',9,0.00,'',0,2,0,'',3,'','Maximum:','','on',2,10),(367,'4ffc7af8533d103748316752b70f8e3c',0,0,41,0,0,'FF',1,0.00,'',0,0,0,'',1,'','','','on',2,11),(368,'64527c4b6eeeaf627acc5117ff2180fd',0,0,41,67,9,'FF',2,0.00,'',0,0,0,'',1,'','95th Percentile','|95:bits:0:max:2|','',2,12),(369,'d5bbcbdbf83ae858862611ac6de8fc62',0,0,41,67,0,'FF',1,0.00,'',0,0,0,'',1,'','(|95:bits:6:max:2| mbit in+out)','','',2,13),(370,'9ee6db2f910144bc95760876d0a16a62',0,0,42,66,22,'FF',4,1.00,'',0,2,0,'',3,'','','','',2,1),(371,'1995d8c23e7d8e1efa2b2c55daf3c5a7',0,0,42,66,22,'7F',7,0.00,'',0,2,0,'',1,'','Inbound','','',2,2),(372,'55083351cd728b82cc4dde68eb935700',0,0,42,66,0,'FF',9,0.00,'',0,2,0,'',4,'','Current:','','',2,3),(373,'54782f71929e7d1734ed5ad4b8dda50d',0,0,42,66,0,'FF',9,0.00,'',0,2,0,'',1,'','Average:','','',2,4),(374,'88d3094d5dc2164cbf2f974aeb92f051',0,0,42,66,0,'FF',9,0.00,'',0,2,0,'',3,'','Maximum:','','',2,5),(375,'5b43e4102600ad75379c5afd235099c4',0,0,42,66,0,'FF',1,0.00,'',0,0,0,'',1,'','Total In:  |sum:auto:current:2:auto|','','on',2,6),(376,'c4886a8552ee60c6559de8ab16c2dcf2',0,0,42,67,20,'FF',4,1.00,'',0,2,0,'',3,'','','','',2,7),(377,'4a381a8e87d4db1ac99cf8d9078266d3',0,0,42,67,20,'7F',7,0.00,'',0,2,0,'',1,'','Outbound','','',2,8),(378,'5bff63207c7bf076d76ff3036b5dad54',0,0,42,67,0,'FF',9,0.00,'',0,2,0,'',4,'','Current:','','',2,9),(379,'979fff9d691ca35e3f4b3383d9cae43f',0,0,42,67,0,'FF',9,0.00,'',0,2,0,'',1,'','Average:','','',2,10),(380,'0e715933830112c23c15f7e3463f77b6',0,0,42,67,0,'FF',9,0.00,'',0,2,0,'',3,'','Maximum:','','',2,11),(381,'db7c15d253ca666601b3296f2574edc9',0,0,42,67,0,'FF',1,0.00,'',0,0,0,'',1,'','Total Out: |sum:auto:current:2:auto|','','on',2,12),(382,'3baa47b136f8c36ccea69196b0285a6c',0,0,43,66,22,'FF',4,1.00,'',0,0,0,'',3,'','','','',2,1),(383,'3ff8dba1ca6279692b3fcabed0bc2631',0,0,43,66,22,'7F',7,0.00,'',0,0,0,'',1,'','Inbound','','',2,2),(384,'66bfdb701c8eeadffe55e926d6e77e71',0,0,43,66,0,'FF',9,0.00,'',0,0,0,'',4,'','Current:','','',2,3),(385,'777aa88fb0a79b60d081e0e3759f1cf7',0,0,43,66,0,'FF',9,0.00,'',0,0,0,'',1,'','Average:','','',2,4),(386,'de265acbbfa99eb4b3e9f7e90c7feeda',0,0,43,66,0,'FF',9,0.00,'',0,0,0,'',3,'','Maximum:','','',2,5),(387,'76ae747365553a02313a2d8a0dd55c8a',0,0,43,66,0,'FF',1,0.00,'',0,0,0,'',1,'','Total In:  |sum:auto:current:2:auto|','','on',2,6),(388,'43a2cef12147952c703fc0fc473dec7a',0,0,43,67,20,'FF',4,1.00,'',0,0,0,'',3,'','','','',2,7),(389,'cf8c9f69878f0f595d583eac109a9be1',0,0,43,67,20,'7F',7,0.00,'',0,0,0,'',1,'','Outbound','','',2,8),(390,'54e3971b3dd751dd2509f62721c12b41',0,0,43,67,0,'FF',9,0.00,'',0,0,0,'',4,'','Current:','','',2,9),(391,'6824d29c3f13fe1e849f1dbb8377d3f1',0,0,43,67,0,'FF',9,0.00,'',0,0,0,'',1,'','Average:','','',2,10),(392,'fdaec5b9227522c758ad55882c483a83',0,0,43,67,0,'FF',9,0.00,'',0,0,0,'',3,'','Maximum:','','',2,11),(393,'d6041d14f9c8fb9b7ddcf3556f763c03',0,0,43,67,0,'FF',1,0.00,'',0,0,0,'',1,'','Total Out: |sum:auto:current:2:auto|','','on',2,12),(394,'34a594c6b419427329b10f73f40e85f7',0,0,44,72,25,'7F',7,0.00,'',0,0,0,'',1,'','Multicast Packets In','','',2,1),(395,'1540d561f6ab4b55ac810661fb0c93ee',0,0,44,72,0,'FF',9,0.00,'',0,0,0,'',4,'','Current:','','',2,2),(396,'e9e41de3845454688f838662e4c34aa7',0,0,44,72,0,'FF',9,0.00,'',0,0,0,'',1,'','Average:','','',2,3),(397,'350ebb1cd31fb46d9997bc21a00d36b1',0,0,44,72,0,'FF',9,0.00,'',0,0,0,'',3,'','Maximum:','','on',2,4),(398,'16f958e2b047113d38c7550c76ef04c8',0,0,44,73,71,'7F',7,0.00,'',0,0,0,'',1,'','Multicast Packets Out','','',2,5),(399,'a393430c1db0d9da48dca3098022cf50',0,0,44,73,0,'FF',9,0.00,'',0,0,0,'',4,'','Current:','','',2,6),(400,'3f73834149d86814a4dbbfa4052fdb14',0,0,44,73,0,'FF',9,0.00,'',0,0,0,'',1,'','Average:','','',2,7),(401,'07164e2d5ebe685b622a97250dab9cc2',0,0,44,73,0,'FF',9,0.00,'',0,0,0,'',3,'','Maximum:','','on',2,8),(402,'2a19f1c71b1ff8edea69af3f1825cec0',0,0,44,72,25,'FF',4,1.00,'',0,0,0,'',3,'','','','',2,9),(403,'e9625f33db3635e39e206334da9f99ef',0,0,44,73,71,'FF',4,1.00,'',0,0,0,'',3,'','','','',2,10),(404,'ea54bfaa4bad2b6862165840418f5fd4',0,0,45,75,25,'7F',7,0.00,'',0,0,0,'',1,'','Broadcast Packets In','','',2,1),(405,'a2508ab1f57dff7b143433ab81ff7a3e',0,0,45,75,0,'FF',9,0.00,'',0,0,0,'',4,'','Current:','','',2,2),(406,'cab434df67b94a93728ab794b1d0f6fb',0,0,45,75,0,'FF',9,0.00,'',0,0,0,'',1,'','Average:','','',2,3),(407,'29d51e734ad14bcdb3a9b7a640f2c4a3',0,0,45,75,0,'FF',9,0.00,'',0,0,0,'',3,'','Maximum:','','on',2,4),(408,'725d97e3666c2417241ca7bb67a8c902',0,0,45,74,71,'7F',7,0.00,'',0,0,0,'',1,'','Broadcast Packets Out','','',2,5),(409,'b01f45a155e10f49d640d13b50aa61a5',0,0,45,74,0,'FF',9,0.00,'',0,0,0,'',4,'','Current:','','',2,6),(410,'eb37825efbb281484cdb1e896764b73a',0,0,45,74,0,'FF',9,0.00,'',0,0,0,'',1,'','Average:','','',2,7),(411,'b18b67ef2779d5ff43843cac220d9bb9',0,0,45,74,0,'FF',9,0.00,'',0,0,0,'',3,'','Maximum:','','on',2,8),(412,'56ea543140aa516299ba202b313fc822',0,0,45,75,25,'FF',4,1.00,'',0,0,0,'',3,'','','','',2,9),(413,'ce17bd1ed1efaa2f7eb2b1fef7354d8d',0,0,45,74,71,'FF',4,1.00,'',0,0,0,'',3,'','','','',2,10),(414,'8b693a3303345abdc5ad9798895bc6c4',0,0,46,76,25,'FF',4,1.00,'',0,0,0,'',3,'','','','',2,1),(415,'80e0aa956f50c261e5143273da58b8a3',0,0,46,76,25,'7F',7,0.00,'',0,0,0,'',1,'','','','',2,2),(416,'48fdcae893a7b7496e1a61efc3453599',0,0,46,76,0,'FF',9,0.00,'',0,0,0,'',4,'','Current:','','',2,3),(417,'22f43e5fa20f2716666ba9ed9a7d1727',0,0,46,76,0,'FF',9,0.00,'',0,0,0,'',1,'','Average:','','',2,4),(418,'3e86d497bcded7af7ab8408e4908e0d8',0,0,46,76,0,'FF',9,0.00,'',0,0,0,'',3,'','Maximum:','','on',2,5),(419,'41316670b1a36171de2bda91a0cc2364',0,0,47,77,98,'FF',7,0.00,'',0,0,0,'',1,'','','','',2,1),(420,'c9e8cbdca0215b434c902e68755903ea',0,0,47,77,0,'FF',9,0.00,'',0,0,0,'',4,'','Current:','','',2,2),(421,'dab91d7093e720841393feea5bdcba85',0,0,47,77,0,'FF',9,0.00,'',0,0,0,'',1,'','Average:','','',2,3),(422,'03e5bd2151fea3c90843eb1130b84458',0,0,47,77,0,'FF',9,0.00,'',0,0,0,'',3,'','Maximum:','','on',2,4),(423,'ba00ecd28b9774348322ff70a96f2826',0,0,48,78,48,'7F',7,0.00,'',0,0,0,'',1,'','Running Processes<>','','',2,1),(424,'304244ca63d5b09e62a94c8ec6fbda8d',0,0,48,78,0,'FF',9,0.00,'',0,0,0,'',1,'','Average:','','',3,3),(425,'da1ba71a93d2ed4a2a00d54592b14157',0,0,48,78,0,'FF',9,0.00,'',0,0,0,'',3,'','Maximum:','','on',3,4),(426,'5b4f05b04f704a24c663998293fa8848',0,0,48,78,48,'FF',4,1.00,'',0,0,0,'',3,'','','','',2,5),(427,'93ad2f2803b5edace85d86896620b9da',0,0,49,79,15,'7F',7,0.00,'',0,0,0,'',1,'','1 Minute Average','','',2,1),(428,'fa1570f2b111da3555e165c7873a376b',0,0,49,79,0,'FF',9,1.00,'',0,0,0,'',4,'','Current:','','',4,2),(429,'16675723e5e9885489c2ccbbcee82ef0',0,0,49,79,0,'FF',9,1.00,'',0,0,0,'',1,'','Average:','','',4,3),(430,'31aab74f1dc7d1bf540da8cc19203944',0,0,49,79,0,'FF',9,1.00,'',0,0,0,'',3,'','Maximum:','','on',4,4),(431,'bbdfa13adc00398eed132b1ccb4337d2',0,0,49,80,8,'7F',8,0.00,'',0,0,0,'',1,'','5 Minute Average','','',2,5),(432,'0f5158874901e0ecfba9b4dc9a4f3afd',0,0,49,80,0,'FF',9,1.00,'',0,0,0,'',4,'','Current:','','',4,6),(433,'e8425ef97ba1b5d98a84bda5ea42c0e8',0,0,49,80,0,'FF',9,1.00,'',0,0,0,'',1,'','Average:','','',4,7),(434,'760f184ddf2c4f10d26f1b1eec68f579',0,0,49,80,0,'FF',9,1.00,'',0,0,0,'',3,'','Maximum:','','on',4,8),(435,'9cf6ed48a6a54b9644a1de8c9929bd4e',0,0,49,81,9,'7F',8,0.00,'',0,0,0,'',1,'','15 Minute Average','','',2,9),(436,'0dd3ea1600ef0749b7895f349de650a0',0,0,49,81,0,'FF',9,1.00,'',0,0,0,'',4,'','Current:','','',4,10),(437,'15ac9644211ac78240154a0eb3cd8b29',0,0,49,81,0,'FF',9,1.00,'',0,0,0,'',1,'','Average:','','',4,11),(438,'c45aeff75d805220a7798f46324381f6',0,0,49,81,0,'FF',9,1.00,'',0,0,0,'',3,'','Maximum:','','on',4,12),(439,'fa1bc4eff128c4da70f5247d55b8a444',0,0,49,0,1,'FF',4,0.00,'',0,12,0,'',1,'','','','on',2,13),(440,'cf0848f7482b56ea746453f90881d05e',0,0,49,79,15,'FF',4,1.00,'',0,0,0,'',3,'','','','',2,14),(441,'ebb3b6d41faaf7338fd640b8ff720cb3',0,0,49,80,8,'FF',20,1.00,'',0,0,0,'',3,'','','','',2,15),(442,'f995fe7d096e2ef4b33608328ebc0843',0,0,49,81,9,'FF',20,1.00,'',0,0,0,'',3,'','','','',2,16),(443,'5c94ac24bc0d6d2712cc028fa7d4c7d2',0,0,50,82,67,'7F',7,0.00,'',0,0,0,'',1,'','Users','','',2,1),(444,'8bc7f905526f62df7d5c2d8c27c143c1',0,0,50,82,0,'FF',9,0.00,'',0,0,0,'',4,'','Current:','','',3,2),(445,'cd074cd2b920aab70d480c020276d45b',0,0,50,82,0,'FF',9,0.00,'',0,0,0,'',1,'','Average:','','',3,3),(446,'415630f25f5384ba0c82adbdb05fe98b',0,0,50,82,0,'FF',9,0.00,'',0,0,0,'',3,'','Maximum:','','on',3,4),(447,'c55914240f7e1d4f881ea598d4de9196',0,0,50,82,67,'FF',4,1.00,'',0,0,0,'',3,'','','','',2,5),(448,'5fa7c2317f19440b757ab2ea1cae6abc',0,0,51,83,41,'FF',7,0.00,'',0,14,0,'',1,'','Free','','',2,9),(449,'b1d18060bfd3f68e812c508ff4ac94ed',0,0,51,83,0,'FF',9,0.00,'',0,14,0,'',4,'','Current:','','',2,10),(450,'780b6f0850aaf9431d1c246c55143061',0,0,51,83,0,'FF',9,0.00,'',0,14,0,'',1,'','Average:','','',2,11),(451,'2d54a7e7bb45e6c52d97a09e24b7fba7',0,0,51,83,0,'FF',9,0.00,'',0,14,0,'',3,'','Maximum:','','on',2,12),(452,'40206367a3c192b836539f49801a0b15',0,0,51,84,30,'FF',8,0.00,'',0,14,0,'',1,'','Swap','','',2,13),(453,'7ee72e2bb3722d4f8a7f9c564e0dd0d0',0,0,51,84,0,'FF',9,0.00,'',0,14,0,'',4,'','Current:','','',2,14),(454,'c8af33b949e8f47133ee25e63c91d4d0',0,0,51,84,0,'FF',9,0.00,'',0,14,0,'',1,'','Average:','','',2,15),(455,'568128a16723d1195ce6a234d353ce00',0,0,51,84,0,'FF',9,0.00,'',0,14,0,'',3,'','Maximum:','','on',2,16),(456,'6ca2161c37b0118786dbdb46ad767e5d',0,0,52,86,48,'7F',7,0.00,'',0,14,0,'',1,'','Used','','',2,1),(457,'8ef3e7fb7ce962183f489725939ea40f',0,0,52,86,0,'FF',9,0.00,'',0,14,0,'',4,'','Current:','','',2,2),(458,'3b13eb2e542fe006c9bf86947a6854fa',0,0,52,86,0,'FF',9,0.00,'',0,14,0,'',1,'','Average:','','',2,3),(459,'a751838f87068e073b95be9555c57bde',0,0,52,86,0,'FF',9,0.00,'',0,14,0,'',3,'','Maximum:','','on',2,4),(460,'5d6dff9c14c71dc1ebf83e87f1c25695',0,0,52,85,20,'7F',8,0.00,'',0,14,0,'',1,'','Available','','',2,5),(461,'b27cb9a158187d29d17abddc6fdf0f15',0,0,52,85,0,'FF',9,0.00,'',0,14,0,'',4,'','Current:','','',2,6),(462,'6c0555013bb9b964e51d22f108dae9b0',0,0,52,85,0,'FF',9,0.00,'',0,14,0,'',1,'','Average:','','',2,7),(463,'42ce58ec17ef5199145fbf9c6ee39869',0,0,52,85,0,'FF',9,0.00,'',0,14,0,'',3,'','Maximum:','','on',2,8),(464,'9bdff98f2394f666deea028cbca685f3',0,0,52,0,1,'FF',5,0.00,'',0,15,0,'',1,'','Total','','',2,9),(465,'fb831fefcf602bc31d9d24e8e456c2e6',0,0,52,0,0,'FF',9,0.00,'',0,15,0,'',4,'','Current:','','',2,10),(466,'5a958d56785a606c08200ef8dbf8deef',0,0,52,0,0,'FF',9,0.00,'',0,15,0,'',1,'','Average:','','',2,11),(467,'5ce67a658cec37f526dc84ac9e08d6e7',0,0,52,0,0,'FF',9,0.00,'',0,15,0,'',3,'','Maximum:','','on',2,12),(468,'ac0ffc9f0f2cb7f8c6cb9eb8fa73b390',0,0,52,86,48,'FF',4,1.00,'',0,0,0,'',3,'','','','',2,13),(469,'d9fc8b516374885c6c45153803e5b90a',0,0,52,85,20,'FF',20,1.00,'',0,0,0,'',3,'','','','',2,14),(470,'d77d2050be357ab067666a9485426e6b',0,0,53,87,15,'7F',7,0.00,'',0,0,0,'',1,'','1 Minute Average','','',2,1),(471,'664b23027b847964b9cf92e16538ee66',0,0,53,87,0,'FF',9,0.00,'',0,0,0,'',4,'','Current:','','',4,2),(472,'2832fe3cb648e0c7a0905d04c39e7093',0,0,53,87,0,'FF',9,0.00,'',0,0,0,'',1,'','Average:','','',4,3),(473,'12b7126f3ced07574b1e5f8bf3f1b4bc',0,0,53,87,0,'FF',9,0.00,'',0,0,0,'',3,'','Maximum:','','on',4,4),(474,'8580230d31d2851ec667c296a665cbf9',0,0,53,88,8,'7F',8,0.00,'',0,0,0,'',1,'','5 Minute Average','','',2,5),(475,'48099998fd7cddeab6685b6e3bf07b1a',0,0,53,88,0,'FF',9,0.00,'',0,0,0,'',4,'','Current:','','',4,6),(476,'af5b1e90e9ad3e2a5ce0e0cd58bdb76b',0,0,53,88,0,'FF',9,0.00,'',0,0,0,'',1,'','Average:','','',4,7),(477,'28953315320fc3bea62f8a9a094825e3',0,0,53,88,0,'FF',9,0.00,'',0,0,0,'',3,'','Maximum:','','on',4,8),(478,'2ec10edf4bfaa866b7efd544d4c3f446',0,0,53,89,9,'7F',8,0.00,'',0,0,0,'',1,'','15 Minute Average','','',2,9),(479,'efc200ea9c770725ffed0f5b75976035',0,0,53,89,0,'FF',9,0.00,'',0,0,0,'',4,'','Current:','','',4,10),(480,'b81c4fba7c56fb91f722b41c806d3fe8',0,0,53,89,0,'FF',9,0.00,'',0,0,0,'',1,'','Average:','','',4,11),(481,'520a2b1fed006bf79bd81c30b7478781',0,0,53,89,0,'FF',9,0.00,'',0,0,0,'',3,'','Maximum:','','on',4,12),(482,'f1e343e458e95676cb4fa98ccfa89be2',0,0,53,87,15,'FF',4,1.00,'',0,0,0,'',3,'','','','',2,13),(483,'401fc06aff694aef1333b2aeaafc598e',0,0,53,88,8,'FF',20,1.00,'',0,0,0,'',3,'','','','',2,14),(484,'96698209a56e2765d6b31c6a15cef66b',0,0,53,89,9,'FF',20,1.00,'',0,0,0,'',3,'','','','',2,15),(485,'5dcf25ffb22516593f0989c350e23976',0,0,54,93,142,'7F',7,1.00,'',0,14,0,'',1,'','Memory Total','','',2,1),(486,'4813c1df025417d45dd0fb5062d4f095',0,0,54,93,0,'FF',9,1.00,'',0,14,0,'',4,'','Current:','','',2,2),(487,'749d182a551ada29c6db6992cd791dbd',0,0,54,93,0,'FF',9,1.00,'',0,14,0,'',1,'','Average:','','',2,3),(488,'68beff095c894bf5336982459f8763e3',0,0,54,93,0,'FF',9,1.00,'',0,0,0,'',3,'','Maximum:','','on',2,4),(489,'95d6e4e5110b456f34324f7941d08318',0,0,54,90,35,'7F',7,0.00,'',0,14,0,'',1,'','Memory Buffers','','',2,5),(490,'0c631bfc0785a9cca68489ea87a6c3da',0,0,54,90,0,'FF',9,0.00,'',0,14,0,'',4,'','Current:','','',2,6),(491,'3468579d3b671dfb788696df7dcc1ec9',0,0,54,90,0,'FF',9,0.00,'',0,14,0,'',1,'','Average:','','',2,7),(492,'c3ddfdaa65449f99b7f1a735307f9abe',0,0,54,90,0,'FF',9,0.00,'',0,14,0,'',3,'','Maximum:','','on',2,8),(493,'8a1b44ab97d3b56207d0e9e77a035d25',0,0,54,92,30,'7F',8,0.00,'',0,14,0,'',1,'','Cache Memory','','',2,9),(494,'6db3f439e9764941ff43fbaae348f5dc',0,0,54,92,0,'FF',9,0.00,'',0,14,0,'',4,'','Current:','','',2,10),(495,'cc9b2fe7acf0820caa61c1519193f65e',0,0,54,92,0,'FF',9,0.00,'',0,14,0,'',1,'','Average:','','',2,11),(496,'9eea140bdfeaa40d50c5cdcd1f23f72d',0,0,54,92,0,'FF',9,0.00,'',0,14,0,'',3,'','Maximum:','','on',2,12),(497,'7517a40d478e28ed88ba2b2a65e16b57',0,0,54,91,52,'7F',8,0.00,'',0,14,0,'',1,'','Memory Free','','',2,13),(498,'df0c8b353d26c334cb909dc6243957c5',0,0,54,91,0,'FF',9,0.00,'',0,14,0,'',4,'','Current:','','',2,14),(499,'c41a4cf6fefaf756a24f0a9510580724',0,0,54,91,0,'FF',9,0.00,'',0,14,0,'',1,'','Average:','','',2,15),(500,'9efa8f01c6ed11364a21710ff170f422',0,0,54,91,0,'FF',9,0.00,'',0,14,0,'',3,'','Maximum:','','on',2,16),(501,'2cc00941cd1690789f952f5c9976db1a',0,0,54,93,143,'FF',4,1.00,'',0,14,0,'',3,'','','','',2,17),(502,'479deb05c1b4bc8491ddca5cdb4801a4',0,0,54,90,35,'FF',4,1.00,'',0,14,0,'',3,'','','','',2,18),(503,'876c3723c5dbd6654d13259e5976dfd0',0,0,54,92,30,'FF',20,1.00,'',0,14,0,'',3,'','','','',2,19),(504,'d35384da14f3df0baf3f276a9140661a',0,0,54,91,52,'FF',20,1.00,'',0,14,0,'',3,'','','','',2,20),(505,'38f6891b0db92aa8950b4ce7ae902741',0,0,55,94,67,'7F',7,0.00,'',0,0,0,'',1,'','Users','','',2,1),(506,'af13152956a20aa894ef4a4067b88f63',0,0,55,94,0,'FF',9,0.00,'',0,0,0,'',4,'','Current:','','',3,2),(507,'1b2388bbede4459930c57dc93645284e',0,0,55,94,0,'FF',9,0.00,'',0,0,0,'',1,'','Average:','','',3,3),(508,'6407dc226db1d03be9730f4d6f3eeccf',0,0,55,94,0,'FF',9,0.00,'',0,0,0,'',3,'','Maximum:','','on',3,4),(509,'26b0e9922e1e4c1961b9120e90881985',0,0,55,94,67,'FF',4,1.00,'',0,0,0,'',3,'','','','',2,5),(510,'fca6a530c8f37476b9004a90b42ee988',0,0,56,95,48,'7F',7,0.00,'',0,0,0,'',1,'','Running Processes','','',2,1),(511,'5acebbde3dc65e02f8fda03955852fbe',0,0,56,95,0,'FF',9,0.00,'',0,0,0,'',4,'','Current:','','',3,2),(512,'311079ffffac75efaab2837df8123122',0,0,56,95,0,'FF',9,0.00,'',0,0,0,'',1,'','Average:','','',3,3),(513,'724d27007ebf31016cfa5530fee1b867',0,0,56,95,0,'FF',9,0.00,'',0,0,0,'',3,'','Maximum:','','',3,4),(514,'aa2be4ba323b0ded621b3e34737b26a1',0,0,56,95,48,'FF',4,1.00,'',0,0,0,'',3,'','','','',2,5),(515,'53c9b0999e402a4a7cbeface3ea84479',0,0,57,96,48,'7F',7,0.00,'',0,0,0,'',1,'','System:','','',2,1),(516,'23ce25454b19d116c2665f36276178cd',0,0,57,96,0,'FF',9,0.00,'',0,0,0,'',4,'','Current:','','',5,2),(517,'8f8f596cda649b141e6fb33753328441',0,0,57,96,0,'FF',9,0.00,'',0,0,0,'',1,'','Average:','','',5,3),(518,'f64a0489181fca04c3ab9756d599cd2a',0,0,57,96,0,'FF',9,0.00,'',0,0,0,'',3,'','Maximum:','','on',5,4),(519,'444155b1d39f0414b8f7536d05725f10',0,0,57,97,6,'7F',8,0.00,'',0,0,0,'',1,'','User:','','',2,5),(520,'ff1636dec0cf9582770ebc8d41f8ad92',0,0,57,97,0,'FF',9,0.00,'',0,0,0,'',4,'','Current:','','',5,6),(521,'a9814713bdd7982063ede15294e44353',0,0,57,97,0,'FF',9,0.00,'',0,0,0,'',1,'','Average:','','',5,7),(522,'b74446b41339040c50769c528f140afc',0,0,57,97,0,'FF',9,0.00,'',0,0,0,'',3,'','Maximum:','','on',5,8),(523,'7a8fd8ba66b859e766b4b5f4f634dbce',0,0,57,98,112,'7F',8,0.00,'',0,0,0,'',1,'','Idle:','','',2,9),(524,'073b77aec68c56fb703c95e4999a99a6',0,0,57,98,0,'FF',9,0.00,'',0,0,0,'',4,'','Current:','','',5,10),(525,'3c0f7af8872c51acbf79b71b79f0bad5',0,0,57,98,0,'FF',9,0.00,'',0,0,0,'',1,'','Average:','','',5,11),(526,'ca50f081abe0f8718977f2982f2209f1',0,0,57,98,0,'FF',9,0.00,'',0,0,0,'',3,'','Maximum:','','on',5,12),(527,'709a9acaaab34bc6976eb8499f1828ce',0,0,57,0,69,'7F',8,0.00,'',0,18,0,'',1,'','IO Wait:','','',2,13),(528,'7d4a7f4d52491c0b25dcbbe2222d0f0d',0,0,57,0,0,'FF',9,0.00,'',0,18,0,'',4,'','Current:','','',5,14),(529,'75390a70fc7589c23295d9ed45aa7614',0,0,57,0,0,'FF',9,0.00,'',0,18,0,'',1,'','Average:','','',5,15),(530,'ee981253aa7b49d9761a80ec0ad1541a',0,0,57,0,0,'FF',9,0.00,'',0,18,0,'',3,'','Maximum:','','on',5,16),(531,'857bb546882bc5049e673c4188cdda8b',0,0,58,99,46,'FF',4,0.00,'',0,0,0,'',3,'','','','',2,1),(532,'e7261d3093976dbe63de4937296a9a96',0,0,58,99,46,'7F',7,0.00,'',0,0,0,'',1,'','Interrupts:','','',2,2),(533,'959854c407cfa371240c0744d44618a6',0,0,58,99,0,'FF',9,0.00,'',0,0,0,'',4,'','Current:','','',3,3),(534,'1fbdf8aef7acfbc90ba7d24b6644e432',0,0,58,99,0,'FF',9,0.00,'',0,0,0,'',1,'','Average:','','',3,4),(535,'2df153e12b5db6ae3dea51df70f73651',0,0,58,99,0,'FF',9,0.00,'',0,0,0,'',3,'','Maximum:','','on',3,5),(536,'0b502e0b5d0228d17d3c30f5a04c7083',0,0,59,100,65,'FF',4,0.00,'',0,0,0,'',3,'','','','',2,1),(537,'64c92d07fe3877e99dcc3b570ee90966',0,0,59,100,65,'7F',7,0.00,'',0,0,0,'',1,'','Context Switches:','','',2,2),(538,'72c6b8ab332e09e2894f18bcf5ba92fe',0,0,59,100,0,'FF',9,0.00,'',0,0,0,'',4,'','Current:','','',3,3),(539,'37f9956018cb4615de77aec4695fbb0c',0,0,59,100,0,'FF',9,0.00,'',0,0,0,'',1,'','Average:','','',3,4),(540,'1d7fe63be7b044229b79b6203298e506',0,0,59,100,0,'FF',9,0.00,'',0,0,0,'',3,'','Maximum:','','on',3,5),(541,'c6034b9950f1eedb9623215773ac4c0e',0,0,60,101,67,'7F',7,0.00,'',0,19,0,'',1,'','Reads:','','',2,1),(542,'fc50e9a07b1662f659e87807228fcd50',0,0,60,101,0,'FF',9,0.00,'',0,19,0,'',4,'','Current:','','',3,2),(543,'fe48830387c7065ec8411d7509d4d387',0,0,60,101,0,'FF',9,0.00,'',0,19,0,'',1,'','Average:','','',3,3),(544,'f003813991610aa5f6889a2e5a526cca',0,0,60,101,0,'FF',9,0.00,'',0,19,0,'',3,'','Maximum:','','on',3,4),(545,'822b07e6f130a6ea9c4e56b745d456bb',0,0,60,102,41,'7F',8,0.00,'',0,19,0,'',1,'','Writes:','','',2,5),(546,'9cca58312cb9a95693e7e2a2d36de347',0,0,60,102,0,'FF',9,0.00,'',0,19,0,'',4,'','Current:','','',3,6),(547,'b51a340cee28a09462ff313592a69a72',0,0,60,102,0,'FF',9,0.00,'',0,19,0,'',1,'','Average:','','',3,7),(548,'818864becb9866cf3a2121c5d4478d80',0,0,60,102,0,'FF',9,0.00,'',0,19,0,'',3,'','Maximum:','','on',3,8),(549,'4a1e068ffc8c910ee9c5307d779c2db8',0,0,60,101,67,'FF',4,1.00,'',0,19,0,'',3,'','','','',2,9),(550,'f066a69f356fc13e266d4c7b737f8c0b',0,0,60,102,41,'FF',20,1.00,'',0,19,0,'',3,'','','','',2,10),(551,'46d2518edca9b8c584eb56da6e0d8591',0,0,61,103,60,'7F',7,0.00,'',0,19,0,'',1,'','Bytes Read:','','',2,1),(552,'278e15e34511ac2901776a5b2f57d86a',0,0,61,103,0,'FF',9,0.00,'',0,19,0,'',4,'','Current:','','',2,2),(553,'af0663bb419f274a0ed0136d4bd72367',0,0,61,103,0,'FF',9,0.00,'',0,19,0,'',1,'','Average:','','',2,3),(554,'bf1430f6ead0841deedd0453863d6f12',0,0,61,103,0,'FF',9,0.00,'',0,19,0,'',3,'','Maximum:','','on',2,4),(555,'0d501ca8ba8d40edaaf84251ce59c423',0,0,61,104,31,'7F',8,0.00,'',0,19,0,'',1,'','Bytes Written:','','',2,5),(556,'214d9cdbf3964e6b96b3040a9d346cd1',0,0,61,104,0,'FF',9,0.00,'',0,19,0,'',4,'','Current:','','',2,6),(557,'9cc55857c9a94c366c7530a0c04aebe4',0,0,61,104,0,'FF',9,0.00,'',0,19,0,'',1,'','Average:','','',2,7),(558,'9e0b34da9be24a05c4e35d199158d7a8',0,0,61,104,0,'FF',9,0.00,'',0,19,0,'',3,'','Maximum:','','on',2,8),(559,'aa49ac76638f30cd1e4b873155bdb1c1',0,0,61,103,60,'FF',4,1.00,'',0,19,0,'',3,'','','','',2,9),(560,'684c38d947eb1b9b64d718ab7a3552f3',0,0,61,104,31,'FF',20,1.00,'',0,19,0,'',3,'','','','',2,10),(561,'b561ed15b3ba66d277e6d7c1640b86f7',0,0,62,106,48,'7F',7,0.00,'',0,14,0,'',1,'','Used','','',2,1),(562,'99ef051057fa6adfa6834a7632e9d8a2',0,0,62,106,0,'FF',9,0.00,'',0,14,0,'',4,'','Current:','','',2,2),(563,'3986695132d3f4716872df4c6fbccb65',0,0,62,106,0,'FF',9,0.00,'',0,14,0,'',1,'','Average:','','',2,3),(564,'0444300017b368e6257f010dca8bbd0d',0,0,62,106,0,'FF',9,0.00,'',0,14,0,'',3,'','Maximum:','','on',2,4),(565,'4d6a0b9063124ca60e2d1702b3e15e41',0,0,62,105,20,'7F',8,0.00,'',0,14,0,'',1,'','Available','','',2,5),(566,'181b08325e4d00cd50b8cdc8f8ae8e77',0,0,62,105,0,'FF',9,0.00,'',0,14,0,'',4,'','Current:','','',2,6),(567,'bba0a9ff1357c990df50429d64314340',0,0,62,105,0,'FF',9,0.00,'',0,14,0,'',1,'','Average:','','',2,7),(568,'d4a67883d53bc1df8aead21c97c0bc52',0,0,62,105,0,'FF',9,0.00,'',0,14,0,'',3,'','Maximum:','','on',2,8),(569,'253c9ec2d66905245149c1c2dc8e536e',0,0,62,0,1,'FF',5,0.00,'',0,15,0,'',1,'','Total','','',2,9),(570,'ea9ea883383f4eb462fec6aa309ba7b5',0,0,62,0,0,'FF',9,0.00,'',0,15,0,'',4,'','Current:','','',2,10),(571,'83b746bcaba029eeca170a9f77ec4864',0,0,62,0,0,'FF',9,0.00,'',0,15,0,'',1,'','Average:','','',2,11),(572,'82e01dd92fd37887c0696192efe7af65',0,0,62,0,0,'FF',9,0.00,'',0,15,0,'',3,'','Maximum:','','on',2,12),(573,'a198acfb7af4b149e97b2eeae05f7854',0,0,62,106,48,'FF',4,1.00,'',0,0,0,'',3,'','','','',2,13),(574,'fa2011b811862c238b476b5cd1d648e4',0,0,62,105,20,'FF',20,1.00,'',0,0,0,'',3,'','','','',2,14),(575,'d80e4a4901ab86ee39c9cc613e13532f',0,0,63,108,20,'7F',7,0.00,'',0,0,0,'',1,'','Total','','',2,1),(576,'567c2214ee4753aa712c3d101ea49a5d',0,0,63,108,0,'FF',9,0.00,'',0,0,0,'',4,'','Current:','','',2,2),(577,'ba0b6a9e316ef9be66abba68b80f7587',0,0,63,108,0,'FF',9,0.00,'',0,0,0,'',1,'','Average:','','',2,3),(578,'4b8e4a6bf2757f04c3e3a088338a2f7a',0,0,63,108,0,'FF',9,0.00,'',0,0,0,'',3,'','Maximum:','','on',2,4),(579,'16d6a9a7f608762ad65b0841e5ef4e9c',0,0,63,107,48,'7F',7,0.00,'',0,0,0,'',1,'','Used','','',2,5),(580,'2c35b5cae64c5f146a55fcb416dd14b5',0,0,63,107,0,'FF',9,0.00,'',0,0,0,'',4,'','Current:','','',2,6),(581,'36fa8063df3b07cece878d54443db727',0,0,63,107,0,'FF',9,0.00,'',0,0,0,'',1,'','Average:','','',2,7),(582,'b7b381d47972f836785d338a3bef6661',0,0,63,107,0,'FF',9,0.00,'',0,0,0,'',3,'','Maximum:','','on',2,8),(583,'fd1f89bda6ca439507b8b10a6895ef83',0,0,63,108,20,'FF',4,1.00,'',0,0,0,'',1,'','','','',2,9),(584,'204c34152b67dada375e7a147ebe7b3f',0,0,63,107,344,'FF',4,1.00,'',0,0,0,'',1,'','','','',2,10),(585,'42537599b5fb8ea852240b58a58633de',0,0,64,109,9,'7F',7,0.00,'',0,0,0,'',1,'','CPU Utilization','','',2,1),(586,'d478a76de1df9edf896c9ce51506c483',0,0,64,109,0,'FF',9,0.00,'',0,0,0,'',4,'','Current:','','',3,2),(587,'8536e034ab5268a61473f1ff2f6bd88f',0,0,64,109,0,'FF',9,0.00,'',0,0,0,'',1,'','Average:','','',3,3),(588,'87e10f9942b625aa323a0f39b60058e7',0,0,64,109,0,'FF',9,0.00,'',0,0,0,'',3,'','Maximum:','','on',3,4),(589,'309fd90f1a335fc13383a332a06504f1',0,0,64,109,9,'FF',4,1.00,'',0,0,0,'',3,'','','','',2,5),(590,'5f1c879abc0726777fca0fc789389c83',0,0,65,116,81,'7F',7,0.00,'',0,0,0,'',1,'','Bytes Read','','',2,1),(591,'51c0118319b44f47189ae31f0309f9f0',0,0,65,116,0,'FF',9,0.00,'',0,0,0,'',4,'','Current:','','',2,2),(592,'0f89b5078bf70f0af2bf78234b23f00d',0,0,65,116,0,'FF',9,0.00,'',0,0,0,'',1,'','Average:','','',2,3),(593,'0120d481227fa168959c10bb270caa18',0,0,65,116,0,'FF',9,0.00,'',0,0,0,'',3,'','Maximum:','','on',2,4),(594,'e73e2f5934a93891e7cbc573904bd6b4',0,0,65,111,31,'7F',8,0.00,'',0,0,0,'',1,'','Bytes Written','','',2,5),(595,'1c6656d52338c4abb6dadf149bfed8bf',0,0,65,111,0,'FF',9,0.00,'',0,0,0,'',4,'','Current:','','',2,6),(596,'e37e7851de6f4fbcb7d56a154a105e87',0,0,65,111,0,'FF',9,0.00,'',0,0,0,'',1,'','Average:','','',2,7),(597,'70eee256f03cfc9b2c94b79764c919f7',0,0,65,111,0,'FF',9,0.00,'',0,0,0,'',3,'','Maximum:','','on',2,8),(598,'bdca605f97fdfba3d40218f3fd1c6cb2',0,0,65,116,81,'FF',4,1.00,'',0,0,0,'',3,'','','','',2,9),(599,'592330a782c1e3234b068ba5c654b27e',0,0,65,111,31,'FF',20,1.00,'',0,0,0,'',3,'','','','',2,10),(600,'2f92441bafd3b0ac3d8a7b8f14f7e7f4',0,0,66,113,25,'7F',7,0.00,'',0,0,0,'',1,'','1 Minute:','','',2,1),(601,'95c77bfdeab8864b3308a8ddae8a16d6',0,0,66,113,0,'FF',9,1.00,'',0,0,0,'',4,'','Current:','','',2,2),(602,'3742a4866a8778864fc50f1f9ae10b06',0,0,66,113,0,'FF',9,1.00,'',0,0,0,'',1,'','Average:','','',2,3),(603,'aaaaa65c1525d22a62fd821c2b2ed7c5',0,0,66,113,0,'FF',9,1.00,'',0,0,0,'',3,'','Maximum:','','on',2,4),(604,'0a493360ea80b6c42fab0a25a4035ac9',0,0,66,114,31,'7F',8,0.00,'',0,0,0,'',1,'','5 Minute:','','',2,5),(605,'b60da656f73dc1d11635625c2e6ef8c1',0,0,66,114,0,'FF',9,1.00,'',0,0,0,'',4,'','Current:','','',2,6),(606,'d44df4adf7c34dc15e76ab871c0f7ce6',0,0,66,114,0,'FF',9,1.00,'',0,0,0,'',1,'','Average:','','',2,7),(607,'e087987a73b788ff5661f66a9874fa59',0,0,66,114,0,'FF',9,1.00,'',0,0,0,'',3,'','Maximum:','','on',2,8),(608,'c970fc901877e404e96c0f5e3ff294b5',0,0,66,115,9,'7F',8,0.00,'',0,0,0,'',1,'','15 Minute:','','',2,9),(609,'3794dae61e4e3edbdede2cb237154dc6',0,0,66,115,0,'FF',9,1.00,'',0,0,0,'',4,'','Current:','','',2,10),(610,'e585d22bc3d118452e586f731769954e',0,0,66,115,0,'FF',9,1.00,'',0,0,0,'',1,'','Average:','','',2,11),(611,'31e471174c77bdb8c2b88f126732e2ea',0,0,66,115,0,'FF',9,1.00,'',0,0,0,'',3,'','Maximum:','','on',2,12),(612,'de8cc8b4d0b3bce5a15e0332abcc89f3',0,0,66,113,25,'FF',4,1.00,'',0,0,0,'',4,'','','','',2,13),(613,'9ab1319b03c5582751de0e918d27ba36',0,0,66,114,31,'FF',20,1.00,'',0,0,0,'',3,'','','','',2,14),(614,'5642ca20de5f7a517d4fe1b32c67d05f',0,0,66,115,9,'FF',20,1.00,'',0,0,0,'',3,'','','','',2,15),(615,'6b85618a4561027dc8dcb67583fdca53',0,0,67,110,21,'7F',7,0.00,'',0,0,0,'',1,'','Device Reads:','','',3,1),(616,'44c288205e20b2728a49386848edef0b',0,0,67,110,0,'FF',9,0.00,'',0,0,0,'',4,'','Last:','','',3,2),(617,'582b30daf33cec747505d4aa1b5beab3',0,0,67,110,0,'FF',9,0.00,'',0,0,0,'',2,'','Minimum:','','',3,3),(618,'0e1db768b3c884e7b70ef9c5f1b5c299',0,0,67,110,0,'FF',9,0.00,'',0,0,0,'',1,'','Average:','','',3,4),(619,'d22a3018c9394f9c72e6a39535facd0d',0,0,67,110,0,'FF',9,0.00,'',0,0,0,'',3,'','Maximum:','','on',3,5),(620,'169f60ae37d15d6981fca7ab5b5899bb',0,0,67,112,9,'7F',8,0.00,'',0,0,0,'',1,'','Device Writes:','','',3,6),(621,'36692ccb814a0c7d7c1c4ed1fa51a185',0,0,67,112,0,'FF',9,0.00,'',0,0,0,'',4,'','Last:','','',3,7),(622,'8a880165df484c71ab809559158e2a15',0,0,67,112,0,'FF',9,0.00,'',0,0,0,'',2,'','Minumum:','','',3,8),(623,'634c71aa9ed03895176a26aceb375d83',0,0,67,112,0,'FF',9,0.00,'',0,0,0,'',1,'','Average:','','',3,9),(624,'168911021bc829a8abf4d4bfeacbe1d3',0,0,67,112,0,'FF',9,0.00,'',0,0,0,'',3,'','Maximum:','','on',3,10),(625,'ce2b53b34a50ce8c54c8849b1c8baf9e',0,0,67,110,21,'FF',4,1.00,'',0,0,0,'',3,'','','','',2,11),(626,'7675101daedceb6fd63d927e304f6273',0,0,67,112,9,'FF',20,1.00,'',0,0,0,'',3,'','','','',2,12),(627,'',423,1,48,117,48,'7F',7,0.00,'',0,0,0,'',1,'','Running Processes<>','','',2,1),(628,'',424,1,48,117,0,'FF',9,0.00,'',0,0,0,'',1,'','Average:','','',3,3),(629,'',425,1,48,117,0,'FF',9,0.00,'',0,0,0,'',3,'','Maximum:','','on',3,4),(630,'',426,1,48,117,48,'FF',4,1.00,'',0,0,0,'',3,'','','','',2,5),(631,'',427,2,49,118,15,'7F',7,0.00,'',0,0,0,'',1,'','1 Minute Average','','',2,1),(632,'',428,2,49,118,0,'FF',9,1.00,'',0,0,0,'',4,'','Current:','','',4,2),(633,'',429,2,49,118,0,'FF',9,1.00,'',0,0,0,'',1,'','Average:','','',4,3),(634,'',430,2,49,118,0,'FF',9,1.00,'',0,0,0,'',3,'','Maximum:','','on',4,4),(635,'',431,2,49,119,8,'7F',8,0.00,'',0,0,0,'',1,'','5 Minute Average','','',2,5),(636,'',432,2,49,119,0,'FF',9,1.00,'',0,0,0,'',4,'','Current:','','',4,6),(637,'',433,2,49,119,0,'FF',9,1.00,'',0,0,0,'',1,'','Average:','','',4,7),(638,'',434,2,49,119,0,'FF',9,1.00,'',0,0,0,'',3,'','Maximum:','','on',4,8),(639,'',435,2,49,120,9,'7F',8,0.00,'',0,0,0,'',1,'','15 Minute Average','','',2,9),(640,'',436,2,49,120,0,'FF',9,1.00,'',0,0,0,'',4,'','Current:','','',4,10),(641,'',437,2,49,120,0,'FF',9,1.00,'',0,0,0,'',1,'','Average:','','',4,11),(642,'',438,2,49,120,0,'FF',9,1.00,'',0,0,0,'',3,'','Maximum:','','on',4,12),(643,'',439,2,49,0,1,'FF',4,0.00,'',0,12,0,'',1,'','','','on',2,13),(644,'',440,2,49,118,15,'FF',4,1.00,'',0,0,0,'',3,'','','','',2,14),(645,'',441,2,49,119,8,'FF',20,1.00,'',0,0,0,'',3,'','','','',2,15),(646,'',442,2,49,120,9,'FF',20,1.00,'',0,0,0,'',3,'','','','',2,16),(647,'',443,3,50,121,67,'7F',7,0.00,'',0,0,0,'',1,'','Users','','',2,1),(648,'',444,3,50,121,0,'FF',9,0.00,'',0,0,0,'',4,'','Current:','','',3,2),(649,'',445,3,50,121,0,'FF',9,0.00,'',0,0,0,'',1,'','Average:','','',3,3),(650,'',446,3,50,121,0,'FF',9,0.00,'',0,0,0,'',3,'','Maximum:','','on',3,4),(651,'',447,3,50,121,67,'FF',4,1.00,'',0,0,0,'',3,'','','','',2,5),(652,'',448,4,51,122,41,'FF',7,0.00,'',0,14,0,'',1,'','Free','','',2,9),(653,'',449,4,51,122,0,'FF',9,0.00,'',0,14,0,'',4,'','Current:','','',2,10),(654,'',450,4,51,122,0,'FF',9,0.00,'',0,14,0,'',1,'','Average:','','',2,11),(655,'',451,4,51,122,0,'FF',9,0.00,'',0,14,0,'',3,'','Maximum:','','on',2,12),(656,'',452,4,51,123,30,'FF',8,0.00,'',0,14,0,'',1,'','Swap','','',2,13),(657,'',453,4,51,123,0,'FF',9,0.00,'',0,14,0,'',4,'','Current:','','',2,14),(658,'',454,4,51,123,0,'FF',9,0.00,'',0,14,0,'',1,'','Average:','','',2,15),(659,'',455,4,51,123,0,'FF',9,0.00,'',0,14,0,'',3,'','Maximum:','','on',2,16),(678,'',294,9,34,128,357,'FF',7,1.00,'',0,0,0,'',1,'','Time:','','',2,1),(679,'',295,9,34,128,0,'FF',9,1.00,'',0,0,0,'',4,'','Cur:','','',2,2),(680,'',296,9,34,128,0,'FF',9,1.00,'',0,0,0,'',1,'','Avg:','','',2,3),(681,'',297,9,34,128,0,'FF',9,1.00,'',0,0,0,'',3,'','Max:','','on',2,4),(682,'',298,10,35,129,145,'FF',7,1.00,'',0,17,0,'',1,'','Uptime:','','',2,1),(683,'',299,10,35,129,0,'FF',9,1.00,'',0,17,0,'',4,'','Cur:','','',2,2),(684,'',300,10,35,129,0,'FF',9,1.00,'',0,17,0,'',1,'','Avg:','','',2,3),(685,'',301,10,35,129,0,'FF',9,1.00,'',0,17,0,'',3,'','Max:','','on',2,4),(686,'',505,11,55,130,67,'7F',7,0.00,'',0,0,0,'',1,'','Users','','',2,1),(687,'',506,11,55,130,0,'FF',9,0.00,'',0,0,0,'',4,'','Current:','','',3,2),(688,'',507,11,55,130,0,'FF',9,0.00,'',0,0,0,'',1,'','Average:','','',3,3),(689,'',508,11,55,130,0,'FF',9,0.00,'',0,0,0,'',3,'','Maximum:','','on',3,4),(690,'',509,11,55,130,67,'FF',4,1.00,'',0,0,0,'',3,'','','','',2,5),(691,'',510,12,56,131,48,'7F',7,0.00,'',0,0,0,'',1,'','Running Processes','','',2,1),(692,'',511,12,56,131,0,'FF',9,0.00,'',0,0,0,'',4,'','Current:','','',3,2),(693,'',512,12,56,131,0,'FF',9,0.00,'',0,0,0,'',1,'','Average:','','',3,3),(694,'',513,12,56,131,0,'FF',9,0.00,'',0,0,0,'',3,'','Maximum:','','',3,4),(695,'',514,12,56,131,48,'FF',4,1.00,'',0,0,0,'',3,'','','','',2,5),(696,'',575,13,63,133,20,'7F',7,0.00,'',0,0,0,'',1,'','Total','','',2,1),(697,'',576,13,63,133,0,'FF',9,0.00,'',0,0,0,'',4,'','Current:','','',2,2),(698,'',577,13,63,133,0,'FF',9,0.00,'',0,0,0,'',1,'','Average:','','',2,3),(699,'',578,13,63,133,0,'FF',9,0.00,'',0,0,0,'',3,'','Maximum:','','on',2,4),(700,'',579,13,63,132,48,'7F',7,0.00,'',0,0,0,'',1,'','Used','','',2,5),(701,'',580,13,63,132,0,'FF',9,0.00,'',0,0,0,'',4,'','Current:','','',2,6),(702,'',581,13,63,132,0,'FF',9,0.00,'',0,0,0,'',1,'','Average:','','',2,7),(703,'',582,13,63,132,0,'FF',9,0.00,'',0,0,0,'',3,'','Maximum:','','on',2,8),(704,'',583,13,63,133,20,'FF',4,1.00,'',0,0,0,'',1,'','','','',2,9),(705,'',584,13,63,132,344,'FF',4,1.00,'',0,0,0,'',1,'','','','',2,10),(706,'',575,14,63,135,20,'7F',7,0.00,'',0,0,0,'',1,'','Total','','',2,1),(707,'',576,14,63,135,0,'FF',9,0.00,'',0,0,0,'',4,'','Current:','','',2,2),(708,'',577,14,63,135,0,'FF',9,0.00,'',0,0,0,'',1,'','Average:','','',2,3),(709,'',578,14,63,135,0,'FF',9,0.00,'',0,0,0,'',3,'','Maximum:','','on',2,4),(710,'',579,14,63,134,48,'7F',7,0.00,'',0,0,0,'',1,'','Used','','',2,5),(711,'',580,14,63,134,0,'FF',9,0.00,'',0,0,0,'',4,'','Current:','','',2,6),(712,'',581,14,63,134,0,'FF',9,0.00,'',0,0,0,'',1,'','Average:','','',2,7),(713,'',582,14,63,134,0,'FF',9,0.00,'',0,0,0,'',3,'','Maximum:','','on',2,8),(714,'',583,14,63,135,20,'FF',4,1.00,'',0,0,0,'',1,'','','','',2,9),(715,'',584,14,63,134,344,'FF',4,1.00,'',0,0,0,'',1,'','','','',2,10),(716,'',575,15,63,137,20,'7F',7,0.00,'',0,0,0,'',1,'','Total','','',2,1),(717,'',576,15,63,137,0,'FF',9,0.00,'',0,0,0,'',4,'','Current:','','',2,2),(718,'',577,15,63,137,0,'FF',9,0.00,'',0,0,0,'',1,'','Average:','','',2,3),(719,'',578,15,63,137,0,'FF',9,0.00,'',0,0,0,'',3,'','Maximum:','','on',2,4),(720,'',579,15,63,136,48,'7F',7,0.00,'',0,0,0,'',1,'','Used','','',2,5),(721,'',580,15,63,136,0,'FF',9,0.00,'',0,0,0,'',4,'','Current:','','',2,6),(722,'',581,15,63,136,0,'FF',9,0.00,'',0,0,0,'',1,'','Average:','','',2,7),(723,'',582,15,63,136,0,'FF',9,0.00,'',0,0,0,'',3,'','Maximum:','','on',2,8),(724,'',583,15,63,137,20,'FF',4,1.00,'',0,0,0,'',1,'','','','',2,9),(725,'',584,15,63,136,344,'FF',4,1.00,'',0,0,0,'',1,'','','','',2,10),(726,'',575,16,63,139,20,'7F',7,0.00,'',0,0,0,'',1,'','Total','','',2,1),(727,'',576,16,63,139,0,'FF',9,0.00,'',0,0,0,'',4,'','Current:','','',2,2),(728,'',577,16,63,139,0,'FF',9,0.00,'',0,0,0,'',1,'','Average:','','',2,3),(729,'',578,16,63,139,0,'FF',9,0.00,'',0,0,0,'',3,'','Maximum:','','on',2,4),(730,'',579,16,63,138,48,'7F',7,0.00,'',0,0,0,'',1,'','Used','','',2,5),(731,'',580,16,63,138,0,'FF',9,0.00,'',0,0,0,'',4,'','Current:','','',2,6),(732,'',581,16,63,138,0,'FF',9,0.00,'',0,0,0,'',1,'','Average:','','',2,7),(733,'',582,16,63,138,0,'FF',9,0.00,'',0,0,0,'',3,'','Maximum:','','on',2,8),(734,'',583,16,63,139,20,'FF',4,1.00,'',0,0,0,'',1,'','','','',2,9),(735,'',584,16,63,138,344,'FF',4,1.00,'',0,0,0,'',1,'','','','',2,10),(736,'',575,17,63,141,20,'7F',7,0.00,'',0,0,0,'',1,'','Total','','',2,1),(737,'',576,17,63,141,0,'FF',9,0.00,'',0,0,0,'',4,'','Current:','','',2,2),(738,'',577,17,63,141,0,'FF',9,0.00,'',0,0,0,'',1,'','Average:','','',2,3),(739,'',578,17,63,141,0,'FF',9,0.00,'',0,0,0,'',3,'','Maximum:','','on',2,4),(740,'',579,17,63,140,48,'7F',7,0.00,'',0,0,0,'',1,'','Used','','',2,5),(741,'',580,17,63,140,0,'FF',9,0.00,'',0,0,0,'',4,'','Current:','','',2,6),(742,'',581,17,63,140,0,'FF',9,0.00,'',0,0,0,'',1,'','Average:','','',2,7),(743,'',582,17,63,140,0,'FF',9,0.00,'',0,0,0,'',3,'','Maximum:','','on',2,8),(744,'',583,17,63,141,20,'FF',4,1.00,'',0,0,0,'',1,'','','','',2,9),(745,'',584,17,63,140,344,'FF',4,1.00,'',0,0,0,'',1,'','','','',2,10),(746,'',585,18,64,142,9,'7F',7,0.00,'',0,0,0,'',1,'','CPU Utilization','','',2,1),(747,'',586,18,64,142,0,'FF',9,0.00,'',0,0,0,'',4,'','Current:','','',3,2),(748,'',587,18,64,142,0,'FF',9,0.00,'',0,0,0,'',1,'','Average:','','',3,3),(749,'',588,18,64,142,0,'FF',9,0.00,'',0,0,0,'',3,'','Maximum:','','on',3,4),(750,'',589,18,64,142,9,'FF',4,1.00,'',0,0,0,'',3,'','','','',2,5),(751,'',585,19,64,143,9,'7F',7,0.00,'',0,0,0,'',1,'','CPU Utilization','','',2,1),(752,'',586,19,64,143,0,'FF',9,0.00,'',0,0,0,'',4,'','Current:','','',3,2),(753,'',587,19,64,143,0,'FF',9,0.00,'',0,0,0,'',1,'','Average:','','',3,3),(754,'',588,19,64,143,0,'FF',9,0.00,'',0,0,0,'',3,'','Maximum:','','on',3,4),(755,'',589,19,64,143,9,'FF',4,1.00,'',0,0,0,'',3,'','','','',2,5),(756,'',585,20,64,144,9,'7F',7,0.00,'',0,0,0,'',1,'','CPU Utilization','','',2,1),(757,'',586,20,64,144,0,'FF',9,0.00,'',0,0,0,'',4,'','Current:','','',3,2),(758,'',587,20,64,144,0,'FF',9,0.00,'',0,0,0,'',1,'','Average:','','',3,3),(759,'',588,20,64,144,0,'FF',9,0.00,'',0,0,0,'',3,'','Maximum:','','on',3,4),(760,'',589,20,64,144,9,'FF',4,1.00,'',0,0,0,'',3,'','','','',2,5),(761,'',585,21,64,145,9,'7F',7,0.00,'',0,0,0,'',1,'','CPU Utilization','','',2,1),(762,'',586,21,64,145,0,'FF',9,0.00,'',0,0,0,'',4,'','Current:','','',3,2),(763,'',587,21,64,145,0,'FF',9,0.00,'',0,0,0,'',1,'','Average:','','',3,3),(764,'',588,21,64,145,0,'FF',9,0.00,'',0,0,0,'',3,'','Maximum:','','on',3,4),(765,'',589,21,64,145,9,'FF',4,1.00,'',0,0,0,'',3,'','','','',2,5),(766,'',585,22,64,146,9,'7F',7,0.00,'',0,0,0,'',1,'','CPU Utilization','','',2,1),(767,'',586,22,64,146,0,'FF',9,0.00,'',0,0,0,'',4,'','Current:','','',3,2),(768,'',587,22,64,146,0,'FF',9,0.00,'',0,0,0,'',1,'','Average:','','',3,3),(769,'',588,22,64,146,0,'FF',9,0.00,'',0,0,0,'',3,'','Maximum:','','on',3,4),(770,'',589,22,64,146,9,'FF',4,1.00,'',0,0,0,'',3,'','','','',2,5),(771,'',294,23,34,147,357,'FF',7,1.00,'',0,0,0,'',1,'','Time:','','',2,1),(772,'',295,23,34,147,0,'FF',9,1.00,'',0,0,0,'',4,'','Cur:','','',2,2),(773,'',296,23,34,147,0,'FF',9,1.00,'',0,0,0,'',1,'','Avg:','','',2,3),(774,'',297,23,34,147,0,'FF',9,1.00,'',0,0,0,'',3,'','Max:','','on',2,4),(775,'',298,24,35,148,145,'FF',7,1.00,'',0,17,0,'',1,'','Uptime:','','',2,1),(776,'',299,24,35,148,0,'FF',9,1.00,'',0,17,0,'',4,'','Cur:','','',2,2),(777,'',300,24,35,148,0,'FF',9,1.00,'',0,17,0,'',1,'','Avg:','','',2,3),(778,'',301,24,35,148,0,'FF',9,1.00,'',0,17,0,'',3,'','Max:','','on',2,4),(779,'',470,25,53,149,15,'7F',7,0.00,'',0,0,0,'',1,'','1 Minute Average','','',2,1),(780,'',471,25,53,149,0,'FF',9,0.00,'',0,0,0,'',4,'','Current:','','',4,2),(781,'',472,25,53,149,0,'FF',9,0.00,'',0,0,0,'',1,'','Average:','','',4,3),(782,'',473,25,53,149,0,'FF',9,0.00,'',0,0,0,'',3,'','Maximum:','','on',4,4),(783,'',474,25,53,151,8,'7F',8,0.00,'',0,0,0,'',1,'','5 Minute Average','','',2,5),(784,'',475,25,53,151,0,'FF',9,0.00,'',0,0,0,'',4,'','Current:','','',4,6),(785,'',476,25,53,151,0,'FF',9,0.00,'',0,0,0,'',1,'','Average:','','',4,7),(786,'',477,25,53,151,0,'FF',9,0.00,'',0,0,0,'',3,'','Maximum:','','on',4,8),(787,'',478,25,53,150,9,'7F',8,0.00,'',0,0,0,'',1,'','15 Minute Average','','',2,9),(788,'',479,25,53,150,0,'FF',9,0.00,'',0,0,0,'',4,'','Current:','','',4,10),(789,'',480,25,53,150,0,'FF',9,0.00,'',0,0,0,'',1,'','Average:','','',4,11),(790,'',481,25,53,150,0,'FF',9,0.00,'',0,0,0,'',3,'','Maximum:','','on',4,12),(791,'',482,25,53,149,15,'FF',4,1.00,'',0,0,0,'',3,'','','','',2,13),(792,'',483,25,53,151,8,'FF',20,1.00,'',0,0,0,'',3,'','','','',2,14),(793,'',484,25,53,150,9,'FF',20,1.00,'',0,0,0,'',3,'','','','',2,15),(794,'',485,26,54,155,142,'7F',7,1.00,'',0,14,0,'',1,'','Memory Total','','',2,1),(795,'',486,26,54,155,0,'FF',9,1.00,'',0,14,0,'',4,'','Current:','','',2,2),(796,'',487,26,54,155,0,'FF',9,1.00,'',0,14,0,'',1,'','Average:','','',2,3),(797,'',488,26,54,155,0,'FF',9,1.00,'',0,0,0,'',3,'','Maximum:','','on',2,4),(798,'',489,26,54,152,35,'7F',7,0.00,'',0,14,0,'',1,'','Memory Buffers','','',2,5),(799,'',490,26,54,152,0,'FF',9,0.00,'',0,14,0,'',4,'','Current:','','',2,6),(800,'',491,26,54,152,0,'FF',9,0.00,'',0,14,0,'',1,'','Average:','','',2,7),(801,'',492,26,54,152,0,'FF',9,0.00,'',0,14,0,'',3,'','Maximum:','','on',2,8),(802,'',493,26,54,153,30,'7F',8,0.00,'',0,14,0,'',1,'','Cache Memory','','',2,9),(803,'',494,26,54,153,0,'FF',9,0.00,'',0,14,0,'',4,'','Current:','','',2,10),(804,'',495,26,54,153,0,'FF',9,0.00,'',0,14,0,'',1,'','Average:','','',2,11),(805,'',496,26,54,153,0,'FF',9,0.00,'',0,14,0,'',3,'','Maximum:','','on',2,12),(806,'',497,26,54,154,52,'7F',8,0.00,'',0,14,0,'',1,'','Memory Free','','',2,13),(807,'',498,26,54,154,0,'FF',9,0.00,'',0,14,0,'',4,'','Current:','','',2,14),(808,'',499,26,54,154,0,'FF',9,0.00,'',0,14,0,'',1,'','Average:','','',2,15),(809,'',500,26,54,154,0,'FF',9,0.00,'',0,14,0,'',3,'','Maximum:','','on',2,16),(810,'',501,26,54,155,143,'FF',4,1.00,'',0,14,0,'',3,'','','','',2,17),(811,'',502,26,54,152,35,'FF',4,1.00,'',0,14,0,'',3,'','','','',2,18),(812,'',503,26,54,153,30,'FF',20,1.00,'',0,14,0,'',3,'','','','',2,19),(813,'',504,26,54,154,52,'FF',20,1.00,'',0,14,0,'',3,'','','','',2,20),(814,'',505,27,55,156,67,'7F',7,0.00,'',0,0,0,'',1,'','Users','','',2,1),(815,'',506,27,55,156,0,'FF',9,0.00,'',0,0,0,'',4,'','Current:','','',3,2),(816,'',507,27,55,156,0,'FF',9,0.00,'',0,0,0,'',1,'','Average:','','',3,3),(817,'',508,27,55,156,0,'FF',9,0.00,'',0,0,0,'',3,'','Maximum:','','on',3,4),(818,'',509,27,55,156,67,'FF',4,1.00,'',0,0,0,'',3,'','','','',2,5),(819,'',510,28,56,157,48,'7F',7,0.00,'',0,0,0,'',1,'','Running Processes','','',2,1),(820,'',511,28,56,157,0,'FF',9,0.00,'',0,0,0,'',4,'','Current:','','',3,2),(821,'',512,28,56,157,0,'FF',9,0.00,'',0,0,0,'',1,'','Average:','','',3,3),(822,'',513,28,56,157,0,'FF',9,0.00,'',0,0,0,'',3,'','Maximum:','','',3,4),(823,'',514,28,56,157,48,'FF',4,1.00,'',0,0,0,'',3,'','','','',2,5),(824,'',515,29,57,159,48,'7F',7,0.00,'',0,0,0,'',1,'','System:','','',2,1),(825,'',516,29,57,159,0,'FF',9,0.00,'',0,0,0,'',4,'','Current:','','',5,2),(826,'',517,29,57,159,0,'FF',9,0.00,'',0,0,0,'',1,'','Average:','','',5,3),(827,'',518,29,57,159,0,'FF',9,0.00,'',0,0,0,'',3,'','Maximum:','','on',5,4),(828,'',519,29,57,160,6,'7F',8,0.00,'',0,0,0,'',1,'','User:','','',2,5),(829,'',520,29,57,160,0,'FF',9,0.00,'',0,0,0,'',4,'','Current:','','',5,6),(830,'',521,29,57,160,0,'FF',9,0.00,'',0,0,0,'',1,'','Average:','','',5,7),(831,'',522,29,57,160,0,'FF',9,0.00,'',0,0,0,'',3,'','Maximum:','','on',5,8),(832,'',523,29,57,158,112,'7F',8,0.00,'',0,0,0,'',1,'','Idle:','','',2,9),(833,'',524,29,57,158,0,'FF',9,0.00,'',0,0,0,'',4,'','Current:','','',5,10),(834,'',525,29,57,158,0,'FF',9,0.00,'',0,0,0,'',1,'','Average:','','',5,11),(835,'',526,29,57,158,0,'FF',9,0.00,'',0,0,0,'',3,'','Maximum:','','on',5,12),(836,'',527,29,57,0,69,'7F',8,0.00,'',0,18,0,'',1,'','IO Wait:','','',2,13),(837,'',528,29,57,0,0,'FF',9,0.00,'',0,18,0,'',4,'','Current:','','',5,14),(838,'',529,29,57,0,0,'FF',9,0.00,'',0,18,0,'',1,'','Average:','','',5,15),(839,'',530,29,57,0,0,'FF',9,0.00,'',0,18,0,'',3,'','Maximum:','','on',5,16),(840,'',531,30,58,161,46,'FF',4,0.00,'',0,0,0,'',3,'','','','',2,1),(841,'',532,30,58,161,46,'7F',7,0.00,'',0,0,0,'',1,'','Interrupts:','','',2,2),(842,'',533,30,58,161,0,'FF',9,0.00,'',0,0,0,'',4,'','Current:','','',3,3),(843,'',534,30,58,161,0,'FF',9,0.00,'',0,0,0,'',1,'','Average:','','',3,4),(844,'',535,30,58,161,0,'FF',9,0.00,'',0,0,0,'',3,'','Maximum:','','on',3,5),(845,'',536,31,59,162,65,'FF',4,0.00,'',0,0,0,'',3,'','','','',2,1),(846,'',537,31,59,162,65,'7F',7,0.00,'',0,0,0,'',1,'','Context Switches:','','',2,2),(847,'',538,31,59,162,0,'FF',9,0.00,'',0,0,0,'',4,'','Current:','','',3,3),(848,'',539,31,59,162,0,'FF',9,0.00,'',0,0,0,'',1,'','Average:','','',3,4),(849,'',540,31,59,162,0,'FF',9,0.00,'',0,0,0,'',3,'','Maximum:','','on',3,5),(850,'',541,32,60,163,67,'7F',7,0.00,'',0,19,0,'',1,'','Reads:','','',2,1),(851,'',542,32,60,163,0,'FF',9,0.00,'',0,19,0,'',4,'','Current:','','',3,2),(852,'',543,32,60,163,0,'FF',9,0.00,'',0,19,0,'',1,'','Average:','','',3,3),(853,'',544,32,60,163,0,'FF',9,0.00,'',0,19,0,'',3,'','Maximum:','','on',3,4),(854,'',545,32,60,164,41,'7F',8,0.00,'',0,19,0,'',1,'','Writes:','','',2,5),(855,'',546,32,60,164,0,'FF',9,0.00,'',0,19,0,'',4,'','Current:','','',3,6),(856,'',547,32,60,164,0,'FF',9,0.00,'',0,19,0,'',1,'','Average:','','',3,7),(857,'',548,32,60,164,0,'FF',9,0.00,'',0,19,0,'',3,'','Maximum:','','on',3,8),(858,'',549,32,60,163,67,'FF',4,1.00,'',0,19,0,'',3,'','','','',2,9),(859,'',550,32,60,164,41,'FF',20,1.00,'',0,19,0,'',3,'','','','',2,10),(860,'',551,33,61,165,60,'7F',7,0.00,'',0,19,0,'',1,'','Bytes Read:','','',2,1),(861,'',552,33,61,165,0,'FF',9,0.00,'',0,19,0,'',4,'','Current:','','',2,2),(862,'',553,33,61,165,0,'FF',9,0.00,'',0,19,0,'',1,'','Average:','','',2,3),(863,'',554,33,61,165,0,'FF',9,0.00,'',0,19,0,'',3,'','Maximum:','','on',2,4),(864,'',555,33,61,166,31,'7F',8,0.00,'',0,19,0,'',1,'','Bytes Written:','','',2,5),(865,'',556,33,61,166,0,'FF',9,0.00,'',0,19,0,'',4,'','Current:','','',2,6),(866,'',557,33,61,166,0,'FF',9,0.00,'',0,19,0,'',1,'','Average:','','',2,7),(867,'',558,33,61,166,0,'FF',9,0.00,'',0,19,0,'',3,'','Maximum:','','on',2,8),(868,'',559,33,61,165,60,'FF',4,1.00,'',0,19,0,'',3,'','','','',2,9),(869,'',560,33,61,166,31,'FF',20,1.00,'',0,19,0,'',3,'','','','',2,10),(870,'',590,34,65,173,81,'7F',7,0.00,'',0,0,0,'',1,'','Bytes Read','','',2,1),(871,'',591,34,65,173,0,'FF',9,0.00,'',0,0,0,'',4,'','Current:','','',2,2),(872,'',592,34,65,173,0,'FF',9,0.00,'',0,0,0,'',1,'','Average:','','',2,3),(873,'',593,34,65,173,0,'FF',9,0.00,'',0,0,0,'',3,'','Maximum:','','on',2,4),(874,'',594,34,65,168,31,'7F',8,0.00,'',0,0,0,'',1,'','Bytes Written','','',2,5),(875,'',595,34,65,168,0,'FF',9,0.00,'',0,0,0,'',4,'','Current:','','',2,6),(876,'',596,34,65,168,0,'FF',9,0.00,'',0,0,0,'',1,'','Average:','','',2,7),(877,'',597,34,65,168,0,'FF',9,0.00,'',0,0,0,'',3,'','Maximum:','','on',2,8),(878,'',598,34,65,173,81,'FF',4,1.00,'',0,0,0,'',3,'','','','',2,9),(879,'',599,34,65,168,31,'FF',20,1.00,'',0,0,0,'',3,'','','','',2,10),(880,'',590,35,65,180,81,'7F',7,0.00,'',0,0,0,'',1,'','Bytes Read','','',2,1),(881,'',591,35,65,180,0,'FF',9,0.00,'',0,0,0,'',4,'','Current:','','',2,2),(882,'',592,35,65,180,0,'FF',9,0.00,'',0,0,0,'',1,'','Average:','','',2,3),(883,'',593,35,65,180,0,'FF',9,0.00,'',0,0,0,'',3,'','Maximum:','','on',2,4),(884,'',594,35,65,175,31,'7F',8,0.00,'',0,0,0,'',1,'','Bytes Written','','',2,5),(885,'',595,35,65,175,0,'FF',9,0.00,'',0,0,0,'',4,'','Current:','','',2,6),(886,'',596,35,65,175,0,'FF',9,0.00,'',0,0,0,'',1,'','Average:','','',2,7),(887,'',597,35,65,175,0,'FF',9,0.00,'',0,0,0,'',3,'','Maximum:','','on',2,8),(888,'',598,35,65,180,81,'FF',4,1.00,'',0,0,0,'',3,'','','','',2,9),(889,'',599,35,65,175,31,'FF',20,1.00,'',0,0,0,'',3,'','','','',2,10),(890,'',590,36,65,187,81,'7F',7,0.00,'',0,0,0,'',1,'','Bytes Read','','',2,1),(891,'',591,36,65,187,0,'FF',9,0.00,'',0,0,0,'',4,'','Current:','','',2,2),(892,'',592,36,65,187,0,'FF',9,0.00,'',0,0,0,'',1,'','Average:','','',2,3),(893,'',593,36,65,187,0,'FF',9,0.00,'',0,0,0,'',3,'','Maximum:','','on',2,4),(894,'',594,36,65,182,31,'7F',8,0.00,'',0,0,0,'',1,'','Bytes Written','','',2,5),(895,'',595,36,65,182,0,'FF',9,0.00,'',0,0,0,'',4,'','Current:','','',2,6),(896,'',596,36,65,182,0,'FF',9,0.00,'',0,0,0,'',1,'','Average:','','',2,7),(897,'',597,36,65,182,0,'FF',9,0.00,'',0,0,0,'',3,'','Maximum:','','on',2,8),(898,'',598,36,65,187,81,'FF',4,1.00,'',0,0,0,'',3,'','','','',2,9),(899,'',599,36,65,182,31,'FF',20,1.00,'',0,0,0,'',3,'','','','',2,10),(900,'',590,37,65,194,81,'7F',7,0.00,'',0,0,0,'',1,'','Bytes Read','','',2,1),(901,'',591,37,65,194,0,'FF',9,0.00,'',0,0,0,'',4,'','Current:','','',2,2),(902,'',592,37,65,194,0,'FF',9,0.00,'',0,0,0,'',1,'','Average:','','',2,3),(903,'',593,37,65,194,0,'FF',9,0.00,'',0,0,0,'',3,'','Maximum:','','on',2,4),(904,'',594,37,65,189,31,'7F',8,0.00,'',0,0,0,'',1,'','Bytes Written','','',2,5),(905,'',595,37,65,189,0,'FF',9,0.00,'',0,0,0,'',4,'','Current:','','',2,6),(906,'',596,37,65,189,0,'FF',9,0.00,'',0,0,0,'',1,'','Average:','','',2,7),(907,'',597,37,65,189,0,'FF',9,0.00,'',0,0,0,'',3,'','Maximum:','','on',2,8),(908,'',598,37,65,194,81,'FF',4,1.00,'',0,0,0,'',3,'','','','',2,9),(909,'',599,37,65,189,31,'FF',20,1.00,'',0,0,0,'',3,'','','','',2,10),(910,'',590,38,65,201,81,'7F',7,0.00,'',0,0,0,'',1,'','Bytes Read','','',2,1),(911,'',591,38,65,201,0,'FF',9,0.00,'',0,0,0,'',4,'','Current:','','',2,2),(912,'',592,38,65,201,0,'FF',9,0.00,'',0,0,0,'',1,'','Average:','','',2,3),(913,'',593,38,65,201,0,'FF',9,0.00,'',0,0,0,'',3,'','Maximum:','','on',2,4),(914,'',594,38,65,196,31,'7F',8,0.00,'',0,0,0,'',1,'','Bytes Written','','',2,5),(915,'',595,38,65,196,0,'FF',9,0.00,'',0,0,0,'',4,'','Current:','','',2,6),(916,'',596,38,65,196,0,'FF',9,0.00,'',0,0,0,'',1,'','Average:','','',2,7),(917,'',597,38,65,196,0,'FF',9,0.00,'',0,0,0,'',3,'','Maximum:','','on',2,8),(918,'',598,38,65,201,81,'FF',4,1.00,'',0,0,0,'',3,'','','','',2,9),(919,'',599,38,65,196,31,'FF',20,1.00,'',0,0,0,'',3,'','','','',2,10),(920,'',590,39,65,208,81,'7F',7,0.00,'',0,0,0,'',1,'','Bytes Read','','',2,1),(921,'',591,39,65,208,0,'FF',9,0.00,'',0,0,0,'',4,'','Current:','','',2,2),(922,'',592,39,65,208,0,'FF',9,0.00,'',0,0,0,'',1,'','Average:','','',2,3),(923,'',593,39,65,208,0,'FF',9,0.00,'',0,0,0,'',3,'','Maximum:','','on',2,4),(924,'',594,39,65,203,31,'7F',8,0.00,'',0,0,0,'',1,'','Bytes Written','','',2,5),(925,'',595,39,65,203,0,'FF',9,0.00,'',0,0,0,'',4,'','Current:','','',2,6),(926,'',596,39,65,203,0,'FF',9,0.00,'',0,0,0,'',1,'','Average:','','',2,7),(927,'',597,39,65,203,0,'FF',9,0.00,'',0,0,0,'',3,'','Maximum:','','on',2,8),(928,'',598,39,65,208,81,'FF',4,1.00,'',0,0,0,'',3,'','','','',2,9),(929,'',599,39,65,203,31,'FF',20,1.00,'',0,0,0,'',3,'','','','',2,10),(930,'',590,40,65,215,81,'7F',7,0.00,'',0,0,0,'',1,'','Bytes Read','','',2,1),(931,'',591,40,65,215,0,'FF',9,0.00,'',0,0,0,'',4,'','Current:','','',2,2),(932,'',592,40,65,215,0,'FF',9,0.00,'',0,0,0,'',1,'','Average:','','',2,3),(933,'',593,40,65,215,0,'FF',9,0.00,'',0,0,0,'',3,'','Maximum:','','on',2,4),(934,'',594,40,65,210,31,'7F',8,0.00,'',0,0,0,'',1,'','Bytes Written','','',2,5),(935,'',595,40,65,210,0,'FF',9,0.00,'',0,0,0,'',4,'','Current:','','',2,6),(936,'',596,40,65,210,0,'FF',9,0.00,'',0,0,0,'',1,'','Average:','','',2,7),(937,'',597,40,65,210,0,'FF',9,0.00,'',0,0,0,'',3,'','Maximum:','','on',2,8),(938,'',598,40,65,215,81,'FF',4,1.00,'',0,0,0,'',3,'','','','',2,9),(939,'',599,40,65,210,31,'FF',20,1.00,'',0,0,0,'',3,'','','','',2,10),(940,'',575,41,63,217,20,'7F',7,0.00,'',0,0,0,'',1,'','Total','','',2,1),(941,'',576,41,63,217,0,'FF',9,0.00,'',0,0,0,'',4,'','Current:','','',2,2),(942,'',577,41,63,217,0,'FF',9,0.00,'',0,0,0,'',1,'','Average:','','',2,3),(943,'',578,41,63,217,0,'FF',9,0.00,'',0,0,0,'',3,'','Maximum:','','on',2,4),(944,'',579,41,63,216,48,'7F',7,0.00,'',0,0,0,'',1,'','Used','','',2,5),(945,'',580,41,63,216,0,'FF',9,0.00,'',0,0,0,'',4,'','Current:','','',2,6),(946,'',581,41,63,216,0,'FF',9,0.00,'',0,0,0,'',1,'','Average:','','',2,7),(947,'',582,41,63,216,0,'FF',9,0.00,'',0,0,0,'',3,'','Maximum:','','on',2,8),(948,'',583,41,63,217,20,'FF',4,1.00,'',0,0,0,'',1,'','','','',2,9),(949,'',584,41,63,216,344,'FF',4,1.00,'',0,0,0,'',1,'','','','',2,10),(950,'',575,42,63,219,20,'7F',7,0.00,'',0,0,0,'',1,'','Total','','',2,1),(951,'',576,42,63,219,0,'FF',9,0.00,'',0,0,0,'',4,'','Current:','','',2,2),(952,'',577,42,63,219,0,'FF',9,0.00,'',0,0,0,'',1,'','Average:','','',2,3),(953,'',578,42,63,219,0,'FF',9,0.00,'',0,0,0,'',3,'','Maximum:','','on',2,4),(954,'',579,42,63,218,48,'7F',7,0.00,'',0,0,0,'',1,'','Used','','',2,5),(955,'',580,42,63,218,0,'FF',9,0.00,'',0,0,0,'',4,'','Current:','','',2,6),(956,'',581,42,63,218,0,'FF',9,0.00,'',0,0,0,'',1,'','Average:','','',2,7),(957,'',582,42,63,218,0,'FF',9,0.00,'',0,0,0,'',3,'','Maximum:','','on',2,8),(958,'',583,42,63,219,20,'FF',4,1.00,'',0,0,0,'',1,'','','','',2,9),(959,'',584,42,63,218,344,'FF',4,1.00,'',0,0,0,'',1,'','','','',2,10),(960,'',575,43,63,221,20,'7F',7,0.00,'',0,0,0,'',1,'','Total','','',2,1),(961,'',576,43,63,221,0,'FF',9,0.00,'',0,0,0,'',4,'','Current:','','',2,2),(962,'',577,43,63,221,0,'FF',9,0.00,'',0,0,0,'',1,'','Average:','','',2,3),(963,'',578,43,63,221,0,'FF',9,0.00,'',0,0,0,'',3,'','Maximum:','','on',2,4),(964,'',579,43,63,220,48,'7F',7,0.00,'',0,0,0,'',1,'','Used','','',2,5),(965,'',580,43,63,220,0,'FF',9,0.00,'',0,0,0,'',4,'','Current:','','',2,6),(966,'',581,43,63,220,0,'FF',9,0.00,'',0,0,0,'',1,'','Average:','','',2,7),(967,'',582,43,63,220,0,'FF',9,0.00,'',0,0,0,'',3,'','Maximum:','','on',2,8),(968,'',583,43,63,221,20,'FF',4,1.00,'',0,0,0,'',1,'','','','',2,9),(969,'',584,43,63,220,344,'FF',4,1.00,'',0,0,0,'',1,'','','','',2,10),(970,'',575,44,63,223,20,'7F',7,0.00,'',0,0,0,'',1,'','Total','','',2,1),(971,'',576,44,63,223,0,'FF',9,0.00,'',0,0,0,'',4,'','Current:','','',2,2),(972,'',577,44,63,223,0,'FF',9,0.00,'',0,0,0,'',1,'','Average:','','',2,3),(973,'',578,44,63,223,0,'FF',9,0.00,'',0,0,0,'',3,'','Maximum:','','on',2,4),(974,'',579,44,63,222,48,'7F',7,0.00,'',0,0,0,'',1,'','Used','','',2,5),(975,'',580,44,63,222,0,'FF',9,0.00,'',0,0,0,'',4,'','Current:','','',2,6),(976,'',581,44,63,222,0,'FF',9,0.00,'',0,0,0,'',1,'','Average:','','',2,7),(977,'',582,44,63,222,0,'FF',9,0.00,'',0,0,0,'',3,'','Maximum:','','on',2,8),(978,'',583,44,63,223,20,'FF',4,1.00,'',0,0,0,'',1,'','','','',2,9),(979,'',584,44,63,222,344,'FF',4,1.00,'',0,0,0,'',1,'','','','',2,10),(980,'',575,45,63,225,20,'7F',7,0.00,'',0,0,0,'',1,'','Total','','',2,1),(981,'',576,45,63,225,0,'FF',9,0.00,'',0,0,0,'',4,'','Current:','','',2,2),(982,'',577,45,63,225,0,'FF',9,0.00,'',0,0,0,'',1,'','Average:','','',2,3),(983,'',578,45,63,225,0,'FF',9,0.00,'',0,0,0,'',3,'','Maximum:','','on',2,4),(984,'',579,45,63,224,48,'7F',7,0.00,'',0,0,0,'',1,'','Used','','',2,5),(985,'',580,45,63,224,0,'FF',9,0.00,'',0,0,0,'',4,'','Current:','','',2,6),(986,'',581,45,63,224,0,'FF',9,0.00,'',0,0,0,'',1,'','Average:','','',2,7),(987,'',582,45,63,224,0,'FF',9,0.00,'',0,0,0,'',3,'','Maximum:','','on',2,8),(988,'',583,45,63,225,20,'FF',4,1.00,'',0,0,0,'',1,'','','','',2,9),(989,'',584,45,63,224,344,'FF',4,1.00,'',0,0,0,'',1,'','','','',2,10),(990,'',575,46,63,227,20,'7F',7,0.00,'',0,0,0,'',1,'','Total','','',2,1),(991,'',576,46,63,227,0,'FF',9,0.00,'',0,0,0,'',4,'','Current:','','',2,2),(992,'',577,46,63,227,0,'FF',9,0.00,'',0,0,0,'',1,'','Average:','','',2,3),(993,'',578,46,63,227,0,'FF',9,0.00,'',0,0,0,'',3,'','Maximum:','','on',2,4),(994,'',579,46,63,226,48,'7F',7,0.00,'',0,0,0,'',1,'','Used','','',2,5),(995,'',580,46,63,226,0,'FF',9,0.00,'',0,0,0,'',4,'','Current:','','',2,6),(996,'',581,46,63,226,0,'FF',9,0.00,'',0,0,0,'',1,'','Average:','','',2,7),(997,'',582,46,63,226,0,'FF',9,0.00,'',0,0,0,'',3,'','Maximum:','','on',2,8),(998,'',583,46,63,227,20,'FF',4,1.00,'',0,0,0,'',1,'','','','',2,9),(999,'',584,46,63,226,344,'FF',4,1.00,'',0,0,0,'',1,'','','','',2,10),(1030,'',575,50,63,235,20,'7F',7,0.00,'',0,0,0,'',1,'','Total','','',2,1),(1031,'',576,50,63,235,0,'FF',9,0.00,'',0,0,0,'',4,'','Current:','','',2,2),(1032,'',577,50,63,235,0,'FF',9,0.00,'',0,0,0,'',1,'','Average:','','',2,3),(1033,'',578,50,63,235,0,'FF',9,0.00,'',0,0,0,'',3,'','Maximum:','','on',2,4),(1034,'',579,50,63,234,48,'7F',7,0.00,'',0,0,0,'',1,'','Used','','',2,5),(1035,'',580,50,63,234,0,'FF',9,0.00,'',0,0,0,'',4,'','Current:','','',2,6),(1036,'',581,50,63,234,0,'FF',9,0.00,'',0,0,0,'',1,'','Average:','','',2,7),(1037,'',582,50,63,234,0,'FF',9,0.00,'',0,0,0,'',3,'','Maximum:','','on',2,8),(1038,'',583,50,63,235,20,'FF',4,1.00,'',0,0,0,'',1,'','','','',2,9),(1039,'',584,50,63,234,344,'FF',4,1.00,'',0,0,0,'',1,'','','','',2,10),(1150,'',585,62,64,258,9,'7F',7,0.00,'',0,0,0,'',1,'','CPU Utilization','','',2,1),(1151,'',586,62,64,258,0,'FF',9,0.00,'',0,0,0,'',4,'','Current:','','',3,2),(1152,'',587,62,64,258,0,'FF',9,0.00,'',0,0,0,'',1,'','Average:','','',3,3),(1153,'',588,62,64,258,0,'FF',9,0.00,'',0,0,0,'',3,'','Maximum:','','on',3,4),(1154,'',589,62,64,258,9,'FF',4,1.00,'',0,0,0,'',3,'','','','',2,5),(1155,'',585,63,64,259,9,'7F',7,0.00,'',0,0,0,'',1,'','CPU Utilization','','',2,1),(1156,'',586,63,64,259,0,'FF',9,0.00,'',0,0,0,'',4,'','Current:','','',3,2),(1157,'',587,63,64,259,0,'FF',9,0.00,'',0,0,0,'',1,'','Average:','','',3,3),(1158,'',588,63,64,259,0,'FF',9,0.00,'',0,0,0,'',3,'','Maximum:','','on',3,4),(1159,'',589,63,64,259,9,'FF',4,1.00,'',0,0,0,'',3,'','','','',2,5),(1160,'',585,64,64,260,9,'7F',7,0.00,'',0,0,0,'',1,'','CPU Utilization','','',2,1),(1161,'',586,64,64,260,0,'FF',9,0.00,'',0,0,0,'',4,'','Current:','','',3,2),(1162,'',587,64,64,260,0,'FF',9,0.00,'',0,0,0,'',1,'','Average:','','',3,3),(1163,'',588,64,64,260,0,'FF',9,0.00,'',0,0,0,'',3,'','Maximum:','','on',3,4),(1164,'',589,64,64,260,9,'FF',4,1.00,'',0,0,0,'',3,'','','','',2,5),(1165,'',585,65,64,261,9,'7F',7,0.00,'',0,0,0,'',1,'','CPU Utilization','','',2,1),(1166,'',586,65,64,261,0,'FF',9,0.00,'',0,0,0,'',4,'','Current:','','',3,2),(1167,'',587,65,64,261,0,'FF',9,0.00,'',0,0,0,'',1,'','Average:','','',3,3),(1168,'',588,65,64,261,0,'FF',9,0.00,'',0,0,0,'',3,'','Maximum:','','on',3,4),(1169,'',589,65,64,261,9,'FF',4,1.00,'',0,0,0,'',3,'','','','',2,5),(1170,'',585,66,64,262,9,'7F',7,0.00,'',0,0,0,'',1,'','CPU Utilization','','',2,1),(1171,'',586,66,64,262,0,'FF',9,0.00,'',0,0,0,'',4,'','Current:','','',3,2),(1172,'',587,66,64,262,0,'FF',9,0.00,'',0,0,0,'',1,'','Average:','','',3,3),(1173,'',588,66,64,262,0,'FF',9,0.00,'',0,0,0,'',3,'','Maximum:','','on',3,4),(1174,'',589,66,64,262,9,'FF',4,1.00,'',0,0,0,'',3,'','','','',2,5),(1175,'',302,67,36,263,22,'FF',4,0.00,'',0,2,0,'',3,'','','','',2,1),(1176,'',303,67,36,263,22,'7F',7,0.00,'',0,2,0,'',1,'','Inbound','','',2,2),(1177,'',304,67,36,263,0,'FF',9,0.00,'',0,2,0,'',4,'','Current:','','',2,3),(1178,'',305,67,36,263,0,'FF',9,0.00,'',0,2,0,'',1,'','Average:','','',2,4),(1179,'',306,67,36,263,0,'FF',9,0.00,'',0,2,0,'',3,'','Maximum:','','on',2,5),(1180,'',307,67,36,264,20,'FF',4,0.00,'',0,2,0,'',3,'','','','',2,6),(1181,'',308,67,36,264,20,'7F',7,0.00,'',0,2,0,'',1,'','Outbound','','',2,7),(1182,'',309,67,36,264,0,'FF',9,0.00,'',0,2,0,'',4,'','Current:','','',2,8),(1183,'',310,67,36,264,0,'FF',9,0.00,'',0,2,0,'',1,'','Average:','','',2,9),(1184,'',311,67,36,264,0,'FF',9,0.00,'',0,2,0,'',3,'','Maximum:','','on',2,10),(1185,'',302,68,36,265,22,'FF',4,0.00,'',0,2,0,'',3,'','','','',2,1),(1186,'',303,68,36,265,22,'7F',7,0.00,'',0,2,0,'',1,'','Inbound','','',2,2),(1187,'',304,68,36,265,0,'FF',9,0.00,'',0,2,0,'',4,'','Current:','','',2,3),(1188,'',305,68,36,265,0,'FF',9,0.00,'',0,2,0,'',1,'','Average:','','',2,4),(1189,'',306,68,36,265,0,'FF',9,0.00,'',0,2,0,'',3,'','Maximum:','','on',2,5),(1190,'',307,68,36,266,20,'FF',4,0.00,'',0,2,0,'',3,'','','','',2,6),(1191,'',308,68,36,266,20,'7F',7,0.00,'',0,2,0,'',1,'','Outbound','','',2,7),(1192,'',309,68,36,266,0,'FF',9,0.00,'',0,2,0,'',4,'','Current:','','',2,8),(1193,'',310,68,36,266,0,'FF',9,0.00,'',0,2,0,'',1,'','Average:','','',2,9),(1194,'',311,68,36,266,0,'FF',9,0.00,'',0,2,0,'',3,'','Maximum:','','on',2,10),(1195,'',290,69,33,267,9,'FF',7,0.00,'',0,0,0,'',1,'','CPU Usage','','',2,1),(1196,'',291,69,33,267,0,'FF',9,0.00,'',0,0,0,'',4,'','Current:','','',3,2),(1197,'',292,69,33,267,0,'FF',9,0.00,'',0,0,0,'',1,'','Average:','','',3,3),(1198,'',293,69,33,267,0,'FF',9,0.00,'',0,0,0,'',3,'','Maximum:','','on',3,4),(1199,'',294,70,34,268,357,'FF',7,1.00,'',0,0,0,'',1,'','Time:','','',2,1),(1200,'',295,70,34,268,0,'FF',9,1.00,'',0,0,0,'',4,'','Cur:','','',2,2),(1201,'',296,70,34,268,0,'FF',9,1.00,'',0,0,0,'',1,'','Avg:','','',2,3),(1202,'',297,70,34,268,0,'FF',9,1.00,'',0,0,0,'',3,'','Max:','','on',2,4),(1203,'',298,71,35,269,145,'FF',7,1.00,'',0,17,0,'',1,'','Uptime:','','',2,1),(1204,'',299,71,35,269,0,'FF',9,1.00,'',0,17,0,'',4,'','Cur:','','',2,2),(1205,'',300,71,35,269,0,'FF',9,1.00,'',0,17,0,'',1,'','Avg:','','',2,3),(1206,'',301,71,35,269,0,'FF',9,1.00,'',0,17,0,'',3,'','Max:','','on',2,4),(1207,'',302,72,36,270,22,'FF',4,0.00,'',0,2,0,'',3,'','','','',2,1),(1208,'',303,72,36,270,22,'7F',7,0.00,'',0,2,0,'',1,'','Inbound','','',2,2),(1209,'',304,72,36,270,0,'FF',9,0.00,'',0,2,0,'',4,'','Current:','','',2,3),(1210,'',305,72,36,270,0,'FF',9,0.00,'',0,2,0,'',1,'','Average:','','',2,4),(1211,'',306,72,36,270,0,'FF',9,0.00,'',0,2,0,'',3,'','Maximum:','','on',2,5),(1212,'',307,72,36,271,20,'FF',4,0.00,'',0,2,0,'',3,'','','','',2,6),(1213,'',308,72,36,271,20,'7F',7,0.00,'',0,2,0,'',1,'','Outbound','','',2,7),(1214,'',309,72,36,271,0,'FF',9,0.00,'',0,2,0,'',4,'','Current:','','',2,8),(1215,'',310,72,36,271,0,'FF',9,0.00,'',0,2,0,'',1,'','Average:','','',2,9),(1216,'',311,72,36,271,0,'FF',9,0.00,'',0,2,0,'',3,'','Maximum:','','on',2,10),(1217,'',302,73,36,272,22,'FF',4,0.00,'',0,2,0,'',3,'','','','',2,1),(1218,'',303,73,36,272,22,'7F',7,0.00,'',0,2,0,'',1,'','Inbound','','',2,2),(1219,'',304,73,36,272,0,'FF',9,0.00,'',0,2,0,'',4,'','Current:','','',2,3),(1220,'',305,73,36,272,0,'FF',9,0.00,'',0,2,0,'',1,'','Average:','','',2,4),(1221,'',306,73,36,272,0,'FF',9,0.00,'',0,2,0,'',3,'','Maximum:','','on',2,5),(1222,'',307,73,36,273,20,'FF',4,0.00,'',0,2,0,'',3,'','','','',2,6),(1223,'',308,73,36,273,20,'7F',7,0.00,'',0,2,0,'',1,'','Outbound','','',2,7),(1224,'',309,73,36,273,0,'FF',9,0.00,'',0,2,0,'',4,'','Current:','','',2,8),(1225,'',310,73,36,273,0,'FF',9,0.00,'',0,2,0,'',1,'','Average:','','',2,9),(1226,'',311,73,36,273,0,'FF',9,0.00,'',0,2,0,'',3,'','Maximum:','','on',2,10),(1227,'',302,74,36,274,22,'FF',4,0.00,'',0,2,0,'',3,'','','','',2,1),(1228,'',303,74,36,274,22,'7F',7,0.00,'',0,2,0,'',1,'','Inbound','','',2,2),(1229,'',304,74,36,274,0,'FF',9,0.00,'',0,2,0,'',4,'','Current:','','',2,3),(1230,'',305,74,36,274,0,'FF',9,0.00,'',0,2,0,'',1,'','Average:','','',2,4),(1231,'',306,74,36,274,0,'FF',9,0.00,'',0,2,0,'',3,'','Maximum:','','on',2,5),(1232,'',307,74,36,275,20,'FF',4,0.00,'',0,2,0,'',3,'','','','',2,6),(1233,'',308,74,36,275,20,'7F',7,0.00,'',0,2,0,'',1,'','Outbound','','',2,7),(1234,'',309,74,36,275,0,'FF',9,0.00,'',0,2,0,'',4,'','Current:','','',2,8),(1235,'',310,74,36,275,0,'FF',9,0.00,'',0,2,0,'',1,'','Average:','','',2,9),(1236,'',311,74,36,275,0,'FF',9,0.00,'',0,2,0,'',3,'','Maximum:','','on',2,10),(1237,'',302,75,36,276,22,'FF',4,0.00,'',0,2,0,'',3,'','','','',2,1),(1238,'',303,75,36,276,22,'7F',7,0.00,'',0,2,0,'',1,'','Inbound','','',2,2),(1239,'',304,75,36,276,0,'FF',9,0.00,'',0,2,0,'',4,'','Current:','','',2,3),(1240,'',305,75,36,276,0,'FF',9,0.00,'',0,2,0,'',1,'','Average:','','',2,4),(1241,'',306,75,36,276,0,'FF',9,0.00,'',0,2,0,'',3,'','Maximum:','','on',2,5),(1242,'',307,75,36,277,20,'FF',4,0.00,'',0,2,0,'',3,'','','','',2,6),(1243,'',308,75,36,277,20,'7F',7,0.00,'',0,2,0,'',1,'','Outbound','','',2,7),(1244,'',309,75,36,277,0,'FF',9,0.00,'',0,2,0,'',4,'','Current:','','',2,8),(1245,'',310,75,36,277,0,'FF',9,0.00,'',0,2,0,'',1,'','Average:','','',2,9),(1246,'',311,75,36,277,0,'FF',9,0.00,'',0,2,0,'',3,'','Maximum:','','on',2,10),(1247,'',302,76,36,278,22,'FF',4,0.00,'',0,2,0,'',3,'','','','',2,1),(1248,'',303,76,36,278,22,'7F',7,0.00,'',0,2,0,'',1,'','Inbound','','',2,2),(1249,'',304,76,36,278,0,'FF',9,0.00,'',0,2,0,'',4,'','Current:','','',2,3),(1250,'',305,76,36,278,0,'FF',9,0.00,'',0,2,0,'',1,'','Average:','','',2,4),(1251,'',306,76,36,278,0,'FF',9,0.00,'',0,2,0,'',3,'','Maximum:','','on',2,5),(1252,'',307,76,36,279,20,'FF',4,0.00,'',0,2,0,'',3,'','','','',2,6),(1253,'',308,76,36,279,20,'7F',7,0.00,'',0,2,0,'',1,'','Outbound','','',2,7),(1254,'',309,76,36,279,0,'FF',9,0.00,'',0,2,0,'',4,'','Current:','','',2,8),(1255,'',310,76,36,279,0,'FF',9,0.00,'',0,2,0,'',1,'','Average:','','',2,9),(1256,'',311,76,36,279,0,'FF',9,0.00,'',0,2,0,'',3,'','Maximum:','','on',2,10),(1257,'',302,77,36,280,22,'FF',4,0.00,'',0,2,0,'',3,'','','','',2,1),(1258,'',303,77,36,280,22,'7F',7,0.00,'',0,2,0,'',1,'','Inbound','','',2,2),(1259,'',304,77,36,280,0,'FF',9,0.00,'',0,2,0,'',4,'','Current:','','',2,3),(1260,'',305,77,36,280,0,'FF',9,0.00,'',0,2,0,'',1,'','Average:','','',2,4),(1261,'',306,77,36,280,0,'FF',9,0.00,'',0,2,0,'',3,'','Maximum:','','on',2,5),(1262,'',307,77,36,281,20,'FF',4,0.00,'',0,2,0,'',3,'','','','',2,6),(1263,'',308,77,36,281,20,'7F',7,0.00,'',0,2,0,'',1,'','Outbound','','',2,7),(1264,'',309,77,36,281,0,'FF',9,0.00,'',0,2,0,'',4,'','Current:','','',2,8),(1265,'',310,77,36,281,0,'FF',9,0.00,'',0,2,0,'',1,'','Average:','','',2,9),(1266,'',311,77,36,281,0,'FF',9,0.00,'',0,2,0,'',3,'','Maximum:','','on',2,10),(1267,'',302,78,36,282,22,'FF',4,0.00,'',0,2,0,'',3,'','','','',2,1),(1268,'',303,78,36,282,22,'7F',7,0.00,'',0,2,0,'',1,'','Inbound','','',2,2),(1269,'',304,78,36,282,0,'FF',9,0.00,'',0,2,0,'',4,'','Current:','','',2,3),(1270,'',305,78,36,282,0,'FF',9,0.00,'',0,2,0,'',1,'','Average:','','',2,4),(1271,'',306,78,36,282,0,'FF',9,0.00,'',0,2,0,'',3,'','Maximum:','','on',2,5),(1272,'',307,78,36,283,20,'FF',4,0.00,'',0,2,0,'',3,'','','','',2,6),(1273,'',308,78,36,283,20,'7F',7,0.00,'',0,2,0,'',1,'','Outbound','','',2,7),(1274,'',309,78,36,283,0,'FF',9,0.00,'',0,2,0,'',4,'','Current:','','',2,8),(1275,'',310,78,36,283,0,'FF',9,0.00,'',0,2,0,'',1,'','Average:','','',2,9),(1276,'',311,78,36,283,0,'FF',9,0.00,'',0,2,0,'',3,'','Maximum:','','on',2,10),(1277,'',294,79,34,284,357,'FF',7,1.00,'',0,0,0,'',1,'','Time:','','',2,1),(1278,'',295,79,34,284,0,'FF',9,1.00,'',0,0,0,'',4,'','Cur:','','',2,2),(1279,'',296,79,34,284,0,'FF',9,1.00,'',0,0,0,'',1,'','Avg:','','',2,3),(1280,'',297,79,34,284,0,'FF',9,1.00,'',0,0,0,'',3,'','Max:','','on',2,4),(1281,'',298,80,35,285,145,'FF',7,1.00,'',0,17,0,'',1,'','Uptime:','','',2,1),(1282,'',299,80,35,285,0,'FF',9,1.00,'',0,17,0,'',4,'','Cur:','','',2,2),(1283,'',300,80,35,285,0,'FF',9,1.00,'',0,17,0,'',1,'','Avg:','','',2,3),(1284,'',301,80,35,285,0,'FF',9,1.00,'',0,17,0,'',3,'','Max:','','on',2,4),(1285,'',470,81,53,286,15,'7F',7,0.00,'',0,0,0,'',1,'','1 Minute Average','','',2,1),(1286,'',471,81,53,286,0,'FF',9,0.00,'',0,0,0,'',4,'','Current:','','',4,2),(1287,'',472,81,53,286,0,'FF',9,0.00,'',0,0,0,'',1,'','Average:','','',4,3),(1288,'',473,81,53,286,0,'FF',9,0.00,'',0,0,0,'',3,'','Maximum:','','on',4,4),(1289,'',474,81,53,288,8,'7F',8,0.00,'',0,0,0,'',1,'','5 Minute Average','','',2,5),(1290,'',475,81,53,288,0,'FF',9,0.00,'',0,0,0,'',4,'','Current:','','',4,6),(1291,'',476,81,53,288,0,'FF',9,0.00,'',0,0,0,'',1,'','Average:','','',4,7),(1292,'',477,81,53,288,0,'FF',9,0.00,'',0,0,0,'',3,'','Maximum:','','on',4,8),(1293,'',478,81,53,287,9,'7F',8,0.00,'',0,0,0,'',1,'','15 Minute Average','','',2,9),(1294,'',479,81,53,287,0,'FF',9,0.00,'',0,0,0,'',4,'','Current:','','',4,10),(1295,'',480,81,53,287,0,'FF',9,0.00,'',0,0,0,'',1,'','Average:','','',4,11),(1296,'',481,81,53,287,0,'FF',9,0.00,'',0,0,0,'',3,'','Maximum:','','on',4,12),(1297,'',482,81,53,286,15,'FF',4,1.00,'',0,0,0,'',3,'','','','',2,13),(1298,'',483,81,53,288,8,'FF',20,1.00,'',0,0,0,'',3,'','','','',2,14),(1299,'',484,81,53,287,9,'FF',20,1.00,'',0,0,0,'',3,'','','','',2,15),(1300,'',485,82,54,292,142,'7F',7,1.00,'',0,14,0,'',1,'','Memory Total','','',2,1),(1301,'',486,82,54,292,0,'FF',9,1.00,'',0,14,0,'',4,'','Current:','','',2,2),(1302,'',487,82,54,292,0,'FF',9,1.00,'',0,14,0,'',1,'','Average:','','',2,3),(1303,'',488,82,54,292,0,'FF',9,1.00,'',0,0,0,'',3,'','Maximum:','','on',2,4),(1304,'',489,82,54,289,35,'7F',7,0.00,'',0,14,0,'',1,'','Memory Buffers','','',2,5),(1305,'',490,82,54,289,0,'FF',9,0.00,'',0,14,0,'',4,'','Current:','','',2,6),(1306,'',491,82,54,289,0,'FF',9,0.00,'',0,14,0,'',1,'','Average:','','',2,7),(1307,'',492,82,54,289,0,'FF',9,0.00,'',0,14,0,'',3,'','Maximum:','','on',2,8),(1308,'',493,82,54,290,30,'7F',8,0.00,'',0,14,0,'',1,'','Cache Memory','','',2,9),(1309,'',494,82,54,290,0,'FF',9,0.00,'',0,14,0,'',4,'','Current:','','',2,10),(1310,'',495,82,54,290,0,'FF',9,0.00,'',0,14,0,'',1,'','Average:','','',2,11),(1311,'',496,82,54,290,0,'FF',9,0.00,'',0,14,0,'',3,'','Maximum:','','on',2,12),(1312,'',497,82,54,291,52,'7F',8,0.00,'',0,14,0,'',1,'','Memory Free','','',2,13),(1313,'',498,82,54,291,0,'FF',9,0.00,'',0,14,0,'',4,'','Current:','','',2,14),(1314,'',499,82,54,291,0,'FF',9,0.00,'',0,14,0,'',1,'','Average:','','',2,15),(1315,'',500,82,54,291,0,'FF',9,0.00,'',0,14,0,'',3,'','Maximum:','','on',2,16),(1316,'',501,82,54,292,143,'FF',4,1.00,'',0,14,0,'',3,'','','','',2,17),(1317,'',502,82,54,289,35,'FF',4,1.00,'',0,14,0,'',3,'','','','',2,18),(1318,'',503,82,54,290,30,'FF',20,1.00,'',0,14,0,'',3,'','','','',2,19),(1319,'',504,82,54,291,52,'FF',20,1.00,'',0,14,0,'',3,'','','','',2,20),(1320,'',505,83,55,293,67,'7F',7,0.00,'',0,0,0,'',1,'','Users','','',2,1),(1321,'',506,83,55,293,0,'FF',9,0.00,'',0,0,0,'',4,'','Current:','','',3,2),(1322,'',507,83,55,293,0,'FF',9,0.00,'',0,0,0,'',1,'','Average:','','',3,3),(1323,'',508,83,55,293,0,'FF',9,0.00,'',0,0,0,'',3,'','Maximum:','','on',3,4),(1324,'',509,83,55,293,67,'FF',4,1.00,'',0,0,0,'',3,'','','','',2,5),(1325,'',510,84,56,294,48,'7F',7,0.00,'',0,0,0,'',1,'','Running Processes','','',2,1),(1326,'',511,84,56,294,0,'FF',9,0.00,'',0,0,0,'',4,'','Current:','','',3,2),(1327,'',512,84,56,294,0,'FF',9,0.00,'',0,0,0,'',1,'','Average:','','',3,3),(1328,'',513,84,56,294,0,'FF',9,0.00,'',0,0,0,'',3,'','Maximum:','','',3,4),(1329,'',514,84,56,294,48,'FF',4,1.00,'',0,0,0,'',3,'','','','',2,5),(1330,'',515,85,57,296,48,'7F',7,0.00,'',0,0,0,'',1,'','System:','','',2,1),(1331,'',516,85,57,296,0,'FF',9,0.00,'',0,0,0,'',4,'','Current:','','',5,2),(1332,'',517,85,57,296,0,'FF',9,0.00,'',0,0,0,'',1,'','Average:','','',5,3),(1333,'',518,85,57,296,0,'FF',9,0.00,'',0,0,0,'',3,'','Maximum:','','on',5,4),(1334,'',519,85,57,297,6,'7F',8,0.00,'',0,0,0,'',1,'','User:','','',2,5),(1335,'',520,85,57,297,0,'FF',9,0.00,'',0,0,0,'',4,'','Current:','','',5,6),(1336,'',521,85,57,297,0,'FF',9,0.00,'',0,0,0,'',1,'','Average:','','',5,7),(1337,'',522,85,57,297,0,'FF',9,0.00,'',0,0,0,'',3,'','Maximum:','','on',5,8),(1338,'',523,85,57,295,112,'7F',8,0.00,'',0,0,0,'',1,'','Idle:','','',2,9),(1339,'',524,85,57,295,0,'FF',9,0.00,'',0,0,0,'',4,'','Current:','','',5,10),(1340,'',525,85,57,295,0,'FF',9,0.00,'',0,0,0,'',1,'','Average:','','',5,11),(1341,'',526,85,57,295,0,'FF',9,0.00,'',0,0,0,'',3,'','Maximum:','','on',5,12),(1342,'',527,85,57,0,69,'7F',8,0.00,'',0,18,0,'',1,'','IO Wait:','','',2,13),(1343,'',528,85,57,0,0,'FF',9,0.00,'',0,18,0,'',4,'','Current:','','',5,14),(1344,'',529,85,57,0,0,'FF',9,0.00,'',0,18,0,'',1,'','Average:','','',5,15),(1345,'',530,85,57,0,0,'FF',9,0.00,'',0,18,0,'',3,'','Maximum:','','on',5,16),(1346,'',531,86,58,298,46,'FF',4,0.00,'',0,0,0,'',3,'','','','',2,1),(1347,'',532,86,58,298,46,'7F',7,0.00,'',0,0,0,'',1,'','Interrupts:','','',2,2),(1348,'',533,86,58,298,0,'FF',9,0.00,'',0,0,0,'',4,'','Current:','','',3,3),(1349,'',534,86,58,298,0,'FF',9,0.00,'',0,0,0,'',1,'','Average:','','',3,4),(1350,'',535,86,58,298,0,'FF',9,0.00,'',0,0,0,'',3,'','Maximum:','','on',3,5),(1351,'',536,87,59,299,65,'FF',4,0.00,'',0,0,0,'',3,'','','','',2,1),(1352,'',537,87,59,299,65,'7F',7,0.00,'',0,0,0,'',1,'','Context Switches:','','',2,2),(1353,'',538,87,59,299,0,'FF',9,0.00,'',0,0,0,'',4,'','Current:','','',3,3),(1354,'',539,87,59,299,0,'FF',9,0.00,'',0,0,0,'',1,'','Average:','','',3,4),(1355,'',540,87,59,299,0,'FF',9,0.00,'',0,0,0,'',3,'','Maximum:','','on',3,5),(1356,'',541,88,60,300,67,'7F',7,0.00,'',0,19,0,'',1,'','Reads:','','',2,1),(1357,'',542,88,60,300,0,'FF',9,0.00,'',0,19,0,'',4,'','Current:','','',3,2),(1358,'',543,88,60,300,0,'FF',9,0.00,'',0,19,0,'',1,'','Average:','','',3,3),(1359,'',544,88,60,300,0,'FF',9,0.00,'',0,19,0,'',3,'','Maximum:','','on',3,4),(1360,'',545,88,60,301,41,'7F',8,0.00,'',0,19,0,'',1,'','Writes:','','',2,5),(1361,'',546,88,60,301,0,'FF',9,0.00,'',0,19,0,'',4,'','Current:','','',3,6),(1362,'',547,88,60,301,0,'FF',9,0.00,'',0,19,0,'',1,'','Average:','','',3,7),(1363,'',548,88,60,301,0,'FF',9,0.00,'',0,19,0,'',3,'','Maximum:','','on',3,8),(1364,'',549,88,60,300,67,'FF',4,1.00,'',0,19,0,'',3,'','','','',2,9),(1365,'',550,88,60,301,41,'FF',20,1.00,'',0,19,0,'',3,'','','','',2,10),(1366,'',551,89,61,302,60,'7F',7,0.00,'',0,19,0,'',1,'','Bytes Read:','','',2,1),(1367,'',552,89,61,302,0,'FF',9,0.00,'',0,19,0,'',4,'','Current:','','',2,2),(1368,'',553,89,61,302,0,'FF',9,0.00,'',0,19,0,'',1,'','Average:','','',2,3),(1369,'',554,89,61,302,0,'FF',9,0.00,'',0,19,0,'',3,'','Maximum:','','on',2,4),(1370,'',555,89,61,303,31,'7F',8,0.00,'',0,19,0,'',1,'','Bytes Written:','','',2,5),(1371,'',556,89,61,303,0,'FF',9,0.00,'',0,19,0,'',4,'','Current:','','',2,6),(1372,'',557,89,61,303,0,'FF',9,0.00,'',0,19,0,'',1,'','Average:','','',2,7),(1373,'',558,89,61,303,0,'FF',9,0.00,'',0,19,0,'',3,'','Maximum:','','on',2,8),(1374,'',559,89,61,302,60,'FF',4,1.00,'',0,19,0,'',3,'','','','',2,9),(1375,'',560,89,61,303,31,'FF',20,1.00,'',0,19,0,'',3,'','','','',2,10),(1376,'',575,90,63,305,20,'7F',7,0.00,'',0,0,0,'',1,'','Total','','',2,1),(1377,'',576,90,63,305,0,'FF',9,0.00,'',0,0,0,'',4,'','Current:','','',2,2),(1378,'',577,90,63,305,0,'FF',9,0.00,'',0,0,0,'',1,'','Average:','','',2,3),(1379,'',578,90,63,305,0,'FF',9,0.00,'',0,0,0,'',3,'','Maximum:','','on',2,4),(1380,'',579,90,63,304,48,'7F',7,0.00,'',0,0,0,'',1,'','Used','','',2,5),(1381,'',580,90,63,304,0,'FF',9,0.00,'',0,0,0,'',4,'','Current:','','',2,6),(1382,'',581,90,63,304,0,'FF',9,0.00,'',0,0,0,'',1,'','Average:','','',2,7),(1383,'',582,90,63,304,0,'FF',9,0.00,'',0,0,0,'',3,'','Maximum:','','on',2,8),(1384,'',583,90,63,305,20,'FF',4,1.00,'',0,0,0,'',1,'','','','',2,9),(1385,'',584,90,63,304,344,'FF',4,1.00,'',0,0,0,'',1,'','','','',2,10),(1386,'',575,91,63,307,20,'7F',7,0.00,'',0,0,0,'',1,'','Total','','',2,1),(1387,'',576,91,63,307,0,'FF',9,0.00,'',0,0,0,'',4,'','Current:','','',2,2),(1388,'',577,91,63,307,0,'FF',9,0.00,'',0,0,0,'',1,'','Average:','','',2,3),(1389,'',578,91,63,307,0,'FF',9,0.00,'',0,0,0,'',3,'','Maximum:','','on',2,4),(1390,'',579,91,63,306,48,'7F',7,0.00,'',0,0,0,'',1,'','Used','','',2,5),(1391,'',580,91,63,306,0,'FF',9,0.00,'',0,0,0,'',4,'','Current:','','',2,6),(1392,'',581,91,63,306,0,'FF',9,0.00,'',0,0,0,'',1,'','Average:','','',2,7),(1393,'',582,91,63,306,0,'FF',9,0.00,'',0,0,0,'',3,'','Maximum:','','on',2,8),(1394,'',583,91,63,307,20,'FF',4,1.00,'',0,0,0,'',1,'','','','',2,9),(1395,'',584,91,63,306,344,'FF',4,1.00,'',0,0,0,'',1,'','','','',2,10),(1396,'',575,92,63,309,20,'7F',7,0.00,'',0,0,0,'',1,'','Total','','',2,1),(1397,'',576,92,63,309,0,'FF',9,0.00,'',0,0,0,'',4,'','Current:','','',2,2),(1398,'',577,92,63,309,0,'FF',9,0.00,'',0,0,0,'',1,'','Average:','','',2,3),(1399,'',578,92,63,309,0,'FF',9,0.00,'',0,0,0,'',3,'','Maximum:','','on',2,4),(1400,'',579,92,63,308,48,'7F',7,0.00,'',0,0,0,'',1,'','Used','','',2,5),(1401,'',580,92,63,308,0,'FF',9,0.00,'',0,0,0,'',4,'','Current:','','',2,6),(1402,'',581,92,63,308,0,'FF',9,0.00,'',0,0,0,'',1,'','Average:','','',2,7),(1403,'',582,92,63,308,0,'FF',9,0.00,'',0,0,0,'',3,'','Maximum:','','on',2,8),(1404,'',583,92,63,309,20,'FF',4,1.00,'',0,0,0,'',1,'','','','',2,9),(1405,'',584,92,63,308,344,'FF',4,1.00,'',0,0,0,'',1,'','','','',2,10),(1406,'',575,93,63,311,20,'7F',7,0.00,'',0,0,0,'',1,'','Total','','',2,1),(1407,'',576,93,63,311,0,'FF',9,0.00,'',0,0,0,'',4,'','Current:','','',2,2),(1408,'',577,93,63,311,0,'FF',9,0.00,'',0,0,0,'',1,'','Average:','','',2,3),(1409,'',578,93,63,311,0,'FF',9,0.00,'',0,0,0,'',3,'','Maximum:','','on',2,4),(1410,'',579,93,63,310,48,'7F',7,0.00,'',0,0,0,'',1,'','Used','','',2,5),(1411,'',580,93,63,310,0,'FF',9,0.00,'',0,0,0,'',4,'','Current:','','',2,6),(1412,'',581,93,63,310,0,'FF',9,0.00,'',0,0,0,'',1,'','Average:','','',2,7),(1413,'',582,93,63,310,0,'FF',9,0.00,'',0,0,0,'',3,'','Maximum:','','on',2,8),(1414,'',583,93,63,311,20,'FF',4,1.00,'',0,0,0,'',1,'','','','',2,9),(1415,'',584,93,63,310,344,'FF',4,1.00,'',0,0,0,'',1,'','','','',2,10),(1416,'',575,94,63,313,20,'7F',7,0.00,'',0,0,0,'',1,'','Total','','',2,1),(1417,'',576,94,63,313,0,'FF',9,0.00,'',0,0,0,'',4,'','Current:','','',2,2),(1418,'',577,94,63,313,0,'FF',9,0.00,'',0,0,0,'',1,'','Average:','','',2,3),(1419,'',578,94,63,313,0,'FF',9,0.00,'',0,0,0,'',3,'','Maximum:','','on',2,4),(1420,'',579,94,63,312,48,'7F',7,0.00,'',0,0,0,'',1,'','Used','','',2,5),(1421,'',580,94,63,312,0,'FF',9,0.00,'',0,0,0,'',4,'','Current:','','',2,6),(1422,'',581,94,63,312,0,'FF',9,0.00,'',0,0,0,'',1,'','Average:','','',2,7),(1423,'',582,94,63,312,0,'FF',9,0.00,'',0,0,0,'',3,'','Maximum:','','on',2,8),(1424,'',583,94,63,313,20,'FF',4,1.00,'',0,0,0,'',1,'','','','',2,9),(1425,'',584,94,63,312,344,'FF',4,1.00,'',0,0,0,'',1,'','','','',2,10),(1426,'',575,95,63,315,20,'7F',7,0.00,'',0,0,0,'',1,'','Total','','',2,1),(1427,'',576,95,63,315,0,'FF',9,0.00,'',0,0,0,'',4,'','Current:','','',2,2),(1428,'',577,95,63,315,0,'FF',9,0.00,'',0,0,0,'',1,'','Average:','','',2,3),(1429,'',578,95,63,315,0,'FF',9,0.00,'',0,0,0,'',3,'','Maximum:','','on',2,4),(1430,'',579,95,63,314,48,'7F',7,0.00,'',0,0,0,'',1,'','Used','','',2,5),(1431,'',580,95,63,314,0,'FF',9,0.00,'',0,0,0,'',4,'','Current:','','',2,6),(1432,'',581,95,63,314,0,'FF',9,0.00,'',0,0,0,'',1,'','Average:','','',2,7),(1433,'',582,95,63,314,0,'FF',9,0.00,'',0,0,0,'',3,'','Maximum:','','on',2,8),(1434,'',583,95,63,315,20,'FF',4,1.00,'',0,0,0,'',1,'','','','',2,9),(1435,'',584,95,63,314,344,'FF',4,1.00,'',0,0,0,'',1,'','','','',2,10),(1436,'',575,96,63,317,20,'7F',7,0.00,'',0,0,0,'',1,'','Total','','',2,1),(1437,'',576,96,63,317,0,'FF',9,0.00,'',0,0,0,'',4,'','Current:','','',2,2),(1438,'',577,96,63,317,0,'FF',9,0.00,'',0,0,0,'',1,'','Average:','','',2,3),(1439,'',578,96,63,317,0,'FF',9,0.00,'',0,0,0,'',3,'','Maximum:','','on',2,4),(1440,'',579,96,63,316,48,'7F',7,0.00,'',0,0,0,'',1,'','Used','','',2,5),(1441,'',580,96,63,316,0,'FF',9,0.00,'',0,0,0,'',4,'','Current:','','',2,6),(1442,'',581,96,63,316,0,'FF',9,0.00,'',0,0,0,'',1,'','Average:','','',2,7),(1443,'',582,96,63,316,0,'FF',9,0.00,'',0,0,0,'',3,'','Maximum:','','on',2,8),(1444,'',583,96,63,317,20,'FF',4,1.00,'',0,0,0,'',1,'','','','',2,9),(1445,'',584,96,63,316,344,'FF',4,1.00,'',0,0,0,'',1,'','','','',2,10),(1446,'',575,97,63,319,20,'7F',7,0.00,'',0,0,0,'',1,'','Total','','',2,1),(1447,'',576,97,63,319,0,'FF',9,0.00,'',0,0,0,'',4,'','Current:','','',2,2),(1448,'',577,97,63,319,0,'FF',9,0.00,'',0,0,0,'',1,'','Average:','','',2,3),(1449,'',578,97,63,319,0,'FF',9,0.00,'',0,0,0,'',3,'','Maximum:','','on',2,4),(1450,'',579,97,63,318,48,'7F',7,0.00,'',0,0,0,'',1,'','Used','','',2,5),(1451,'',580,97,63,318,0,'FF',9,0.00,'',0,0,0,'',4,'','Current:','','',2,6),(1452,'',581,97,63,318,0,'FF',9,0.00,'',0,0,0,'',1,'','Average:','','',2,7),(1453,'',582,97,63,318,0,'FF',9,0.00,'',0,0,0,'',3,'','Maximum:','','on',2,8),(1454,'',583,97,63,319,20,'FF',4,1.00,'',0,0,0,'',1,'','','','',2,9),(1455,'',584,97,63,318,344,'FF',4,1.00,'',0,0,0,'',1,'','','','',2,10),(1456,'',585,98,64,320,9,'7F',7,0.00,'',0,0,0,'',1,'','CPU Utilization','','',2,1),(1457,'',586,98,64,320,0,'FF',9,0.00,'',0,0,0,'',4,'','Current:','','',3,2),(1458,'',587,98,64,320,0,'FF',9,0.00,'',0,0,0,'',1,'','Average:','','',3,3),(1459,'',588,98,64,320,0,'FF',9,0.00,'',0,0,0,'',3,'','Maximum:','','on',3,4),(1460,'',589,98,64,320,9,'FF',4,1.00,'',0,0,0,'',3,'','','','',2,5),(1461,'',585,99,64,321,9,'7F',7,0.00,'',0,0,0,'',1,'','CPU Utilization','','',2,1),(1462,'',586,99,64,321,0,'FF',9,0.00,'',0,0,0,'',4,'','Current:','','',3,2),(1463,'',587,99,64,321,0,'FF',9,0.00,'',0,0,0,'',1,'','Average:','','',3,3),(1464,'',588,99,64,321,0,'FF',9,0.00,'',0,0,0,'',3,'','Maximum:','','on',3,4),(1465,'',589,99,64,321,9,'FF',4,1.00,'',0,0,0,'',3,'','','','',2,5),(1466,'',585,100,64,322,9,'7F',7,0.00,'',0,0,0,'',1,'','CPU Utilization','','',2,1),(1467,'',586,100,64,322,0,'FF',9,0.00,'',0,0,0,'',4,'','Current:','','',3,2),(1468,'',587,100,64,322,0,'FF',9,0.00,'',0,0,0,'',1,'','Average:','','',3,3),(1469,'',588,100,64,322,0,'FF',9,0.00,'',0,0,0,'',3,'','Maximum:','','on',3,4),(1470,'',589,100,64,322,9,'FF',4,1.00,'',0,0,0,'',3,'','','','',2,5),(1471,'',302,101,36,323,22,'FF',4,0.00,'',0,2,0,'',3,'','','','',2,1),(1472,'',303,101,36,323,22,'7F',7,0.00,'',0,2,0,'',1,'','Inbound','','',2,2),(1473,'',304,101,36,323,0,'FF',9,0.00,'',0,2,0,'',4,'','Current:','','',2,3),(1474,'',305,101,36,323,0,'FF',9,0.00,'',0,2,0,'',1,'','Average:','','',2,4),(1475,'',306,101,36,323,0,'FF',9,0.00,'',0,2,0,'',3,'','Maximum:','','on',2,5),(1476,'',307,101,36,324,20,'FF',4,0.00,'',0,2,0,'',3,'','','','',2,6),(1477,'',308,101,36,324,20,'7F',7,0.00,'',0,2,0,'',1,'','Outbound','','',2,7),(1478,'',309,101,36,324,0,'FF',9,0.00,'',0,2,0,'',4,'','Current:','','',2,8),(1479,'',310,101,36,324,0,'FF',9,0.00,'',0,2,0,'',1,'','Average:','','',2,9),(1480,'',311,101,36,324,0,'FF',9,0.00,'',0,2,0,'',3,'','Maximum:','','on',2,10),(1481,'',302,102,36,325,22,'FF',4,0.00,'',0,2,0,'',3,'','','','',2,1),(1482,'',303,102,36,325,22,'7F',7,0.00,'',0,2,0,'',1,'','Inbound','','',2,2),(1483,'',304,102,36,325,0,'FF',9,0.00,'',0,2,0,'',4,'','Current:','','',2,3),(1484,'',305,102,36,325,0,'FF',9,0.00,'',0,2,0,'',1,'','Average:','','',2,4),(1485,'',306,102,36,325,0,'FF',9,0.00,'',0,2,0,'',3,'','Maximum:','','on',2,5),(1486,'',307,102,36,326,20,'FF',4,0.00,'',0,2,0,'',3,'','','','',2,6),(1487,'',308,102,36,326,20,'7F',7,0.00,'',0,2,0,'',1,'','Outbound','','',2,7),(1488,'',309,102,36,326,0,'FF',9,0.00,'',0,2,0,'',4,'','Current:','','',2,8),(1489,'',310,102,36,326,0,'FF',9,0.00,'',0,2,0,'',1,'','Average:','','',2,9),(1490,'',311,102,36,326,0,'FF',9,0.00,'',0,2,0,'',3,'','Maximum:','','on',2,10),(1491,'',302,103,36,327,22,'FF',4,0.00,'',0,2,0,'',3,'','','','',2,1),(1492,'',303,103,36,327,22,'7F',7,0.00,'',0,2,0,'',1,'','Inbound','','',2,2),(1493,'',304,103,36,327,0,'FF',9,0.00,'',0,2,0,'',4,'','Current:','','',2,3),(1494,'',305,103,36,327,0,'FF',9,0.00,'',0,2,0,'',1,'','Average:','','',2,4),(1495,'',306,103,36,327,0,'FF',9,0.00,'',0,2,0,'',3,'','Maximum:','','on',2,5),(1496,'',307,103,36,328,20,'FF',4,0.00,'',0,2,0,'',3,'','','','',2,6),(1497,'',308,103,36,328,20,'7F',7,0.00,'',0,2,0,'',1,'','Outbound','','',2,7),(1498,'',309,103,36,328,0,'FF',9,0.00,'',0,2,0,'',4,'','Current:','','',2,8),(1499,'',310,103,36,328,0,'FF',9,0.00,'',0,2,0,'',1,'','Average:','','',2,9),(1500,'',311,103,36,328,0,'FF',9,0.00,'',0,2,0,'',3,'','Maximum:','','on',2,10),(1501,'',302,104,36,329,22,'FF',4,0.00,'',0,2,0,'',3,'','','','',2,1),(1502,'',303,104,36,329,22,'7F',7,0.00,'',0,2,0,'',1,'','Inbound','','',2,2),(1503,'',304,104,36,329,0,'FF',9,0.00,'',0,2,0,'',4,'','Current:','','',2,3),(1504,'',305,104,36,329,0,'FF',9,0.00,'',0,2,0,'',1,'','Average:','','',2,4),(1505,'',306,104,36,329,0,'FF',9,0.00,'',0,2,0,'',3,'','Maximum:','','on',2,5),(1506,'',307,104,36,330,20,'FF',4,0.00,'',0,2,0,'',3,'','','','',2,6),(1507,'',308,104,36,330,20,'7F',7,0.00,'',0,2,0,'',1,'','Outbound','','',2,7),(1508,'',309,104,36,330,0,'FF',9,0.00,'',0,2,0,'',4,'','Current:','','',2,8),(1509,'',310,104,36,330,0,'FF',9,0.00,'',0,2,0,'',1,'','Average:','','',2,9),(1510,'',311,104,36,330,0,'FF',9,0.00,'',0,2,0,'',3,'','Maximum:','','on',2,10),(1511,'',302,105,36,331,22,'FF',4,0.00,'',0,2,0,'',3,'','','','',2,1),(1512,'',303,105,36,331,22,'7F',7,0.00,'',0,2,0,'',1,'','Inbound','','',2,2),(1513,'',304,105,36,331,0,'FF',9,0.00,'',0,2,0,'',4,'','Current:','','',2,3),(1514,'',305,105,36,331,0,'FF',9,0.00,'',0,2,0,'',1,'','Average:','','',2,4),(1515,'',306,105,36,331,0,'FF',9,0.00,'',0,2,0,'',3,'','Maximum:','','on',2,5),(1516,'',307,105,36,332,20,'FF',4,0.00,'',0,2,0,'',3,'','','','',2,6),(1517,'',308,105,36,332,20,'7F',7,0.00,'',0,2,0,'',1,'','Outbound','','',2,7),(1518,'',309,105,36,332,0,'FF',9,0.00,'',0,2,0,'',4,'','Current:','','',2,8),(1519,'',310,105,36,332,0,'FF',9,0.00,'',0,2,0,'',1,'','Average:','','',2,9),(1520,'',311,105,36,332,0,'FF',9,0.00,'',0,2,0,'',3,'','Maximum:','','on',2,10),(1521,'',302,106,36,333,22,'FF',4,0.00,'',0,2,0,'',3,'','','','',2,1),(1522,'',303,106,36,333,22,'7F',7,0.00,'',0,2,0,'',1,'','Inbound','','',2,2),(1523,'',304,106,36,333,0,'FF',9,0.00,'',0,2,0,'',4,'','Current:','','',2,3),(1524,'',305,106,36,333,0,'FF',9,0.00,'',0,2,0,'',1,'','Average:','','',2,4),(1525,'',306,106,36,333,0,'FF',9,0.00,'',0,2,0,'',3,'','Maximum:','','on',2,5),(1526,'',307,106,36,334,20,'FF',4,0.00,'',0,2,0,'',3,'','','','',2,6),(1527,'',308,106,36,334,20,'7F',7,0.00,'',0,2,0,'',1,'','Outbound','','',2,7),(1528,'',309,106,36,334,0,'FF',9,0.00,'',0,2,0,'',4,'','Current:','','',2,8),(1529,'',310,106,36,334,0,'FF',9,0.00,'',0,2,0,'',1,'','Average:','','',2,9),(1530,'',311,106,36,334,0,'FF',9,0.00,'',0,2,0,'',3,'','Maximum:','','on',2,10),(1531,'',302,107,36,335,22,'FF',4,0.00,'',0,2,0,'',3,'','','','',2,1),(1532,'',303,107,36,335,22,'7F',7,0.00,'',0,2,0,'',1,'','Inbound','','',2,2),(1533,'',304,107,36,335,0,'FF',9,0.00,'',0,2,0,'',4,'','Current:','','',2,3),(1534,'',305,107,36,335,0,'FF',9,0.00,'',0,2,0,'',1,'','Average:','','',2,4),(1535,'',306,107,36,335,0,'FF',9,0.00,'',0,2,0,'',3,'','Maximum:','','on',2,5),(1536,'',307,107,36,336,20,'FF',4,0.00,'',0,2,0,'',3,'','','','',2,6),(1537,'',308,107,36,336,20,'7F',7,0.00,'',0,2,0,'',1,'','Outbound','','',2,7),(1538,'',309,107,36,336,0,'FF',9,0.00,'',0,2,0,'',4,'','Current:','','',2,8),(1539,'',310,107,36,336,0,'FF',9,0.00,'',0,2,0,'',1,'','Average:','','',2,9),(1540,'',311,107,36,336,0,'FF',9,0.00,'',0,2,0,'',3,'','Maximum:','','on',2,10),(1541,'',302,108,36,337,22,'FF',4,0.00,'',0,2,0,'',3,'','','','',2,1),(1542,'',303,108,36,337,22,'7F',7,0.00,'',0,2,0,'',1,'','Inbound','','',2,2),(1543,'',304,108,36,337,0,'FF',9,0.00,'',0,2,0,'',4,'','Current:','','',2,3),(1544,'',305,108,36,337,0,'FF',9,0.00,'',0,2,0,'',1,'','Average:','','',2,4),(1545,'',306,108,36,337,0,'FF',9,0.00,'',0,2,0,'',3,'','Maximum:','','on',2,5),(1546,'',307,108,36,338,20,'FF',4,0.00,'',0,2,0,'',3,'','','','',2,6),(1547,'',308,108,36,338,20,'7F',7,0.00,'',0,2,0,'',1,'','Outbound','','',2,7),(1548,'',309,108,36,338,0,'FF',9,0.00,'',0,2,0,'',4,'','Current:','','',2,8),(1549,'',310,108,36,338,0,'FF',9,0.00,'',0,2,0,'',1,'','Average:','','',2,9),(1550,'',311,108,36,338,0,'FF',9,0.00,'',0,2,0,'',3,'','Maximum:','','on',2,10),(1551,'',294,109,34,339,357,'FF',7,1.00,'',0,0,0,'',1,'','Time:','','',2,1),(1552,'',295,109,34,339,0,'FF',9,1.00,'',0,0,0,'',4,'','Cur:','','',2,2),(1553,'',296,109,34,339,0,'FF',9,1.00,'',0,0,0,'',1,'','Avg:','','',2,3),(1554,'',297,109,34,339,0,'FF',9,1.00,'',0,0,0,'',3,'','Max:','','on',2,4),(1555,'',298,110,35,340,145,'FF',7,1.00,'',0,17,0,'',1,'','Uptime:','','',2,1),(1556,'',299,110,35,340,0,'FF',9,1.00,'',0,17,0,'',4,'','Cur:','','',2,2),(1557,'',300,110,35,340,0,'FF',9,1.00,'',0,17,0,'',1,'','Avg:','','',2,3),(1558,'',301,110,35,340,0,'FF',9,1.00,'',0,17,0,'',3,'','Max:','','on',2,4),(1559,'',470,111,53,341,15,'7F',7,0.00,'',0,0,0,'',1,'','1 Minute Average','','',2,1),(1560,'',471,111,53,341,0,'FF',9,0.00,'',0,0,0,'',4,'','Current:','','',4,2),(1561,'',472,111,53,341,0,'FF',9,0.00,'',0,0,0,'',1,'','Average:','','',4,3),(1562,'',473,111,53,341,0,'FF',9,0.00,'',0,0,0,'',3,'','Maximum:','','on',4,4),(1563,'',474,111,53,343,8,'7F',8,0.00,'',0,0,0,'',1,'','5 Minute Average','','',2,5),(1564,'',475,111,53,343,0,'FF',9,0.00,'',0,0,0,'',4,'','Current:','','',4,6),(1565,'',476,111,53,343,0,'FF',9,0.00,'',0,0,0,'',1,'','Average:','','',4,7),(1566,'',477,111,53,343,0,'FF',9,0.00,'',0,0,0,'',3,'','Maximum:','','on',4,8),(1567,'',478,111,53,342,9,'7F',8,0.00,'',0,0,0,'',1,'','15 Minute Average','','',2,9),(1568,'',479,111,53,342,0,'FF',9,0.00,'',0,0,0,'',4,'','Current:','','',4,10),(1569,'',480,111,53,342,0,'FF',9,0.00,'',0,0,0,'',1,'','Average:','','',4,11),(1570,'',481,111,53,342,0,'FF',9,0.00,'',0,0,0,'',3,'','Maximum:','','on',4,12),(1571,'',482,111,53,341,15,'FF',4,1.00,'',0,0,0,'',3,'','','','',2,13),(1572,'',483,111,53,343,8,'FF',20,1.00,'',0,0,0,'',3,'','','','',2,14),(1573,'',484,111,53,342,9,'FF',20,1.00,'',0,0,0,'',3,'','','','',2,15),(1574,'',485,112,54,347,142,'7F',7,1.00,'',0,14,0,'',1,'','Memory Total','','',2,1),(1575,'',486,112,54,347,0,'FF',9,1.00,'',0,14,0,'',4,'','Current:','','',2,2),(1576,'',487,112,54,347,0,'FF',9,1.00,'',0,14,0,'',1,'','Average:','','',2,3),(1577,'',488,112,54,347,0,'FF',9,1.00,'',0,0,0,'',3,'','Maximum:','','on',2,4),(1578,'',489,112,54,344,35,'7F',7,0.00,'',0,14,0,'',1,'','Memory Buffers','','',2,5),(1579,'',490,112,54,344,0,'FF',9,0.00,'',0,14,0,'',4,'','Current:','','',2,6),(1580,'',491,112,54,344,0,'FF',9,0.00,'',0,14,0,'',1,'','Average:','','',2,7),(1581,'',492,112,54,344,0,'FF',9,0.00,'',0,14,0,'',3,'','Maximum:','','on',2,8),(1582,'',493,112,54,345,30,'7F',8,0.00,'',0,14,0,'',1,'','Cache Memory','','',2,9),(1583,'',494,112,54,345,0,'FF',9,0.00,'',0,14,0,'',4,'','Current:','','',2,10),(1584,'',495,112,54,345,0,'FF',9,0.00,'',0,14,0,'',1,'','Average:','','',2,11),(1585,'',496,112,54,345,0,'FF',9,0.00,'',0,14,0,'',3,'','Maximum:','','on',2,12),(1586,'',497,112,54,346,52,'7F',8,0.00,'',0,14,0,'',1,'','Memory Free','','',2,13),(1587,'',498,112,54,346,0,'FF',9,0.00,'',0,14,0,'',4,'','Current:','','',2,14),(1588,'',499,112,54,346,0,'FF',9,0.00,'',0,14,0,'',1,'','Average:','','',2,15),(1589,'',500,112,54,346,0,'FF',9,0.00,'',0,14,0,'',3,'','Maximum:','','on',2,16),(1590,'',501,112,54,347,143,'FF',4,1.00,'',0,14,0,'',3,'','','','',2,17),(1591,'',502,112,54,344,35,'FF',4,1.00,'',0,14,0,'',3,'','','','',2,18),(1592,'',503,112,54,345,30,'FF',20,1.00,'',0,14,0,'',3,'','','','',2,19),(1593,'',504,112,54,346,52,'FF',20,1.00,'',0,14,0,'',3,'','','','',2,20),(1594,'',505,113,55,348,67,'7F',7,0.00,'',0,0,0,'',1,'','Users','','',2,1),(1595,'',506,113,55,348,0,'FF',9,0.00,'',0,0,0,'',4,'','Current:','','',3,2),(1596,'',507,113,55,348,0,'FF',9,0.00,'',0,0,0,'',1,'','Average:','','',3,3),(1597,'',508,113,55,348,0,'FF',9,0.00,'',0,0,0,'',3,'','Maximum:','','on',3,4),(1598,'',509,113,55,348,67,'FF',4,1.00,'',0,0,0,'',3,'','','','',2,5),(1599,'',510,114,56,349,48,'7F',7,0.00,'',0,0,0,'',1,'','Running Processes','','',2,1),(1600,'',511,114,56,349,0,'FF',9,0.00,'',0,0,0,'',4,'','Current:','','',3,2),(1601,'',512,114,56,349,0,'FF',9,0.00,'',0,0,0,'',1,'','Average:','','',3,3),(1602,'',513,114,56,349,0,'FF',9,0.00,'',0,0,0,'',3,'','Maximum:','','',3,4),(1603,'',514,114,56,349,48,'FF',4,1.00,'',0,0,0,'',3,'','','','',2,5),(1604,'',515,115,57,351,48,'7F',7,0.00,'',0,0,0,'',1,'','System:','','',2,1),(1605,'',516,115,57,351,0,'FF',9,0.00,'',0,0,0,'',4,'','Current:','','',5,2),(1606,'',517,115,57,351,0,'FF',9,0.00,'',0,0,0,'',1,'','Average:','','',5,3),(1607,'',518,115,57,351,0,'FF',9,0.00,'',0,0,0,'',3,'','Maximum:','','on',5,4),(1608,'',519,115,57,352,6,'7F',8,0.00,'',0,0,0,'',1,'','User:','','',2,5),(1609,'',520,115,57,352,0,'FF',9,0.00,'',0,0,0,'',4,'','Current:','','',5,6),(1610,'',521,115,57,352,0,'FF',9,0.00,'',0,0,0,'',1,'','Average:','','',5,7),(1611,'',522,115,57,352,0,'FF',9,0.00,'',0,0,0,'',3,'','Maximum:','','on',5,8),(1612,'',523,115,57,350,112,'7F',8,0.00,'',0,0,0,'',1,'','Idle:','','',2,9),(1613,'',524,115,57,350,0,'FF',9,0.00,'',0,0,0,'',4,'','Current:','','',5,10),(1614,'',525,115,57,350,0,'FF',9,0.00,'',0,0,0,'',1,'','Average:','','',5,11),(1615,'',526,115,57,350,0,'FF',9,0.00,'',0,0,0,'',3,'','Maximum:','','on',5,12),(1616,'',527,115,57,0,69,'7F',8,0.00,'',0,18,0,'',1,'','IO Wait:','','',2,13),(1617,'',528,115,57,0,0,'FF',9,0.00,'',0,18,0,'',4,'','Current:','','',5,14),(1618,'',529,115,57,0,0,'FF',9,0.00,'',0,18,0,'',1,'','Average:','','',5,15),(1619,'',530,115,57,0,0,'FF',9,0.00,'',0,18,0,'',3,'','Maximum:','','on',5,16),(1620,'',531,116,58,353,46,'FF',4,0.00,'',0,0,0,'',3,'','','','',2,1),(1621,'',532,116,58,353,46,'7F',7,0.00,'',0,0,0,'',1,'','Interrupts:','','',2,2),(1622,'',533,116,58,353,0,'FF',9,0.00,'',0,0,0,'',4,'','Current:','','',3,3),(1623,'',534,116,58,353,0,'FF',9,0.00,'',0,0,0,'',1,'','Average:','','',3,4),(1624,'',535,116,58,353,0,'FF',9,0.00,'',0,0,0,'',3,'','Maximum:','','on',3,5),(1625,'',536,117,59,354,65,'FF',4,0.00,'',0,0,0,'',3,'','','','',2,1),(1626,'',537,117,59,354,65,'7F',7,0.00,'',0,0,0,'',1,'','Context Switches:','','',2,2),(1627,'',538,117,59,354,0,'FF',9,0.00,'',0,0,0,'',4,'','Current:','','',3,3),(1628,'',539,117,59,354,0,'FF',9,0.00,'',0,0,0,'',1,'','Average:','','',3,4),(1629,'',540,117,59,354,0,'FF',9,0.00,'',0,0,0,'',3,'','Maximum:','','on',3,5),(1630,'',541,118,60,355,67,'7F',7,0.00,'',0,19,0,'',1,'','Reads:','','',2,1),(1631,'',542,118,60,355,0,'FF',9,0.00,'',0,19,0,'',4,'','Current:','','',3,2),(1632,'',543,118,60,355,0,'FF',9,0.00,'',0,19,0,'',1,'','Average:','','',3,3),(1633,'',544,118,60,355,0,'FF',9,0.00,'',0,19,0,'',3,'','Maximum:','','on',3,4),(1634,'',545,118,60,356,41,'7F',8,0.00,'',0,19,0,'',1,'','Writes:','','',2,5),(1635,'',546,118,60,356,0,'FF',9,0.00,'',0,19,0,'',4,'','Current:','','',3,6),(1636,'',547,118,60,356,0,'FF',9,0.00,'',0,19,0,'',1,'','Average:','','',3,7),(1637,'',548,118,60,356,0,'FF',9,0.00,'',0,19,0,'',3,'','Maximum:','','on',3,8),(1638,'',549,118,60,355,67,'FF',4,1.00,'',0,19,0,'',3,'','','','',2,9),(1639,'',550,118,60,356,41,'FF',20,1.00,'',0,19,0,'',3,'','','','',2,10),(1640,'',551,119,61,357,60,'7F',7,0.00,'',0,19,0,'',1,'','Bytes Read:','','',2,1),(1641,'',552,119,61,357,0,'FF',9,0.00,'',0,19,0,'',4,'','Current:','','',2,2),(1642,'',553,119,61,357,0,'FF',9,0.00,'',0,19,0,'',1,'','Average:','','',2,3),(1643,'',554,119,61,357,0,'FF',9,0.00,'',0,19,0,'',3,'','Maximum:','','on',2,4),(1644,'',555,119,61,358,31,'7F',8,0.00,'',0,19,0,'',1,'','Bytes Written:','','',2,5),(1645,'',556,119,61,358,0,'FF',9,0.00,'',0,19,0,'',4,'','Current:','','',2,6),(1646,'',557,119,61,358,0,'FF',9,0.00,'',0,19,0,'',1,'','Average:','','',2,7),(1647,'',558,119,61,358,0,'FF',9,0.00,'',0,19,0,'',3,'','Maximum:','','on',2,8),(1648,'',559,119,61,357,60,'FF',4,1.00,'',0,19,0,'',3,'','','','',2,9),(1649,'',560,119,61,358,31,'FF',20,1.00,'',0,19,0,'',3,'','','','',2,10),(1650,'',575,120,63,360,20,'7F',7,0.00,'',0,0,0,'',1,'','Total','','',2,1),(1651,'',576,120,63,360,0,'FF',9,0.00,'',0,0,0,'',4,'','Current:','','',2,2),(1652,'',577,120,63,360,0,'FF',9,0.00,'',0,0,0,'',1,'','Average:','','',2,3),(1653,'',578,120,63,360,0,'FF',9,0.00,'',0,0,0,'',3,'','Maximum:','','on',2,4),(1654,'',579,120,63,359,48,'7F',7,0.00,'',0,0,0,'',1,'','Used','','',2,5),(1655,'',580,120,63,359,0,'FF',9,0.00,'',0,0,0,'',4,'','Current:','','',2,6),(1656,'',581,120,63,359,0,'FF',9,0.00,'',0,0,0,'',1,'','Average:','','',2,7),(1657,'',582,120,63,359,0,'FF',9,0.00,'',0,0,0,'',3,'','Maximum:','','on',2,8),(1658,'',583,120,63,360,20,'FF',4,1.00,'',0,0,0,'',1,'','','','',2,9),(1659,'',584,120,63,359,344,'FF',4,1.00,'',0,0,0,'',1,'','','','',2,10),(1660,'',575,121,63,362,20,'7F',7,0.00,'',0,0,0,'',1,'','Total','','',2,1),(1661,'',576,121,63,362,0,'FF',9,0.00,'',0,0,0,'',4,'','Current:','','',2,2),(1662,'',577,121,63,362,0,'FF',9,0.00,'',0,0,0,'',1,'','Average:','','',2,3),(1663,'',578,121,63,362,0,'FF',9,0.00,'',0,0,0,'',3,'','Maximum:','','on',2,4),(1664,'',579,121,63,361,48,'7F',7,0.00,'',0,0,0,'',1,'','Used','','',2,5),(1665,'',580,121,63,361,0,'FF',9,0.00,'',0,0,0,'',4,'','Current:','','',2,6),(1666,'',581,121,63,361,0,'FF',9,0.00,'',0,0,0,'',1,'','Average:','','',2,7),(1667,'',582,121,63,361,0,'FF',9,0.00,'',0,0,0,'',3,'','Maximum:','','on',2,8),(1668,'',583,121,63,362,20,'FF',4,1.00,'',0,0,0,'',1,'','','','',2,9),(1669,'',584,121,63,361,344,'FF',4,1.00,'',0,0,0,'',1,'','','','',2,10),(1670,'',575,122,63,364,20,'7F',7,0.00,'',0,0,0,'',1,'','Total','','',2,1),(1671,'',576,122,63,364,0,'FF',9,0.00,'',0,0,0,'',4,'','Current:','','',2,2),(1672,'',577,122,63,364,0,'FF',9,0.00,'',0,0,0,'',1,'','Average:','','',2,3),(1673,'',578,122,63,364,0,'FF',9,0.00,'',0,0,0,'',3,'','Maximum:','','on',2,4),(1674,'',579,122,63,363,48,'7F',7,0.00,'',0,0,0,'',1,'','Used','','',2,5),(1675,'',580,122,63,363,0,'FF',9,0.00,'',0,0,0,'',4,'','Current:','','',2,6),(1676,'',581,122,63,363,0,'FF',9,0.00,'',0,0,0,'',1,'','Average:','','',2,7),(1677,'',582,122,63,363,0,'FF',9,0.00,'',0,0,0,'',3,'','Maximum:','','on',2,8),(1678,'',583,122,63,364,20,'FF',4,1.00,'',0,0,0,'',1,'','','','',2,9),(1679,'',584,122,63,363,344,'FF',4,1.00,'',0,0,0,'',1,'','','','',2,10),(1680,'',575,123,63,366,20,'7F',7,0.00,'',0,0,0,'',1,'','Total','','',2,1),(1681,'',576,123,63,366,0,'FF',9,0.00,'',0,0,0,'',4,'','Current:','','',2,2),(1682,'',577,123,63,366,0,'FF',9,0.00,'',0,0,0,'',1,'','Average:','','',2,3),(1683,'',578,123,63,366,0,'FF',9,0.00,'',0,0,0,'',3,'','Maximum:','','on',2,4),(1684,'',579,123,63,365,48,'7F',7,0.00,'',0,0,0,'',1,'','Used','','',2,5),(1685,'',580,123,63,365,0,'FF',9,0.00,'',0,0,0,'',4,'','Current:','','',2,6),(1686,'',581,123,63,365,0,'FF',9,0.00,'',0,0,0,'',1,'','Average:','','',2,7),(1687,'',582,123,63,365,0,'FF',9,0.00,'',0,0,0,'',3,'','Maximum:','','on',2,8),(1688,'',583,123,63,366,20,'FF',4,1.00,'',0,0,0,'',1,'','','','',2,9),(1689,'',584,123,63,365,344,'FF',4,1.00,'',0,0,0,'',1,'','','','',2,10),(1690,'',575,124,63,368,20,'7F',7,0.00,'',0,0,0,'',1,'','Total','','',2,1),(1691,'',576,124,63,368,0,'FF',9,0.00,'',0,0,0,'',4,'','Current:','','',2,2),(1692,'',577,124,63,368,0,'FF',9,0.00,'',0,0,0,'',1,'','Average:','','',2,3),(1693,'',578,124,63,368,0,'FF',9,0.00,'',0,0,0,'',3,'','Maximum:','','on',2,4),(1694,'',579,124,63,367,48,'7F',7,0.00,'',0,0,0,'',1,'','Used','','',2,5),(1695,'',580,124,63,367,0,'FF',9,0.00,'',0,0,0,'',4,'','Current:','','',2,6),(1696,'',581,124,63,367,0,'FF',9,0.00,'',0,0,0,'',1,'','Average:','','',2,7),(1697,'',582,124,63,367,0,'FF',9,0.00,'',0,0,0,'',3,'','Maximum:','','on',2,8),(1698,'',583,124,63,368,20,'FF',4,1.00,'',0,0,0,'',1,'','','','',2,9),(1699,'',584,124,63,367,344,'FF',4,1.00,'',0,0,0,'',1,'','','','',2,10),(1700,'',585,125,64,369,9,'7F',7,0.00,'',0,0,0,'',1,'','CPU Utilization','','',2,1),(1701,'',586,125,64,369,0,'FF',9,0.00,'',0,0,0,'',4,'','Current:','','',3,2),(1702,'',587,125,64,369,0,'FF',9,0.00,'',0,0,0,'',1,'','Average:','','',3,3),(1703,'',588,125,64,369,0,'FF',9,0.00,'',0,0,0,'',3,'','Maximum:','','on',3,4),(1704,'',589,125,64,369,9,'FF',4,1.00,'',0,0,0,'',3,'','','','',2,5),(1705,'',585,126,64,370,9,'7F',7,0.00,'',0,0,0,'',1,'','CPU Utilization','','',2,1),(1706,'',586,126,64,370,0,'FF',9,0.00,'',0,0,0,'',4,'','Current:','','',3,2),(1707,'',587,126,64,370,0,'FF',9,0.00,'',0,0,0,'',1,'','Average:','','',3,3),(1708,'',588,126,64,370,0,'FF',9,0.00,'',0,0,0,'',3,'','Maximum:','','on',3,4),(1709,'',589,126,64,370,9,'FF',4,1.00,'',0,0,0,'',3,'','','','',2,5),(1710,'',585,127,64,371,9,'7F',7,0.00,'',0,0,0,'',1,'','CPU Utilization','','',2,1),(1711,'',586,127,64,371,0,'FF',9,0.00,'',0,0,0,'',4,'','Current:','','',3,2),(1712,'',587,127,64,371,0,'FF',9,0.00,'',0,0,0,'',1,'','Average:','','',3,3),(1713,'',588,127,64,371,0,'FF',9,0.00,'',0,0,0,'',3,'','Maximum:','','on',3,4),(1714,'',589,127,64,371,9,'FF',4,1.00,'',0,0,0,'',3,'','','','',2,5),(1715,'',585,128,64,372,9,'7F',7,0.00,'',0,0,0,'',1,'','CPU Utilization','','',2,1),(1716,'',586,128,64,372,0,'FF',9,0.00,'',0,0,0,'',4,'','Current:','','',3,2),(1717,'',587,128,64,372,0,'FF',9,0.00,'',0,0,0,'',1,'','Average:','','',3,3),(1718,'',588,128,64,372,0,'FF',9,0.00,'',0,0,0,'',3,'','Maximum:','','on',3,4),(1719,'',589,128,64,372,9,'FF',4,1.00,'',0,0,0,'',3,'','','','',2,5),(1720,'',585,129,64,373,9,'7F',7,0.00,'',0,0,0,'',1,'','CPU Utilization','','',2,1),(1721,'',586,129,64,373,0,'FF',9,0.00,'',0,0,0,'',4,'','Current:','','',3,2),(1722,'',587,129,64,373,0,'FF',9,0.00,'',0,0,0,'',1,'','Average:','','',3,3),(1723,'',588,129,64,373,0,'FF',9,0.00,'',0,0,0,'',3,'','Maximum:','','on',3,4),(1724,'',589,129,64,373,9,'FF',4,1.00,'',0,0,0,'',3,'','','','',2,5),(1725,'',585,130,64,374,9,'7F',7,0.00,'',0,0,0,'',1,'','CPU Utilization','','',2,1),(1726,'',586,130,64,374,0,'FF',9,0.00,'',0,0,0,'',4,'','Current:','','',3,2),(1727,'',587,130,64,374,0,'FF',9,0.00,'',0,0,0,'',1,'','Average:','','',3,3),(1728,'',588,130,64,374,0,'FF',9,0.00,'',0,0,0,'',3,'','Maximum:','','on',3,4),(1729,'',589,130,64,374,9,'FF',4,1.00,'',0,0,0,'',3,'','','','',2,5),(1730,'',585,131,64,375,9,'7F',7,0.00,'',0,0,0,'',1,'','CPU Utilization','','',2,1),(1731,'',586,131,64,375,0,'FF',9,0.00,'',0,0,0,'',4,'','Current:','','',3,2),(1732,'',587,131,64,375,0,'FF',9,0.00,'',0,0,0,'',1,'','Average:','','',3,3),(1733,'',588,131,64,375,0,'FF',9,0.00,'',0,0,0,'',3,'','Maximum:','','on',3,4),(1734,'',589,131,64,375,9,'FF',4,1.00,'',0,0,0,'',3,'','','','',2,5),(1735,'',585,132,64,376,9,'7F',7,0.00,'',0,0,0,'',1,'','CPU Utilization','','',2,1),(1736,'',586,132,64,376,0,'FF',9,0.00,'',0,0,0,'',4,'','Current:','','',3,2),(1737,'',587,132,64,376,0,'FF',9,0.00,'',0,0,0,'',1,'','Average:','','',3,3),(1738,'',588,132,64,376,0,'FF',9,0.00,'',0,0,0,'',3,'','Maximum:','','on',3,4),(1739,'',589,132,64,376,9,'FF',4,1.00,'',0,0,0,'',3,'','','','',2,5),(1740,'',585,133,64,377,9,'7F',7,0.00,'',0,0,0,'',1,'','CPU Utilization','','',2,1),(1741,'',586,133,64,377,0,'FF',9,0.00,'',0,0,0,'',4,'','Current:','','',3,2),(1742,'',587,133,64,377,0,'FF',9,0.00,'',0,0,0,'',1,'','Average:','','',3,3),(1743,'',588,133,64,377,0,'FF',9,0.00,'',0,0,0,'',3,'','Maximum:','','on',3,4),(1744,'',589,133,64,377,9,'FF',4,1.00,'',0,0,0,'',3,'','','','',2,5),(1745,'',302,134,36,378,22,'FF',4,0.00,'',0,2,0,'',3,'','','','',2,1),(1746,'',303,134,36,378,22,'7F',7,0.00,'',0,2,0,'',1,'','Inbound','','',2,2),(1747,'',304,134,36,378,0,'FF',9,0.00,'',0,2,0,'',4,'','Current:','','',2,3),(1748,'',305,134,36,378,0,'FF',9,0.00,'',0,2,0,'',1,'','Average:','','',2,4),(1749,'',306,134,36,378,0,'FF',9,0.00,'',0,2,0,'',3,'','Maximum:','','on',2,5),(1750,'',307,134,36,379,20,'FF',4,0.00,'',0,2,0,'',3,'','','','',2,6),(1751,'',308,134,36,379,20,'7F',7,0.00,'',0,2,0,'',1,'','Outbound','','',2,7),(1752,'',309,134,36,379,0,'FF',9,0.00,'',0,2,0,'',4,'','Current:','','',2,8),(1753,'',310,134,36,379,0,'FF',9,0.00,'',0,2,0,'',1,'','Average:','','',2,9),(1754,'',311,134,36,379,0,'FF',9,0.00,'',0,2,0,'',3,'','Maximum:','','on',2,10),(1755,'',302,135,36,380,22,'FF',4,0.00,'',0,2,0,'',3,'','','','',2,1),(1756,'',303,135,36,380,22,'7F',7,0.00,'',0,2,0,'',1,'','Inbound','','',2,2),(1757,'',304,135,36,380,0,'FF',9,0.00,'',0,2,0,'',4,'','Current:','','',2,3),(1758,'',305,135,36,380,0,'FF',9,0.00,'',0,2,0,'',1,'','Average:','','',2,4),(1759,'',306,135,36,380,0,'FF',9,0.00,'',0,2,0,'',3,'','Maximum:','','on',2,5),(1760,'',307,135,36,381,20,'FF',4,0.00,'',0,2,0,'',3,'','','','',2,6),(1761,'',308,135,36,381,20,'7F',7,0.00,'',0,2,0,'',1,'','Outbound','','',2,7),(1762,'',309,135,36,381,0,'FF',9,0.00,'',0,2,0,'',4,'','Current:','','',2,8),(1763,'',310,135,36,381,0,'FF',9,0.00,'',0,2,0,'',1,'','Average:','','',2,9),(1764,'',311,135,36,381,0,'FF',9,0.00,'',0,2,0,'',3,'','Maximum:','','on',2,10),(1765,'',290,136,33,382,9,'FF',7,0.00,'',0,0,0,'',1,'','CPU Usage','','',2,1),(1766,'',291,136,33,382,0,'FF',9,0.00,'',0,0,0,'',4,'','Current:','','',3,2),(1767,'',292,136,33,382,0,'FF',9,0.00,'',0,0,0,'',1,'','Average:','','',3,3),(1768,'',293,136,33,382,0,'FF',9,0.00,'',0,0,0,'',3,'','Maximum:','','on',3,4),(1769,'',294,137,34,383,357,'FF',7,1.00,'',0,0,0,'',1,'','Time:','','',2,1),(1770,'',295,137,34,383,0,'FF',9,1.00,'',0,0,0,'',4,'','Cur:','','',2,2),(1771,'',296,137,34,383,0,'FF',9,1.00,'',0,0,0,'',1,'','Avg:','','',2,3),(1772,'',297,137,34,383,0,'FF',9,1.00,'',0,0,0,'',3,'','Max:','','on',2,4),(1773,'',298,138,35,384,145,'FF',7,1.00,'',0,17,0,'',1,'','Uptime:','','',2,1),(1774,'',299,138,35,384,0,'FF',9,1.00,'',0,17,0,'',4,'','Cur:','','',2,2),(1775,'',300,138,35,384,0,'FF',9,1.00,'',0,17,0,'',1,'','Avg:','','',2,3),(1776,'',301,138,35,384,0,'FF',9,1.00,'',0,17,0,'',3,'','Max:','','on',2,4),(1777,'',302,139,36,385,22,'FF',4,0.00,'',0,2,0,'',3,'','','','',2,1),(1778,'',303,139,36,385,22,'7F',7,0.00,'',0,2,0,'',1,'','Inbound','','',2,2),(1779,'',304,139,36,385,0,'FF',9,0.00,'',0,2,0,'',4,'','Current:','','',2,3),(1780,'',305,139,36,385,0,'FF',9,0.00,'',0,2,0,'',1,'','Average:','','',2,4),(1781,'',306,139,36,385,0,'FF',9,0.00,'',0,2,0,'',3,'','Maximum:','','on',2,5),(1782,'',307,139,36,386,20,'FF',4,0.00,'',0,2,0,'',3,'','','','',2,6),(1783,'',308,139,36,386,20,'7F',7,0.00,'',0,2,0,'',1,'','Outbound','','',2,7),(1784,'',309,139,36,386,0,'FF',9,0.00,'',0,2,0,'',4,'','Current:','','',2,8),(1785,'',310,139,36,386,0,'FF',9,0.00,'',0,2,0,'',1,'','Average:','','',2,9),(1786,'',311,139,36,386,0,'FF',9,0.00,'',0,2,0,'',3,'','Maximum:','','on',2,10),(1787,'',302,140,36,387,22,'FF',4,0.00,'',0,2,0,'',3,'','','','',2,1),(1788,'',303,140,36,387,22,'7F',7,0.00,'',0,2,0,'',1,'','Inbound','','',2,2),(1789,'',304,140,36,387,0,'FF',9,0.00,'',0,2,0,'',4,'','Current:','','',2,3),(1790,'',305,140,36,387,0,'FF',9,0.00,'',0,2,0,'',1,'','Average:','','',2,4),(1791,'',306,140,36,387,0,'FF',9,0.00,'',0,2,0,'',3,'','Maximum:','','on',2,5),(1792,'',307,140,36,388,20,'FF',4,0.00,'',0,2,0,'',3,'','','','',2,6),(1793,'',308,140,36,388,20,'7F',7,0.00,'',0,2,0,'',1,'','Outbound','','',2,7),(1794,'',309,140,36,388,0,'FF',9,0.00,'',0,2,0,'',4,'','Current:','','',2,8),(1795,'',310,140,36,388,0,'FF',9,0.00,'',0,2,0,'',1,'','Average:','','',2,9),(1796,'',311,140,36,388,0,'FF',9,0.00,'',0,2,0,'',3,'','Maximum:','','on',2,10),(1797,'',302,141,36,389,22,'FF',4,0.00,'',0,2,0,'',3,'','','','',2,1),(1798,'',303,141,36,389,22,'7F',7,0.00,'',0,2,0,'',1,'','Inbound','','',2,2),(1799,'',304,141,36,389,0,'FF',9,0.00,'',0,2,0,'',4,'','Current:','','',2,3),(1800,'',305,141,36,389,0,'FF',9,0.00,'',0,2,0,'',1,'','Average:','','',2,4),(1801,'',306,141,36,389,0,'FF',9,0.00,'',0,2,0,'',3,'','Maximum:','','on',2,5),(1802,'',307,141,36,390,20,'FF',4,0.00,'',0,2,0,'',3,'','','','',2,6),(1803,'',308,141,36,390,20,'7F',7,0.00,'',0,2,0,'',1,'','Outbound','','',2,7),(1804,'',309,141,36,390,0,'FF',9,0.00,'',0,2,0,'',4,'','Current:','','',2,8),(1805,'',310,141,36,390,0,'FF',9,0.00,'',0,2,0,'',1,'','Average:','','',2,9),(1806,'',311,141,36,390,0,'FF',9,0.00,'',0,2,0,'',3,'','Maximum:','','on',2,10),(1807,'',312,142,37,392,31,'FF',4,0.00,'',0,0,0,'',1,'','Discards In','','',2,1),(1808,'',313,142,37,392,0,'FF',9,0.00,'',0,0,0,'',4,'','Current:','','',2,2),(1809,'',314,142,37,392,0,'FF',9,0.00,'',0,0,0,'',1,'','Average:','','',2,3),(1810,'',315,142,37,392,0,'FF',9,0.00,'',0,0,0,'',3,'','Maximum:','','on',2,4),(1811,'',316,142,37,391,48,'FF',4,0.00,'',0,0,0,'',1,'','Errors In','','',2,5),(1812,'',317,142,37,391,0,'FF',9,0.00,'',0,0,0,'',4,'','Current:','','',2,6),(1813,'',318,142,37,391,0,'FF',9,0.00,'',0,0,0,'',1,'','Average:','','',2,7),(1814,'',319,142,37,391,0,'FF',9,0.00,'',0,0,0,'',3,'','Maximum:','','on',2,8),(1815,'',320,142,37,393,18,'FF',4,0.00,'',0,0,0,'',1,'','Discards Out','','',2,9),(1816,'',321,142,37,393,0,'FF',9,0.00,'',0,0,0,'',4,'','Current:','','',2,10),(1817,'',322,142,37,393,0,'FF',9,0.00,'',0,0,0,'',1,'','Average:','','',2,11),(1818,'',323,142,37,393,0,'FF',9,0.00,'',0,0,0,'',3,'','Maximum:','','on',2,12),(1819,'',324,142,37,394,89,'FF',4,0.00,'',0,0,0,'',1,'','Errors Out','','',2,13),(1820,'',325,142,37,394,0,'FF',9,0.00,'',0,0,0,'',4,'','Current:','','',2,14),(1821,'',326,142,37,394,0,'FF',9,0.00,'',0,0,0,'',1,'','Average:','','',2,15),(1822,'',327,142,37,394,0,'FF',9,0.00,'',0,0,0,'',3,'','Maximum:','','on',2,16),(1823,'',312,143,37,396,31,'FF',4,0.00,'',0,0,0,'',1,'','Discards In','','',2,1),(1824,'',313,143,37,396,0,'FF',9,0.00,'',0,0,0,'',4,'','Current:','','',2,2),(1825,'',314,143,37,396,0,'FF',9,0.00,'',0,0,0,'',1,'','Average:','','',2,3),(1826,'',315,143,37,396,0,'FF',9,0.00,'',0,0,0,'',3,'','Maximum:','','on',2,4),(1827,'',316,143,37,395,48,'FF',4,0.00,'',0,0,0,'',1,'','Errors In','','',2,5),(1828,'',317,143,37,395,0,'FF',9,0.00,'',0,0,0,'',4,'','Current:','','',2,6),(1829,'',318,143,37,395,0,'FF',9,0.00,'',0,0,0,'',1,'','Average:','','',2,7),(1830,'',319,143,37,395,0,'FF',9,0.00,'',0,0,0,'',3,'','Maximum:','','on',2,8),(1831,'',320,143,37,397,18,'FF',4,0.00,'',0,0,0,'',1,'','Discards Out','','',2,9),(1832,'',321,143,37,397,0,'FF',9,0.00,'',0,0,0,'',4,'','Current:','','',2,10),(1833,'',322,143,37,397,0,'FF',9,0.00,'',0,0,0,'',1,'','Average:','','',2,11),(1834,'',323,143,37,397,0,'FF',9,0.00,'',0,0,0,'',3,'','Maximum:','','on',2,12),(1835,'',324,143,37,398,89,'FF',4,0.00,'',0,0,0,'',1,'','Errors Out','','',2,13),(1836,'',325,143,37,398,0,'FF',9,0.00,'',0,0,0,'',4,'','Current:','','',2,14),(1837,'',326,143,37,398,0,'FF',9,0.00,'',0,0,0,'',1,'','Average:','','',2,15),(1838,'',327,143,37,398,0,'FF',9,0.00,'',0,0,0,'',3,'','Maximum:','','on',2,16),(1839,'',312,144,37,400,31,'FF',4,0.00,'',0,0,0,'',1,'','Discards In','','',2,1),(1840,'',313,144,37,400,0,'FF',9,0.00,'',0,0,0,'',4,'','Current:','','',2,2),(1841,'',314,144,37,400,0,'FF',9,0.00,'',0,0,0,'',1,'','Average:','','',2,3),(1842,'',315,144,37,400,0,'FF',9,0.00,'',0,0,0,'',3,'','Maximum:','','on',2,4),(1843,'',316,144,37,399,48,'FF',4,0.00,'',0,0,0,'',1,'','Errors In','','',2,5),(1844,'',317,144,37,399,0,'FF',9,0.00,'',0,0,0,'',4,'','Current:','','',2,6),(1845,'',318,144,37,399,0,'FF',9,0.00,'',0,0,0,'',1,'','Average:','','',2,7),(1846,'',319,144,37,399,0,'FF',9,0.00,'',0,0,0,'',3,'','Maximum:','','on',2,8),(1847,'',320,144,37,401,18,'FF',4,0.00,'',0,0,0,'',1,'','Discards Out','','',2,9),(1848,'',321,144,37,401,0,'FF',9,0.00,'',0,0,0,'',4,'','Current:','','',2,10),(1849,'',322,144,37,401,0,'FF',9,0.00,'',0,0,0,'',1,'','Average:','','',2,11),(1850,'',323,144,37,401,0,'FF',9,0.00,'',0,0,0,'',3,'','Maximum:','','on',2,12),(1851,'',324,144,37,402,89,'FF',4,0.00,'',0,0,0,'',1,'','Errors Out','','',2,13),(1852,'',325,144,37,402,0,'FF',9,0.00,'',0,0,0,'',4,'','Current:','','',2,14),(1853,'',326,144,37,402,0,'FF',9,0.00,'',0,0,0,'',1,'','Average:','','',2,15),(1854,'',327,144,37,402,0,'FF',9,0.00,'',0,0,0,'',3,'','Maximum:','','on',2,16),(1855,'',312,145,37,404,31,'FF',4,0.00,'',0,0,0,'',1,'','Discards In','','',2,1),(1856,'',313,145,37,404,0,'FF',9,0.00,'',0,0,0,'',4,'','Current:','','',2,2),(1857,'',314,145,37,404,0,'FF',9,0.00,'',0,0,0,'',1,'','Average:','','',2,3),(1858,'',315,145,37,404,0,'FF',9,0.00,'',0,0,0,'',3,'','Maximum:','','on',2,4),(1859,'',316,145,37,403,48,'FF',4,0.00,'',0,0,0,'',1,'','Errors In','','',2,5),(1860,'',317,145,37,403,0,'FF',9,0.00,'',0,0,0,'',4,'','Current:','','',2,6),(1861,'',318,145,37,403,0,'FF',9,0.00,'',0,0,0,'',1,'','Average:','','',2,7),(1862,'',319,145,37,403,0,'FF',9,0.00,'',0,0,0,'',3,'','Maximum:','','on',2,8),(1863,'',320,145,37,405,18,'FF',4,0.00,'',0,0,0,'',1,'','Discards Out','','',2,9),(1864,'',321,145,37,405,0,'FF',9,0.00,'',0,0,0,'',4,'','Current:','','',2,10),(1865,'',322,145,37,405,0,'FF',9,0.00,'',0,0,0,'',1,'','Average:','','',2,11),(1866,'',323,145,37,405,0,'FF',9,0.00,'',0,0,0,'',3,'','Maximum:','','on',2,12),(1867,'',324,145,37,406,89,'FF',4,0.00,'',0,0,0,'',1,'','Errors Out','','',2,13),(1868,'',325,145,37,406,0,'FF',9,0.00,'',0,0,0,'',4,'','Current:','','',2,14),(1869,'',326,145,37,406,0,'FF',9,0.00,'',0,0,0,'',1,'','Average:','','',2,15),(1870,'',327,145,37,406,0,'FF',9,0.00,'',0,0,0,'',3,'','Maximum:','','on',2,16),(1871,'',312,146,37,408,31,'FF',4,0.00,'',0,0,0,'',1,'','Discards In','','',2,1),(1872,'',313,146,37,408,0,'FF',9,0.00,'',0,0,0,'',4,'','Current:','','',2,2),(1873,'',314,146,37,408,0,'FF',9,0.00,'',0,0,0,'',1,'','Average:','','',2,3),(1874,'',315,146,37,408,0,'FF',9,0.00,'',0,0,0,'',3,'','Maximum:','','on',2,4),(1875,'',316,146,37,407,48,'FF',4,0.00,'',0,0,0,'',1,'','Errors In','','',2,5),(1876,'',317,146,37,407,0,'FF',9,0.00,'',0,0,0,'',4,'','Current:','','',2,6),(1877,'',318,146,37,407,0,'FF',9,0.00,'',0,0,0,'',1,'','Average:','','',2,7),(1878,'',319,146,37,407,0,'FF',9,0.00,'',0,0,0,'',3,'','Maximum:','','on',2,8),(1879,'',320,146,37,409,18,'FF',4,0.00,'',0,0,0,'',1,'','Discards Out','','',2,9),(1880,'',321,146,37,409,0,'FF',9,0.00,'',0,0,0,'',4,'','Current:','','',2,10),(1881,'',322,146,37,409,0,'FF',9,0.00,'',0,0,0,'',1,'','Average:','','',2,11),(1882,'',323,146,37,409,0,'FF',9,0.00,'',0,0,0,'',3,'','Maximum:','','on',2,12),(1883,'',324,146,37,410,89,'FF',4,0.00,'',0,0,0,'',1,'','Errors Out','','',2,13),(1884,'',325,146,37,410,0,'FF',9,0.00,'',0,0,0,'',4,'','Current:','','',2,14),(1885,'',326,146,37,410,0,'FF',9,0.00,'',0,0,0,'',1,'','Average:','','',2,15),(1886,'',327,146,37,410,0,'FF',9,0.00,'',0,0,0,'',3,'','Maximum:','','on',2,16),(1887,'',312,147,37,412,31,'FF',4,0.00,'',0,0,0,'',1,'','Discards In','','',2,1),(1888,'',313,147,37,412,0,'FF',9,0.00,'',0,0,0,'',4,'','Current:','','',2,2),(1889,'',314,147,37,412,0,'FF',9,0.00,'',0,0,0,'',1,'','Average:','','',2,3),(1890,'',315,147,37,412,0,'FF',9,0.00,'',0,0,0,'',3,'','Maximum:','','on',2,4),(1891,'',316,147,37,411,48,'FF',4,0.00,'',0,0,0,'',1,'','Errors In','','',2,5),(1892,'',317,147,37,411,0,'FF',9,0.00,'',0,0,0,'',4,'','Current:','','',2,6),(1893,'',318,147,37,411,0,'FF',9,0.00,'',0,0,0,'',1,'','Average:','','',2,7),(1894,'',319,147,37,411,0,'FF',9,0.00,'',0,0,0,'',3,'','Maximum:','','on',2,8),(1895,'',320,147,37,413,18,'FF',4,0.00,'',0,0,0,'',1,'','Discards Out','','',2,9),(1896,'',321,147,37,413,0,'FF',9,0.00,'',0,0,0,'',4,'','Current:','','',2,10),(1897,'',322,147,37,413,0,'FF',9,0.00,'',0,0,0,'',1,'','Average:','','',2,11),(1898,'',323,147,37,413,0,'FF',9,0.00,'',0,0,0,'',3,'','Maximum:','','on',2,12),(1899,'',324,147,37,414,89,'FF',4,0.00,'',0,0,0,'',1,'','Errors Out','','',2,13),(1900,'',325,147,37,414,0,'FF',9,0.00,'',0,0,0,'',4,'','Current:','','',2,14),(1901,'',326,147,37,414,0,'FF',9,0.00,'',0,0,0,'',1,'','Average:','','',2,15),(1902,'',327,147,37,414,0,'FF',9,0.00,'',0,0,0,'',3,'','Maximum:','','on',2,16),(1903,'',312,148,37,416,31,'FF',4,0.00,'',0,0,0,'',1,'','Discards In','','',2,1),(1904,'',313,148,37,416,0,'FF',9,0.00,'',0,0,0,'',4,'','Current:','','',2,2),(1905,'',314,148,37,416,0,'FF',9,0.00,'',0,0,0,'',1,'','Average:','','',2,3),(1906,'',315,148,37,416,0,'FF',9,0.00,'',0,0,0,'',3,'','Maximum:','','on',2,4),(1907,'',316,148,37,415,48,'FF',4,0.00,'',0,0,0,'',1,'','Errors In','','',2,5),(1908,'',317,148,37,415,0,'FF',9,0.00,'',0,0,0,'',4,'','Current:','','',2,6),(1909,'',318,148,37,415,0,'FF',9,0.00,'',0,0,0,'',1,'','Average:','','',2,7),(1910,'',319,148,37,415,0,'FF',9,0.00,'',0,0,0,'',3,'','Maximum:','','on',2,8),(1911,'',320,148,37,417,18,'FF',4,0.00,'',0,0,0,'',1,'','Discards Out','','',2,9),(1912,'',321,148,37,417,0,'FF',9,0.00,'',0,0,0,'',4,'','Current:','','',2,10),(1913,'',322,148,37,417,0,'FF',9,0.00,'',0,0,0,'',1,'','Average:','','',2,11),(1914,'',323,148,37,417,0,'FF',9,0.00,'',0,0,0,'',3,'','Maximum:','','on',2,12),(1915,'',324,148,37,418,89,'FF',4,0.00,'',0,0,0,'',1,'','Errors Out','','',2,13),(1916,'',325,148,37,418,0,'FF',9,0.00,'',0,0,0,'',4,'','Current:','','',2,14),(1917,'',326,148,37,418,0,'FF',9,0.00,'',0,0,0,'',1,'','Average:','','',2,15),(1918,'',327,148,37,418,0,'FF',9,0.00,'',0,0,0,'',3,'','Maximum:','','on',2,16),(1919,'',312,149,37,420,31,'FF',4,0.00,'',0,0,0,'',1,'','Discards In','','',2,1),(1920,'',313,149,37,420,0,'FF',9,0.00,'',0,0,0,'',4,'','Current:','','',2,2),(1921,'',314,149,37,420,0,'FF',9,0.00,'',0,0,0,'',1,'','Average:','','',2,3),(1922,'',315,149,37,420,0,'FF',9,0.00,'',0,0,0,'',3,'','Maximum:','','on',2,4),(1923,'',316,149,37,419,48,'FF',4,0.00,'',0,0,0,'',1,'','Errors In','','',2,5),(1924,'',317,149,37,419,0,'FF',9,0.00,'',0,0,0,'',4,'','Current:','','',2,6),(1925,'',318,149,37,419,0,'FF',9,0.00,'',0,0,0,'',1,'','Average:','','',2,7),(1926,'',319,149,37,419,0,'FF',9,0.00,'',0,0,0,'',3,'','Maximum:','','on',2,8),(1927,'',320,149,37,421,18,'FF',4,0.00,'',0,0,0,'',1,'','Discards Out','','',2,9),(1928,'',321,149,37,421,0,'FF',9,0.00,'',0,0,0,'',4,'','Current:','','',2,10),(1929,'',322,149,37,421,0,'FF',9,0.00,'',0,0,0,'',1,'','Average:','','',2,11),(1930,'',323,149,37,421,0,'FF',9,0.00,'',0,0,0,'',3,'','Maximum:','','on',2,12),(1931,'',324,149,37,422,89,'FF',4,0.00,'',0,0,0,'',1,'','Errors Out','','',2,13),(1932,'',325,149,37,422,0,'FF',9,0.00,'',0,0,0,'',4,'','Current:','','',2,14),(1933,'',326,149,37,422,0,'FF',9,0.00,'',0,0,0,'',1,'','Average:','','',2,15),(1934,'',327,149,37,422,0,'FF',9,0.00,'',0,0,0,'',3,'','Maximum:','','on',2,16),(1935,'',312,150,37,424,31,'FF',4,0.00,'',0,0,0,'',1,'','Discards In','','',2,1),(1936,'',313,150,37,424,0,'FF',9,0.00,'',0,0,0,'',4,'','Current:','','',2,2),(1937,'',314,150,37,424,0,'FF',9,0.00,'',0,0,0,'',1,'','Average:','','',2,3),(1938,'',315,150,37,424,0,'FF',9,0.00,'',0,0,0,'',3,'','Maximum:','','on',2,4),(1939,'',316,150,37,423,48,'FF',4,0.00,'',0,0,0,'',1,'','Errors In','','',2,5),(1940,'',317,150,37,423,0,'FF',9,0.00,'',0,0,0,'',4,'','Current:','','',2,6),(1941,'',318,150,37,423,0,'FF',9,0.00,'',0,0,0,'',1,'','Average:','','',2,7),(1942,'',319,150,37,423,0,'FF',9,0.00,'',0,0,0,'',3,'','Maximum:','','on',2,8),(1943,'',320,150,37,425,18,'FF',4,0.00,'',0,0,0,'',1,'','Discards Out','','',2,9),(1944,'',321,150,37,425,0,'FF',9,0.00,'',0,0,0,'',4,'','Current:','','',2,10),(1945,'',322,150,37,425,0,'FF',9,0.00,'',0,0,0,'',1,'','Average:','','',2,11),(1946,'',323,150,37,425,0,'FF',9,0.00,'',0,0,0,'',3,'','Maximum:','','on',2,12),(1947,'',324,150,37,426,89,'FF',4,0.00,'',0,0,0,'',1,'','Errors Out','','',2,13),(1948,'',325,150,37,426,0,'FF',9,0.00,'',0,0,0,'',4,'','Current:','','',2,14),(1949,'',326,150,37,426,0,'FF',9,0.00,'',0,0,0,'',1,'','Average:','','',2,15),(1950,'',327,150,37,426,0,'FF',9,0.00,'',0,0,0,'',3,'','Maximum:','','on',2,16),(1951,'',347,151,40,389,22,'FF',4,0.00,'',0,0,0,'',3,'','','','',2,1),(1952,'',348,151,40,389,22,'7F',7,0.00,'',0,0,0,'',1,'','Inbound','','',2,2),(1953,'',349,151,40,389,0,'FF',9,0.00,'',0,0,0,'',4,'','Current:','','',2,3),(1954,'',350,151,40,389,0,'FF',9,0.00,'',0,0,0,'',1,'','Average:','','',2,4),(1955,'',351,151,40,389,0,'FF',9,0.00,'',0,0,0,'',3,'','Maximum:','','on',2,5),(1956,'',352,151,40,390,20,'FF',4,0.00,'',0,0,0,'',3,'','','','',2,6),(1957,'',353,151,40,390,20,'7F',4,0.00,'',0,0,0,'',1,'','Outbound','','',2,7),(1958,'',354,151,40,390,0,'FF',9,0.00,'',0,0,0,'',4,'','Current:','','',2,8),(1959,'',355,151,40,390,0,'FF',9,0.00,'',0,0,0,'',1,'','Average:','','',2,9),(1960,'',356,151,40,390,0,'FF',9,0.00,'',0,0,0,'',3,'','Maximum:','','on',2,10),(1961,'',294,152,34,427,357,'FF',7,1.00,'',0,0,0,'',1,'','Time:','','',2,1),(1962,'',295,152,34,427,0,'FF',9,1.00,'',0,0,0,'',4,'','Cur:','','',2,2),(1963,'',296,152,34,427,0,'FF',9,1.00,'',0,0,0,'',1,'','Avg:','','',2,3),(1964,'',297,152,34,427,0,'FF',9,1.00,'',0,0,0,'',3,'','Max:','','on',2,4),(1965,'',298,153,35,428,145,'FF',7,1.00,'',0,17,0,'',1,'','Uptime:','','',2,1),(1966,'',299,153,35,428,0,'FF',9,1.00,'',0,17,0,'',4,'','Cur:','','',2,2),(1967,'',300,153,35,428,0,'FF',9,1.00,'',0,17,0,'',1,'','Avg:','','',2,3),(1968,'',301,153,35,428,0,'FF',9,1.00,'',0,17,0,'',3,'','Max:','','on',2,4),(1969,'',470,154,53,429,15,'7F',7,0.00,'',0,0,0,'',1,'','1 Minute Average','','',2,1),(1970,'',471,154,53,429,0,'FF',9,0.00,'',0,0,0,'',4,'','Current:','','',4,2),(1971,'',472,154,53,429,0,'FF',9,0.00,'',0,0,0,'',1,'','Average:','','',4,3),(1972,'',473,154,53,429,0,'FF',9,0.00,'',0,0,0,'',3,'','Maximum:','','on',4,4),(1973,'',474,154,53,431,8,'7F',8,0.00,'',0,0,0,'',1,'','5 Minute Average','','',2,5),(1974,'',475,154,53,431,0,'FF',9,0.00,'',0,0,0,'',4,'','Current:','','',4,6),(1975,'',476,154,53,431,0,'FF',9,0.00,'',0,0,0,'',1,'','Average:','','',4,7),(1976,'',477,154,53,431,0,'FF',9,0.00,'',0,0,0,'',3,'','Maximum:','','on',4,8),(1977,'',478,154,53,430,9,'7F',8,0.00,'',0,0,0,'',1,'','15 Minute Average','','',2,9),(1978,'',479,154,53,430,0,'FF',9,0.00,'',0,0,0,'',4,'','Current:','','',4,10),(1979,'',480,154,53,430,0,'FF',9,0.00,'',0,0,0,'',1,'','Average:','','',4,11),(1980,'',481,154,53,430,0,'FF',9,0.00,'',0,0,0,'',3,'','Maximum:','','on',4,12),(1981,'',482,154,53,429,15,'FF',4,1.00,'',0,0,0,'',3,'','','','',2,13),(1982,'',483,154,53,431,8,'FF',20,1.00,'',0,0,0,'',3,'','','','',2,14),(1983,'',484,154,53,430,9,'FF',20,1.00,'',0,0,0,'',3,'','','','',2,15),(1984,'',485,155,54,435,142,'7F',7,1.00,'',0,14,0,'',1,'','Memory Total','','',2,1),(1985,'',486,155,54,435,0,'FF',9,1.00,'',0,14,0,'',4,'','Current:','','',2,2),(1986,'',487,155,54,435,0,'FF',9,1.00,'',0,14,0,'',1,'','Average:','','',2,3),(1987,'',488,155,54,435,0,'FF',9,1.00,'',0,0,0,'',3,'','Maximum:','','on',2,4),(1988,'',489,155,54,432,35,'7F',7,0.00,'',0,14,0,'',1,'','Memory Buffers','','',2,5),(1989,'',490,155,54,432,0,'FF',9,0.00,'',0,14,0,'',4,'','Current:','','',2,6),(1990,'',491,155,54,432,0,'FF',9,0.00,'',0,14,0,'',1,'','Average:','','',2,7),(1991,'',492,155,54,432,0,'FF',9,0.00,'',0,14,0,'',3,'','Maximum:','','on',2,8),(1992,'',493,155,54,433,30,'7F',8,0.00,'',0,14,0,'',1,'','Cache Memory','','',2,9),(1993,'',494,155,54,433,0,'FF',9,0.00,'',0,14,0,'',4,'','Current:','','',2,10),(1994,'',495,155,54,433,0,'FF',9,0.00,'',0,14,0,'',1,'','Average:','','',2,11),(1995,'',496,155,54,433,0,'FF',9,0.00,'',0,14,0,'',3,'','Maximum:','','on',2,12),(1996,'',497,155,54,434,52,'7F',8,0.00,'',0,14,0,'',1,'','Memory Free','','',2,13),(1997,'',498,155,54,434,0,'FF',9,0.00,'',0,14,0,'',4,'','Current:','','',2,14),(1998,'',499,155,54,434,0,'FF',9,0.00,'',0,14,0,'',1,'','Average:','','',2,15),(1999,'',500,155,54,434,0,'FF',9,0.00,'',0,14,0,'',3,'','Maximum:','','on',2,16),(2000,'',501,155,54,435,143,'FF',4,1.00,'',0,14,0,'',3,'','','','',2,17),(2001,'',502,155,54,432,35,'FF',4,1.00,'',0,14,0,'',3,'','','','',2,18),(2002,'',503,155,54,433,30,'FF',20,1.00,'',0,14,0,'',3,'','','','',2,19),(2003,'',504,155,54,434,52,'FF',20,1.00,'',0,14,0,'',3,'','','','',2,20),(2004,'',505,156,55,436,67,'7F',7,0.00,'',0,0,0,'',1,'','Users','','',2,1),(2005,'',506,156,55,436,0,'FF',9,0.00,'',0,0,0,'',4,'','Current:','','',3,2),(2006,'',507,156,55,436,0,'FF',9,0.00,'',0,0,0,'',1,'','Average:','','',3,3),(2007,'',508,156,55,436,0,'FF',9,0.00,'',0,0,0,'',3,'','Maximum:','','on',3,4),(2008,'',509,156,55,436,67,'FF',4,1.00,'',0,0,0,'',3,'','','','',2,5),(2009,'',510,157,56,437,48,'7F',7,0.00,'',0,0,0,'',1,'','Running Processes','','',2,1),(2010,'',511,157,56,437,0,'FF',9,0.00,'',0,0,0,'',4,'','Current:','','',3,2),(2011,'',512,157,56,437,0,'FF',9,0.00,'',0,0,0,'',1,'','Average:','','',3,3),(2012,'',513,157,56,437,0,'FF',9,0.00,'',0,0,0,'',3,'','Maximum:','','',3,4),(2013,'',514,157,56,437,48,'FF',4,1.00,'',0,0,0,'',3,'','','','',2,5),(2014,'',515,158,57,439,48,'7F',7,0.00,'',0,0,0,'',1,'','System:','','',2,1),(2015,'',516,158,57,439,0,'FF',9,0.00,'',0,0,0,'',4,'','Current:','','',5,2),(2016,'',517,158,57,439,0,'FF',9,0.00,'',0,0,0,'',1,'','Average:','','',5,3),(2017,'',518,158,57,439,0,'FF',9,0.00,'',0,0,0,'',3,'','Maximum:','','on',5,4),(2018,'',519,158,57,440,6,'7F',8,0.00,'',0,0,0,'',1,'','User:','','',2,5),(2019,'',520,158,57,440,0,'FF',9,0.00,'',0,0,0,'',4,'','Current:','','',5,6),(2020,'',521,158,57,440,0,'FF',9,0.00,'',0,0,0,'',1,'','Average:','','',5,7),(2021,'',522,158,57,440,0,'FF',9,0.00,'',0,0,0,'',3,'','Maximum:','','on',5,8),(2022,'',523,158,57,438,112,'7F',8,0.00,'',0,0,0,'',1,'','Idle:','','',2,9),(2023,'',524,158,57,438,0,'FF',9,0.00,'',0,0,0,'',4,'','Current:','','',5,10),(2024,'',525,158,57,438,0,'FF',9,0.00,'',0,0,0,'',1,'','Average:','','',5,11),(2025,'',526,158,57,438,0,'FF',9,0.00,'',0,0,0,'',3,'','Maximum:','','on',5,12),(2026,'',527,158,57,0,69,'7F',8,0.00,'',0,18,0,'',1,'','IO Wait:','','',2,13),(2027,'',528,158,57,0,0,'FF',9,0.00,'',0,18,0,'',4,'','Current:','','',5,14),(2028,'',529,158,57,0,0,'FF',9,0.00,'',0,18,0,'',1,'','Average:','','',5,15),(2029,'',530,158,57,0,0,'FF',9,0.00,'',0,18,0,'',3,'','Maximum:','','on',5,16),(2030,'',531,159,58,441,46,'FF',4,0.00,'',0,0,0,'',3,'','','','',2,1),(2031,'',532,159,58,441,46,'7F',7,0.00,'',0,0,0,'',1,'','Interrupts:','','',2,2),(2032,'',533,159,58,441,0,'FF',9,0.00,'',0,0,0,'',4,'','Current:','','',3,3),(2033,'',534,159,58,441,0,'FF',9,0.00,'',0,0,0,'',1,'','Average:','','',3,4),(2034,'',535,159,58,441,0,'FF',9,0.00,'',0,0,0,'',3,'','Maximum:','','on',3,5),(2035,'',536,160,59,442,65,'FF',4,0.00,'',0,0,0,'',3,'','','','',2,1),(2036,'',537,160,59,442,65,'7F',7,0.00,'',0,0,0,'',1,'','Context Switches:','','',2,2),(2037,'',538,160,59,442,0,'FF',9,0.00,'',0,0,0,'',4,'','Current:','','',3,3),(2038,'',539,160,59,442,0,'FF',9,0.00,'',0,0,0,'',1,'','Average:','','',3,4),(2039,'',540,160,59,442,0,'FF',9,0.00,'',0,0,0,'',3,'','Maximum:','','on',3,5),(2040,'',541,161,60,443,67,'7F',7,0.00,'',0,19,0,'',1,'','Reads:','','',2,1),(2041,'',542,161,60,443,0,'FF',9,0.00,'',0,19,0,'',4,'','Current:','','',3,2),(2042,'',543,161,60,443,0,'FF',9,0.00,'',0,19,0,'',1,'','Average:','','',3,3),(2043,'',544,161,60,443,0,'FF',9,0.00,'',0,19,0,'',3,'','Maximum:','','on',3,4),(2044,'',545,161,60,444,41,'7F',8,0.00,'',0,19,0,'',1,'','Writes:','','',2,5),(2045,'',546,161,60,444,0,'FF',9,0.00,'',0,19,0,'',4,'','Current:','','',3,6),(2046,'',547,161,60,444,0,'FF',9,0.00,'',0,19,0,'',1,'','Average:','','',3,7),(2047,'',548,161,60,444,0,'FF',9,0.00,'',0,19,0,'',3,'','Maximum:','','on',3,8),(2048,'',549,161,60,443,67,'FF',4,1.00,'',0,19,0,'',3,'','','','',2,9),(2049,'',550,161,60,444,41,'FF',20,1.00,'',0,19,0,'',3,'','','','',2,10),(2050,'',551,162,61,445,60,'7F',7,0.00,'',0,19,0,'',1,'','Bytes Read:','','',2,1),(2051,'',552,162,61,445,0,'FF',9,0.00,'',0,19,0,'',4,'','Current:','','',2,2),(2052,'',553,162,61,445,0,'FF',9,0.00,'',0,19,0,'',1,'','Average:','','',2,3),(2053,'',554,162,61,445,0,'FF',9,0.00,'',0,19,0,'',3,'','Maximum:','','on',2,4),(2054,'',555,162,61,446,31,'7F',8,0.00,'',0,19,0,'',1,'','Bytes Written:','','',2,5),(2055,'',556,162,61,446,0,'FF',9,0.00,'',0,19,0,'',4,'','Current:','','',2,6),(2056,'',557,162,61,446,0,'FF',9,0.00,'',0,19,0,'',1,'','Average:','','',2,7),(2057,'',558,162,61,446,0,'FF',9,0.00,'',0,19,0,'',3,'','Maximum:','','on',2,8),(2058,'',559,162,61,445,60,'FF',4,1.00,'',0,19,0,'',3,'','','','',2,9),(2059,'',560,162,61,446,31,'FF',20,1.00,'',0,19,0,'',3,'','','','',2,10),(2060,'',575,163,63,448,20,'7F',7,0.00,'',0,0,0,'',1,'','Total','','',2,1),(2061,'',576,163,63,448,0,'FF',9,0.00,'',0,0,0,'',4,'','Current:','','',2,2),(2062,'',577,163,63,448,0,'FF',9,0.00,'',0,0,0,'',1,'','Average:','','',2,3),(2063,'',578,163,63,448,0,'FF',9,0.00,'',0,0,0,'',3,'','Maximum:','','on',2,4),(2064,'',579,163,63,447,48,'7F',7,0.00,'',0,0,0,'',1,'','Used','','',2,5),(2065,'',580,163,63,447,0,'FF',9,0.00,'',0,0,0,'',4,'','Current:','','',2,6),(2066,'',581,163,63,447,0,'FF',9,0.00,'',0,0,0,'',1,'','Average:','','',2,7),(2067,'',582,163,63,447,0,'FF',9,0.00,'',0,0,0,'',3,'','Maximum:','','on',2,8),(2068,'',583,163,63,448,20,'FF',4,1.00,'',0,0,0,'',1,'','','','',2,9),(2069,'',584,163,63,447,344,'FF',4,1.00,'',0,0,0,'',1,'','','','',2,10),(2070,'',575,164,63,450,20,'7F',7,0.00,'',0,0,0,'',1,'','Total','','',2,1),(2071,'',576,164,63,450,0,'FF',9,0.00,'',0,0,0,'',4,'','Current:','','',2,2),(2072,'',577,164,63,450,0,'FF',9,0.00,'',0,0,0,'',1,'','Average:','','',2,3),(2073,'',578,164,63,450,0,'FF',9,0.00,'',0,0,0,'',3,'','Maximum:','','on',2,4),(2074,'',579,164,63,449,48,'7F',7,0.00,'',0,0,0,'',1,'','Used','','',2,5),(2075,'',580,164,63,449,0,'FF',9,0.00,'',0,0,0,'',4,'','Current:','','',2,6),(2076,'',581,164,63,449,0,'FF',9,0.00,'',0,0,0,'',1,'','Average:','','',2,7),(2077,'',582,164,63,449,0,'FF',9,0.00,'',0,0,0,'',3,'','Maximum:','','on',2,8),(2078,'',583,164,63,450,20,'FF',4,1.00,'',0,0,0,'',1,'','','','',2,9),(2079,'',584,164,63,449,344,'FF',4,1.00,'',0,0,0,'',1,'','','','',2,10),(2080,'',575,165,63,452,20,'7F',7,0.00,'',0,0,0,'',1,'','Total','','',2,1),(2081,'',576,165,63,452,0,'FF',9,0.00,'',0,0,0,'',4,'','Current:','','',2,2),(2082,'',577,165,63,452,0,'FF',9,0.00,'',0,0,0,'',1,'','Average:','','',2,3),(2083,'',578,165,63,452,0,'FF',9,0.00,'',0,0,0,'',3,'','Maximum:','','on',2,4),(2084,'',579,165,63,451,48,'7F',7,0.00,'',0,0,0,'',1,'','Used','','',2,5),(2085,'',580,165,63,451,0,'FF',9,0.00,'',0,0,0,'',4,'','Current:','','',2,6),(2086,'',581,165,63,451,0,'FF',9,0.00,'',0,0,0,'',1,'','Average:','','',2,7),(2087,'',582,165,63,451,0,'FF',9,0.00,'',0,0,0,'',3,'','Maximum:','','on',2,8),(2088,'',583,165,63,452,20,'FF',4,1.00,'',0,0,0,'',1,'','','','',2,9),(2089,'',584,165,63,451,344,'FF',4,1.00,'',0,0,0,'',1,'','','','',2,10),(2090,'',575,166,63,454,20,'7F',7,0.00,'',0,0,0,'',1,'','Total','','',2,1),(2091,'',576,166,63,454,0,'FF',9,0.00,'',0,0,0,'',4,'','Current:','','',2,2),(2092,'',577,166,63,454,0,'FF',9,0.00,'',0,0,0,'',1,'','Average:','','',2,3),(2093,'',578,166,63,454,0,'FF',9,0.00,'',0,0,0,'',3,'','Maximum:','','on',2,4),(2094,'',579,166,63,453,48,'7F',7,0.00,'',0,0,0,'',1,'','Used','','',2,5),(2095,'',580,166,63,453,0,'FF',9,0.00,'',0,0,0,'',4,'','Current:','','',2,6),(2096,'',581,166,63,453,0,'FF',9,0.00,'',0,0,0,'',1,'','Average:','','',2,7),(2097,'',582,166,63,453,0,'FF',9,0.00,'',0,0,0,'',3,'','Maximum:','','on',2,8),(2098,'',583,166,63,454,20,'FF',4,1.00,'',0,0,0,'',1,'','','','',2,9),(2099,'',584,166,63,453,344,'FF',4,1.00,'',0,0,0,'',1,'','','','',2,10),(2100,'',575,167,63,456,20,'7F',7,0.00,'',0,0,0,'',1,'','Total','','',2,1),(2101,'',576,167,63,456,0,'FF',9,0.00,'',0,0,0,'',4,'','Current:','','',2,2),(2102,'',577,167,63,456,0,'FF',9,0.00,'',0,0,0,'',1,'','Average:','','',2,3),(2103,'',578,167,63,456,0,'FF',9,0.00,'',0,0,0,'',3,'','Maximum:','','on',2,4),(2104,'',579,167,63,455,48,'7F',7,0.00,'',0,0,0,'',1,'','Used','','',2,5),(2105,'',580,167,63,455,0,'FF',9,0.00,'',0,0,0,'',4,'','Current:','','',2,6),(2106,'',581,167,63,455,0,'FF',9,0.00,'',0,0,0,'',1,'','Average:','','',2,7),(2107,'',582,167,63,455,0,'FF',9,0.00,'',0,0,0,'',3,'','Maximum:','','on',2,8),(2108,'',583,167,63,456,20,'FF',4,1.00,'',0,0,0,'',1,'','','','',2,9),(2109,'',584,167,63,455,344,'FF',4,1.00,'',0,0,0,'',1,'','','','',2,10),(2110,'',575,168,63,458,20,'7F',7,0.00,'',0,0,0,'',1,'','Total','','',2,1),(2111,'',576,168,63,458,0,'FF',9,0.00,'',0,0,0,'',4,'','Current:','','',2,2),(2112,'',577,168,63,458,0,'FF',9,0.00,'',0,0,0,'',1,'','Average:','','',2,3),(2113,'',578,168,63,458,0,'FF',9,0.00,'',0,0,0,'',3,'','Maximum:','','on',2,4),(2114,'',579,168,63,457,48,'7F',7,0.00,'',0,0,0,'',1,'','Used','','',2,5),(2115,'',580,168,63,457,0,'FF',9,0.00,'',0,0,0,'',4,'','Current:','','',2,6),(2116,'',581,168,63,457,0,'FF',9,0.00,'',0,0,0,'',1,'','Average:','','',2,7),(2117,'',582,168,63,457,0,'FF',9,0.00,'',0,0,0,'',3,'','Maximum:','','on',2,8),(2118,'',583,168,63,458,20,'FF',4,1.00,'',0,0,0,'',1,'','','','',2,9),(2119,'',584,168,63,457,344,'FF',4,1.00,'',0,0,0,'',1,'','','','',2,10),(2120,'',575,169,63,460,20,'7F',7,0.00,'',0,0,0,'',1,'','Total','','',2,1),(2121,'',576,169,63,460,0,'FF',9,0.00,'',0,0,0,'',4,'','Current:','','',2,2),(2122,'',577,169,63,460,0,'FF',9,0.00,'',0,0,0,'',1,'','Average:','','',2,3),(2123,'',578,169,63,460,0,'FF',9,0.00,'',0,0,0,'',3,'','Maximum:','','on',2,4),(2124,'',579,169,63,459,48,'7F',7,0.00,'',0,0,0,'',1,'','Used','','',2,5),(2125,'',580,169,63,459,0,'FF',9,0.00,'',0,0,0,'',4,'','Current:','','',2,6),(2126,'',581,169,63,459,0,'FF',9,0.00,'',0,0,0,'',1,'','Average:','','',2,7),(2127,'',582,169,63,459,0,'FF',9,0.00,'',0,0,0,'',3,'','Maximum:','','on',2,8),(2128,'',583,169,63,460,20,'FF',4,1.00,'',0,0,0,'',1,'','','','',2,9),(2129,'',584,169,63,459,344,'FF',4,1.00,'',0,0,0,'',1,'','','','',2,10),(2130,'',575,170,63,462,20,'7F',7,0.00,'',0,0,0,'',1,'','Total','','',2,1),(2131,'',576,170,63,462,0,'FF',9,0.00,'',0,0,0,'',4,'','Current:','','',2,2),(2132,'',577,170,63,462,0,'FF',9,0.00,'',0,0,0,'',1,'','Average:','','',2,3),(2133,'',578,170,63,462,0,'FF',9,0.00,'',0,0,0,'',3,'','Maximum:','','on',2,4),(2134,'',579,170,63,461,48,'7F',7,0.00,'',0,0,0,'',1,'','Used','','',2,5),(2135,'',580,170,63,461,0,'FF',9,0.00,'',0,0,0,'',4,'','Current:','','',2,6),(2136,'',581,170,63,461,0,'FF',9,0.00,'',0,0,0,'',1,'','Average:','','',2,7),(2137,'',582,170,63,461,0,'FF',9,0.00,'',0,0,0,'',3,'','Maximum:','','on',2,8),(2138,'',583,170,63,462,20,'FF',4,1.00,'',0,0,0,'',1,'','','','',2,9),(2139,'',584,170,63,461,344,'FF',4,1.00,'',0,0,0,'',1,'','','','',2,10),(2140,'',575,171,63,464,20,'7F',7,0.00,'',0,0,0,'',1,'','Total','','',2,1),(2141,'',576,171,63,464,0,'FF',9,0.00,'',0,0,0,'',4,'','Current:','','',2,2),(2142,'',577,171,63,464,0,'FF',9,0.00,'',0,0,0,'',1,'','Average:','','',2,3),(2143,'',578,171,63,464,0,'FF',9,0.00,'',0,0,0,'',3,'','Maximum:','','on',2,4),(2144,'',579,171,63,463,48,'7F',7,0.00,'',0,0,0,'',1,'','Used','','',2,5),(2145,'',580,171,63,463,0,'FF',9,0.00,'',0,0,0,'',4,'','Current:','','',2,6),(2146,'',581,171,63,463,0,'FF',9,0.00,'',0,0,0,'',1,'','Average:','','',2,7),(2147,'',582,171,63,463,0,'FF',9,0.00,'',0,0,0,'',3,'','Maximum:','','on',2,8),(2148,'',583,171,63,464,20,'FF',4,1.00,'',0,0,0,'',1,'','','','',2,9),(2149,'',584,171,63,463,344,'FF',4,1.00,'',0,0,0,'',1,'','','','',2,10),(2150,'',585,172,64,465,9,'7F',7,0.00,'',0,0,0,'',1,'','CPU Utilization','','',2,1),(2151,'',586,172,64,465,0,'FF',9,0.00,'',0,0,0,'',4,'','Current:','','',3,2),(2152,'',587,172,64,465,0,'FF',9,0.00,'',0,0,0,'',1,'','Average:','','',3,3),(2153,'',588,172,64,465,0,'FF',9,0.00,'',0,0,0,'',3,'','Maximum:','','on',3,4),(2154,'',589,172,64,465,9,'FF',4,1.00,'',0,0,0,'',3,'','','','',2,5),(2155,'',585,173,64,466,9,'7F',7,0.00,'',0,0,0,'',1,'','CPU Utilization','','',2,1),(2156,'',586,173,64,466,0,'FF',9,0.00,'',0,0,0,'',4,'','Current:','','',3,2),(2157,'',587,173,64,466,0,'FF',9,0.00,'',0,0,0,'',1,'','Average:','','',3,3),(2158,'',588,173,64,466,0,'FF',9,0.00,'',0,0,0,'',3,'','Maximum:','','on',3,4),(2159,'',589,173,64,466,9,'FF',4,1.00,'',0,0,0,'',3,'','','','',2,5),(2160,'',302,174,36,467,22,'FF',4,0.00,'',0,2,0,'',3,'','','','',2,1),(2161,'',303,174,36,467,22,'7F',7,0.00,'',0,2,0,'',1,'','Inbound','','',2,2),(2162,'',304,174,36,467,0,'FF',9,0.00,'',0,2,0,'',4,'','Current:','','',2,3),(2163,'',305,174,36,467,0,'FF',9,0.00,'',0,2,0,'',1,'','Average:','','',2,4),(2164,'',306,174,36,467,0,'FF',9,0.00,'',0,2,0,'',3,'','Maximum:','','on',2,5),(2165,'',307,174,36,468,20,'FF',4,0.00,'',0,2,0,'',3,'','','','',2,6),(2166,'',308,174,36,468,20,'7F',7,0.00,'',0,2,0,'',1,'','Outbound','','',2,7),(2167,'',309,174,36,468,0,'FF',9,0.00,'',0,2,0,'',4,'','Current:','','',2,8),(2168,'',310,174,36,468,0,'FF',9,0.00,'',0,2,0,'',1,'','Average:','','',2,9),(2169,'',311,174,36,468,0,'FF',9,0.00,'',0,2,0,'',3,'','Maximum:','','on',2,10),(2170,'',302,175,36,469,22,'FF',4,0.00,'',0,2,0,'',3,'','','','',2,1),(2171,'',303,175,36,469,22,'7F',7,0.00,'',0,2,0,'',1,'','Inbound','','',2,2),(2172,'',304,175,36,469,0,'FF',9,0.00,'',0,2,0,'',4,'','Current:','','',2,3),(2173,'',305,175,36,469,0,'FF',9,0.00,'',0,2,0,'',1,'','Average:','','',2,4),(2174,'',306,175,36,469,0,'FF',9,0.00,'',0,2,0,'',3,'','Maximum:','','on',2,5),(2175,'',307,175,36,470,20,'FF',4,0.00,'',0,2,0,'',3,'','','','',2,6),(2176,'',308,175,36,470,20,'7F',7,0.00,'',0,2,0,'',1,'','Outbound','','',2,7),(2177,'',309,175,36,470,0,'FF',9,0.00,'',0,2,0,'',4,'','Current:','','',2,8),(2178,'',310,175,36,470,0,'FF',9,0.00,'',0,2,0,'',1,'','Average:','','',2,9),(2179,'',311,175,36,470,0,'FF',9,0.00,'',0,2,0,'',3,'','Maximum:','','on',2,10),(2180,'',312,176,37,472,31,'FF',4,0.00,'',0,0,0,'',1,'','Discards In','','',2,1),(2181,'',313,176,37,472,0,'FF',9,0.00,'',0,0,0,'',4,'','Current:','','',2,2),(2182,'',314,176,37,472,0,'FF',9,0.00,'',0,0,0,'',1,'','Average:','','',2,3),(2183,'',315,176,37,472,0,'FF',9,0.00,'',0,0,0,'',3,'','Maximum:','','on',2,4),(2184,'',316,176,37,471,48,'FF',4,0.00,'',0,0,0,'',1,'','Errors In','','',2,5),(2185,'',317,176,37,471,0,'FF',9,0.00,'',0,0,0,'',4,'','Current:','','',2,6),(2186,'',318,176,37,471,0,'FF',9,0.00,'',0,0,0,'',1,'','Average:','','',2,7),(2187,'',319,176,37,471,0,'FF',9,0.00,'',0,0,0,'',3,'','Maximum:','','on',2,8),(2188,'',320,176,37,473,18,'FF',4,0.00,'',0,0,0,'',1,'','Discards Out','','',2,9),(2189,'',321,176,37,473,0,'FF',9,0.00,'',0,0,0,'',4,'','Current:','','',2,10),(2190,'',322,176,37,473,0,'FF',9,0.00,'',0,0,0,'',1,'','Average:','','',2,11),(2191,'',323,176,37,473,0,'FF',9,0.00,'',0,0,0,'',3,'','Maximum:','','on',2,12),(2192,'',324,176,37,474,89,'FF',4,0.00,'',0,0,0,'',1,'','Errors Out','','',2,13),(2193,'',325,176,37,474,0,'FF',9,0.00,'',0,0,0,'',4,'','Current:','','',2,14),(2194,'',326,176,37,474,0,'FF',9,0.00,'',0,0,0,'',1,'','Average:','','',2,15),(2195,'',327,176,37,474,0,'FF',9,0.00,'',0,0,0,'',3,'','Maximum:','','on',2,16),(2196,'',312,177,37,476,31,'FF',4,0.00,'',0,0,0,'',1,'','Discards In','','',2,1),(2197,'',313,177,37,476,0,'FF',9,0.00,'',0,0,0,'',4,'','Current:','','',2,2),(2198,'',314,177,37,476,0,'FF',9,0.00,'',0,0,0,'',1,'','Average:','','',2,3),(2199,'',315,177,37,476,0,'FF',9,0.00,'',0,0,0,'',3,'','Maximum:','','on',2,4),(2200,'',316,177,37,475,48,'FF',4,0.00,'',0,0,0,'',1,'','Errors In','','',2,5),(2201,'',317,177,37,475,0,'FF',9,0.00,'',0,0,0,'',4,'','Current:','','',2,6),(2202,'',318,177,37,475,0,'FF',9,0.00,'',0,0,0,'',1,'','Average:','','',2,7),(2203,'',319,177,37,475,0,'FF',9,0.00,'',0,0,0,'',3,'','Maximum:','','on',2,8),(2204,'',320,177,37,477,18,'FF',4,0.00,'',0,0,0,'',1,'','Discards Out','','',2,9),(2205,'',321,177,37,477,0,'FF',9,0.00,'',0,0,0,'',4,'','Current:','','',2,10),(2206,'',322,177,37,477,0,'FF',9,0.00,'',0,0,0,'',1,'','Average:','','',2,11),(2207,'',323,177,37,477,0,'FF',9,0.00,'',0,0,0,'',3,'','Maximum:','','on',2,12),(2208,'',324,177,37,478,89,'FF',4,0.00,'',0,0,0,'',1,'','Errors Out','','',2,13),(2209,'',325,177,37,478,0,'FF',9,0.00,'',0,0,0,'',4,'','Current:','','',2,14),(2210,'',326,177,37,478,0,'FF',9,0.00,'',0,0,0,'',1,'','Average:','','',2,15),(2211,'',327,177,37,478,0,'FF',9,0.00,'',0,0,0,'',3,'','Maximum:','','on',2,16),(2212,'',312,178,37,480,31,'FF',4,0.00,'',0,0,0,'',1,'','Discards In','','',2,1),(2213,'',313,178,37,480,0,'FF',9,0.00,'',0,0,0,'',4,'','Current:','','',2,2),(2214,'',314,178,37,480,0,'FF',9,0.00,'',0,0,0,'',1,'','Average:','','',2,3),(2215,'',315,178,37,480,0,'FF',9,0.00,'',0,0,0,'',3,'','Maximum:','','on',2,4),(2216,'',316,178,37,479,48,'FF',4,0.00,'',0,0,0,'',1,'','Errors In','','',2,5),(2217,'',317,178,37,479,0,'FF',9,0.00,'',0,0,0,'',4,'','Current:','','',2,6),(2218,'',318,178,37,479,0,'FF',9,0.00,'',0,0,0,'',1,'','Average:','','',2,7),(2219,'',319,178,37,479,0,'FF',9,0.00,'',0,0,0,'',3,'','Maximum:','','on',2,8),(2220,'',320,178,37,481,18,'FF',4,0.00,'',0,0,0,'',1,'','Discards Out','','',2,9),(2221,'',321,178,37,481,0,'FF',9,0.00,'',0,0,0,'',4,'','Current:','','',2,10),(2222,'',322,178,37,481,0,'FF',9,0.00,'',0,0,0,'',1,'','Average:','','',2,11),(2223,'',323,178,37,481,0,'FF',9,0.00,'',0,0,0,'',3,'','Maximum:','','on',2,12),(2224,'',324,178,37,482,89,'FF',4,0.00,'',0,0,0,'',1,'','Errors Out','','',2,13),(2225,'',325,178,37,482,0,'FF',9,0.00,'',0,0,0,'',4,'','Current:','','',2,14),(2226,'',326,178,37,482,0,'FF',9,0.00,'',0,0,0,'',1,'','Average:','','',2,15),(2227,'',327,178,37,482,0,'FF',9,0.00,'',0,0,0,'',3,'','Maximum:','','on',2,16),(2244,'',302,180,36,487,22,'FF',4,0.00,'',0,2,0,'',3,'','','','',2,1),(2245,'',303,180,36,487,22,'7F',7,0.00,'',0,2,0,'',1,'','Inbound','','',2,2),(2246,'',304,180,36,487,0,'FF',9,0.00,'',0,2,0,'',4,'','Current:','','',2,3),(2247,'',305,180,36,487,0,'FF',9,0.00,'',0,2,0,'',1,'','Average:','','',2,4),(2248,'',306,180,36,487,0,'FF',9,0.00,'',0,2,0,'',3,'','Maximum:','','on',2,5),(2249,'',307,180,36,488,20,'FF',4,0.00,'',0,2,0,'',3,'','','','',2,6),(2250,'',308,180,36,488,20,'7F',7,0.00,'',0,2,0,'',1,'','Outbound','','',2,7),(2251,'',309,180,36,488,0,'FF',9,0.00,'',0,2,0,'',4,'','Current:','','',2,8),(2252,'',310,180,36,488,0,'FF',9,0.00,'',0,2,0,'',1,'','Average:','','',2,9),(2253,'',311,180,36,488,0,'FF',9,0.00,'',0,2,0,'',3,'','Maximum:','','on',2,10),(2254,'',302,181,36,489,22,'FF',4,0.00,'',0,2,0,'',3,'','','','',2,1),(2255,'',303,181,36,489,22,'7F',7,0.00,'',0,2,0,'',1,'','Inbound','','',2,2),(2256,'',304,181,36,489,0,'FF',9,0.00,'',0,2,0,'',4,'','Current:','','',2,3),(2257,'',305,181,36,489,0,'FF',9,0.00,'',0,2,0,'',1,'','Average:','','',2,4),(2258,'',306,181,36,489,0,'FF',9,0.00,'',0,2,0,'',3,'','Maximum:','','on',2,5),(2259,'',307,181,36,490,20,'FF',4,0.00,'',0,2,0,'',3,'','','','',2,6),(2260,'',308,181,36,490,20,'7F',7,0.00,'',0,2,0,'',1,'','Outbound','','',2,7),(2261,'',309,181,36,490,0,'FF',9,0.00,'',0,2,0,'',4,'','Current:','','',2,8),(2262,'',310,181,36,490,0,'FF',9,0.00,'',0,2,0,'',1,'','Average:','','',2,9),(2263,'',311,181,36,490,0,'FF',9,0.00,'',0,2,0,'',3,'','Maximum:','','on',2,10),(2274,'',312,183,37,494,31,'FF',4,0.00,'',0,0,0,'',1,'','Discards In','','',2,1),(2275,'',313,183,37,494,0,'FF',9,0.00,'',0,0,0,'',4,'','Current:','','',2,2),(2276,'',314,183,37,494,0,'FF',9,0.00,'',0,0,0,'',1,'','Average:','','',2,3),(2277,'',315,183,37,494,0,'FF',9,0.00,'',0,0,0,'',3,'','Maximum:','','on',2,4),(2278,'',316,183,37,493,48,'FF',4,0.00,'',0,0,0,'',1,'','Errors In','','',2,5),(2279,'',317,183,37,493,0,'FF',9,0.00,'',0,0,0,'',4,'','Current:','','',2,6),(2280,'',318,183,37,493,0,'FF',9,0.00,'',0,0,0,'',1,'','Average:','','',2,7),(2281,'',319,183,37,493,0,'FF',9,0.00,'',0,0,0,'',3,'','Maximum:','','on',2,8),(2282,'',320,183,37,495,18,'FF',4,0.00,'',0,0,0,'',1,'','Discards Out','','',2,9),(2283,'',321,183,37,495,0,'FF',9,0.00,'',0,0,0,'',4,'','Current:','','',2,10),(2284,'',322,183,37,495,0,'FF',9,0.00,'',0,0,0,'',1,'','Average:','','',2,11),(2285,'',323,183,37,495,0,'FF',9,0.00,'',0,0,0,'',3,'','Maximum:','','on',2,12),(2286,'',324,183,37,496,89,'FF',4,0.00,'',0,0,0,'',1,'','Errors Out','','',2,13),(2287,'',325,183,37,496,0,'FF',9,0.00,'',0,0,0,'',4,'','Current:','','',2,14),(2288,'',326,183,37,496,0,'FF',9,0.00,'',0,0,0,'',1,'','Average:','','',2,15),(2289,'',327,183,37,496,0,'FF',9,0.00,'',0,0,0,'',3,'','Maximum:','','on',2,16),(2290,'',302,184,36,497,22,'FF',4,0.00,'',0,2,0,'',3,'','','','',2,1),(2291,'',303,184,36,497,22,'7F',7,0.00,'',0,2,0,'',1,'','Inbound','','',2,2),(2292,'',304,184,36,497,0,'FF',9,0.00,'',0,2,0,'',4,'','Current:','','',2,3),(2293,'',305,184,36,497,0,'FF',9,0.00,'',0,2,0,'',1,'','Average:','','',2,4),(2294,'',306,184,36,497,0,'FF',9,0.00,'',0,2,0,'',3,'','Maximum:','','on',2,5),(2295,'',307,184,36,498,20,'FF',4,0.00,'',0,2,0,'',3,'','','','',2,6),(2296,'',308,184,36,498,20,'7F',7,0.00,'',0,2,0,'',1,'','Outbound','','',2,7),(2297,'',309,184,36,498,0,'FF',9,0.00,'',0,2,0,'',4,'','Current:','','',2,8),(2298,'',310,184,36,498,0,'FF',9,0.00,'',0,2,0,'',1,'','Average:','','',2,9),(2299,'',311,184,36,498,0,'FF',9,0.00,'',0,2,0,'',3,'','Maximum:','','on',2,10),(2300,'',347,185,40,499,22,'FF',4,0.00,'',0,0,0,'',3,'','','','',2,1),(2301,'',348,185,40,499,22,'7F',7,0.00,'',0,0,0,'',1,'','Inbound','','',2,2),(2302,'',349,185,40,499,0,'FF',9,0.00,'',0,0,0,'',4,'','Current:','','',2,3),(2303,'',350,185,40,499,0,'FF',9,0.00,'',0,0,0,'',1,'','Average:','','',2,4),(2304,'',351,185,40,499,0,'FF',9,0.00,'',0,0,0,'',3,'','Maximum:','','on',2,5),(2305,'',352,185,40,500,20,'FF',4,0.00,'',0,0,0,'',3,'','','','',2,6),(2306,'',353,185,40,500,20,'7F',4,0.00,'',0,0,0,'',1,'','Outbound','','',2,7),(2307,'',354,185,40,500,0,'FF',9,0.00,'',0,0,0,'',4,'','Current:','','',2,8),(2308,'',355,185,40,500,0,'FF',9,0.00,'',0,0,0,'',1,'','Average:','','',2,9),(2309,'',356,185,40,500,0,'FF',9,0.00,'',0,0,0,'',3,'','Maximum:','','on',2,10),(2310,'',294,186,34,501,357,'FF',7,1.00,'',0,0,0,'',1,'','Time:','','',2,1),(2311,'',295,186,34,501,0,'FF',9,1.00,'',0,0,0,'',4,'','Cur:','','',2,2),(2312,'',296,186,34,501,0,'FF',9,1.00,'',0,0,0,'',1,'','Avg:','','',2,3),(2313,'',297,186,34,501,0,'FF',9,1.00,'',0,0,0,'',3,'','Max:','','on',2,4),(2314,'',298,187,35,502,145,'FF',7,1.00,'',0,17,0,'',1,'','Uptime:','','',2,1),(2315,'',299,187,35,502,0,'FF',9,1.00,'',0,17,0,'',4,'','Cur:','','',2,2),(2316,'',300,187,35,502,0,'FF',9,1.00,'',0,17,0,'',1,'','Avg:','','',2,3),(2317,'',301,187,35,502,0,'FF',9,1.00,'',0,17,0,'',3,'','Max:','','on',2,4),(2318,'',470,188,53,503,15,'7F',7,0.00,'',0,0,0,'',1,'','1 Minute Average','','',2,1),(2319,'',471,188,53,503,0,'FF',9,0.00,'',0,0,0,'',4,'','Current:','','',4,2),(2320,'',472,188,53,503,0,'FF',9,0.00,'',0,0,0,'',1,'','Average:','','',4,3),(2321,'',473,188,53,503,0,'FF',9,0.00,'',0,0,0,'',3,'','Maximum:','','on',4,4),(2322,'',474,188,53,505,8,'7F',8,0.00,'',0,0,0,'',1,'','5 Minute Average','','',2,5),(2323,'',475,188,53,505,0,'FF',9,0.00,'',0,0,0,'',4,'','Current:','','',4,6),(2324,'',476,188,53,505,0,'FF',9,0.00,'',0,0,0,'',1,'','Average:','','',4,7),(2325,'',477,188,53,505,0,'FF',9,0.00,'',0,0,0,'',3,'','Maximum:','','on',4,8),(2326,'',478,188,53,504,9,'7F',8,0.00,'',0,0,0,'',1,'','15 Minute Average','','',2,9),(2327,'',479,188,53,504,0,'FF',9,0.00,'',0,0,0,'',4,'','Current:','','',4,10),(2328,'',480,188,53,504,0,'FF',9,0.00,'',0,0,0,'',1,'','Average:','','',4,11),(2329,'',481,188,53,504,0,'FF',9,0.00,'',0,0,0,'',3,'','Maximum:','','on',4,12),(2330,'',482,188,53,503,15,'FF',4,1.00,'',0,0,0,'',3,'','','','',2,13),(2331,'',483,188,53,505,8,'FF',20,1.00,'',0,0,0,'',3,'','','','',2,14),(2332,'',484,188,53,504,9,'FF',20,1.00,'',0,0,0,'',3,'','','','',2,15),(2333,'',485,189,54,509,142,'7F',7,1.00,'',0,14,0,'',1,'','Memory Total','','',2,1),(2334,'',486,189,54,509,0,'FF',9,1.00,'',0,14,0,'',4,'','Current:','','',2,2),(2335,'',487,189,54,509,0,'FF',9,1.00,'',0,14,0,'',1,'','Average:','','',2,3),(2336,'',488,189,54,509,0,'FF',9,1.00,'',0,0,0,'',3,'','Maximum:','','on',2,4),(2337,'',489,189,54,506,35,'7F',7,0.00,'',0,14,0,'',1,'','Memory Buffers','','',2,5),(2338,'',490,189,54,506,0,'FF',9,0.00,'',0,14,0,'',4,'','Current:','','',2,6),(2339,'',491,189,54,506,0,'FF',9,0.00,'',0,14,0,'',1,'','Average:','','',2,7),(2340,'',492,189,54,506,0,'FF',9,0.00,'',0,14,0,'',3,'','Maximum:','','on',2,8),(2341,'',493,189,54,507,30,'7F',8,0.00,'',0,14,0,'',1,'','Cache Memory','','',2,9),(2342,'',494,189,54,507,0,'FF',9,0.00,'',0,14,0,'',4,'','Current:','','',2,10),(2343,'',495,189,54,507,0,'FF',9,0.00,'',0,14,0,'',1,'','Average:','','',2,11),(2344,'',496,189,54,507,0,'FF',9,0.00,'',0,14,0,'',3,'','Maximum:','','on',2,12),(2345,'',497,189,54,508,52,'7F',8,0.00,'',0,14,0,'',1,'','Memory Free','','',2,13),(2346,'',498,189,54,508,0,'FF',9,0.00,'',0,14,0,'',4,'','Current:','','',2,14),(2347,'',499,189,54,508,0,'FF',9,0.00,'',0,14,0,'',1,'','Average:','','',2,15),(2348,'',500,189,54,508,0,'FF',9,0.00,'',0,14,0,'',3,'','Maximum:','','on',2,16),(2349,'',501,189,54,509,143,'FF',4,1.00,'',0,14,0,'',3,'','','','',2,17),(2350,'',502,189,54,506,35,'FF',4,1.00,'',0,14,0,'',3,'','','','',2,18),(2351,'',503,189,54,507,30,'FF',20,1.00,'',0,14,0,'',3,'','','','',2,19),(2352,'',504,189,54,508,52,'FF',20,1.00,'',0,14,0,'',3,'','','','',2,20),(2353,'',505,190,55,510,67,'7F',7,0.00,'',0,0,0,'',1,'','Users','','',2,1),(2354,'',506,190,55,510,0,'FF',9,0.00,'',0,0,0,'',4,'','Current:','','',3,2),(2355,'',507,190,55,510,0,'FF',9,0.00,'',0,0,0,'',1,'','Average:','','',3,3),(2356,'',508,190,55,510,0,'FF',9,0.00,'',0,0,0,'',3,'','Maximum:','','on',3,4),(2357,'',509,190,55,510,67,'FF',4,1.00,'',0,0,0,'',3,'','','','',2,5),(2358,'',510,191,56,511,48,'7F',7,0.00,'',0,0,0,'',1,'','Running Processes','','',2,1),(2359,'',511,191,56,511,0,'FF',9,0.00,'',0,0,0,'',4,'','Current:','','',3,2),(2360,'',512,191,56,511,0,'FF',9,0.00,'',0,0,0,'',1,'','Average:','','',3,3),(2361,'',513,191,56,511,0,'FF',9,0.00,'',0,0,0,'',3,'','Maximum:','','',3,4),(2362,'',514,191,56,511,48,'FF',4,1.00,'',0,0,0,'',3,'','','','',2,5),(2363,'',515,192,57,513,48,'7F',7,0.00,'',0,0,0,'',1,'','System:','','',2,1),(2364,'',516,192,57,513,0,'FF',9,0.00,'',0,0,0,'',4,'','Current:','','',5,2),(2365,'',517,192,57,513,0,'FF',9,0.00,'',0,0,0,'',1,'','Average:','','',5,3),(2366,'',518,192,57,513,0,'FF',9,0.00,'',0,0,0,'',3,'','Maximum:','','on',5,4),(2367,'',519,192,57,514,6,'7F',8,0.00,'',0,0,0,'',1,'','User:','','',2,5),(2368,'',520,192,57,514,0,'FF',9,0.00,'',0,0,0,'',4,'','Current:','','',5,6),(2369,'',521,192,57,514,0,'FF',9,0.00,'',0,0,0,'',1,'','Average:','','',5,7),(2370,'',522,192,57,514,0,'FF',9,0.00,'',0,0,0,'',3,'','Maximum:','','on',5,8),(2371,'',523,192,57,512,112,'7F',8,0.00,'',0,0,0,'',1,'','Idle:','','',2,9),(2372,'',524,192,57,512,0,'FF',9,0.00,'',0,0,0,'',4,'','Current:','','',5,10),(2373,'',525,192,57,512,0,'FF',9,0.00,'',0,0,0,'',1,'','Average:','','',5,11),(2374,'',526,192,57,512,0,'FF',9,0.00,'',0,0,0,'',3,'','Maximum:','','on',5,12),(2375,'',527,192,57,0,69,'7F',8,0.00,'',0,18,0,'',1,'','IO Wait:','','',2,13),(2376,'',528,192,57,0,0,'FF',9,0.00,'',0,18,0,'',4,'','Current:','','',5,14),(2377,'',529,192,57,0,0,'FF',9,0.00,'',0,18,0,'',1,'','Average:','','',5,15),(2378,'',530,192,57,0,0,'FF',9,0.00,'',0,18,0,'',3,'','Maximum:','','on',5,16),(2379,'',531,193,58,515,46,'FF',4,0.00,'',0,0,0,'',3,'','','','',2,1),(2380,'',532,193,58,515,46,'7F',7,0.00,'',0,0,0,'',1,'','Interrupts:','','',2,2),(2381,'',533,193,58,515,0,'FF',9,0.00,'',0,0,0,'',4,'','Current:','','',3,3),(2382,'',534,193,58,515,0,'FF',9,0.00,'',0,0,0,'',1,'','Average:','','',3,4),(2383,'',535,193,58,515,0,'FF',9,0.00,'',0,0,0,'',3,'','Maximum:','','on',3,5),(2384,'',536,194,59,516,65,'FF',4,0.00,'',0,0,0,'',3,'','','','',2,1),(2385,'',537,194,59,516,65,'7F',7,0.00,'',0,0,0,'',1,'','Context Switches:','','',2,2),(2386,'',538,194,59,516,0,'FF',9,0.00,'',0,0,0,'',4,'','Current:','','',3,3),(2387,'',539,194,59,516,0,'FF',9,0.00,'',0,0,0,'',1,'','Average:','','',3,4),(2388,'',540,194,59,516,0,'FF',9,0.00,'',0,0,0,'',3,'','Maximum:','','on',3,5),(2389,'',541,195,60,517,67,'7F',7,0.00,'',0,19,0,'',1,'','Reads:','','',2,1),(2390,'',542,195,60,517,0,'FF',9,0.00,'',0,19,0,'',4,'','Current:','','',3,2),(2391,'',543,195,60,517,0,'FF',9,0.00,'',0,19,0,'',1,'','Average:','','',3,3),(2392,'',544,195,60,517,0,'FF',9,0.00,'',0,19,0,'',3,'','Maximum:','','on',3,4),(2393,'',545,195,60,518,41,'7F',8,0.00,'',0,19,0,'',1,'','Writes:','','',2,5),(2394,'',546,195,60,518,0,'FF',9,0.00,'',0,19,0,'',4,'','Current:','','',3,6),(2395,'',547,195,60,518,0,'FF',9,0.00,'',0,19,0,'',1,'','Average:','','',3,7),(2396,'',548,195,60,518,0,'FF',9,0.00,'',0,19,0,'',3,'','Maximum:','','on',3,8),(2397,'',549,195,60,517,67,'FF',4,1.00,'',0,19,0,'',3,'','','','',2,9),(2398,'',550,195,60,518,41,'FF',20,1.00,'',0,19,0,'',3,'','','','',2,10),(2399,'',551,196,61,519,60,'7F',7,0.00,'',0,19,0,'',1,'','Bytes Read:','','',2,1),(2400,'',552,196,61,519,0,'FF',9,0.00,'',0,19,0,'',4,'','Current:','','',2,2),(2401,'',553,196,61,519,0,'FF',9,0.00,'',0,19,0,'',1,'','Average:','','',2,3),(2402,'',554,196,61,519,0,'FF',9,0.00,'',0,19,0,'',3,'','Maximum:','','on',2,4),(2403,'',555,196,61,520,31,'7F',8,0.00,'',0,19,0,'',1,'','Bytes Written:','','',2,5),(2404,'',556,196,61,520,0,'FF',9,0.00,'',0,19,0,'',4,'','Current:','','',2,6),(2405,'',557,196,61,520,0,'FF',9,0.00,'',0,19,0,'',1,'','Average:','','',2,7),(2406,'',558,196,61,520,0,'FF',9,0.00,'',0,19,0,'',3,'','Maximum:','','on',2,8),(2407,'',559,196,61,519,60,'FF',4,1.00,'',0,19,0,'',3,'','','','',2,9),(2408,'',560,196,61,520,31,'FF',20,1.00,'',0,19,0,'',3,'','','','',2,10),(2409,'',575,197,63,522,20,'7F',7,0.00,'',0,0,0,'',1,'','Total','','',2,1),(2410,'',576,197,63,522,0,'FF',9,0.00,'',0,0,0,'',4,'','Current:','','',2,2),(2411,'',577,197,63,522,0,'FF',9,0.00,'',0,0,0,'',1,'','Average:','','',2,3),(2412,'',578,197,63,522,0,'FF',9,0.00,'',0,0,0,'',3,'','Maximum:','','on',2,4),(2413,'',579,197,63,521,48,'7F',7,0.00,'',0,0,0,'',1,'','Used','','',2,5),(2414,'',580,197,63,521,0,'FF',9,0.00,'',0,0,0,'',4,'','Current:','','',2,6),(2415,'',581,197,63,521,0,'FF',9,0.00,'',0,0,0,'',1,'','Average:','','',2,7),(2416,'',582,197,63,521,0,'FF',9,0.00,'',0,0,0,'',3,'','Maximum:','','on',2,8),(2417,'',583,197,63,522,20,'FF',4,1.00,'',0,0,0,'',1,'','','','',2,9),(2418,'',584,197,63,521,344,'FF',4,1.00,'',0,0,0,'',1,'','','','',2,10),(2419,'',575,198,63,524,20,'7F',7,0.00,'',0,0,0,'',1,'','Total','','',2,1),(2420,'',576,198,63,524,0,'FF',9,0.00,'',0,0,0,'',4,'','Current:','','',2,2),(2421,'',577,198,63,524,0,'FF',9,0.00,'',0,0,0,'',1,'','Average:','','',2,3),(2422,'',578,198,63,524,0,'FF',9,0.00,'',0,0,0,'',3,'','Maximum:','','on',2,4),(2423,'',579,198,63,523,48,'7F',7,0.00,'',0,0,0,'',1,'','Used','','',2,5),(2424,'',580,198,63,523,0,'FF',9,0.00,'',0,0,0,'',4,'','Current:','','',2,6),(2425,'',581,198,63,523,0,'FF',9,0.00,'',0,0,0,'',1,'','Average:','','',2,7),(2426,'',582,198,63,523,0,'FF',9,0.00,'',0,0,0,'',3,'','Maximum:','','on',2,8),(2427,'',583,198,63,524,20,'FF',4,1.00,'',0,0,0,'',1,'','','','',2,9),(2428,'',584,198,63,523,344,'FF',4,1.00,'',0,0,0,'',1,'','','','',2,10),(2429,'',575,199,63,526,20,'7F',7,0.00,'',0,0,0,'',1,'','Total','','',2,1),(2430,'',576,199,63,526,0,'FF',9,0.00,'',0,0,0,'',4,'','Current:','','',2,2),(2431,'',577,199,63,526,0,'FF',9,0.00,'',0,0,0,'',1,'','Average:','','',2,3),(2432,'',578,199,63,526,0,'FF',9,0.00,'',0,0,0,'',3,'','Maximum:','','on',2,4),(2433,'',579,199,63,525,48,'7F',7,0.00,'',0,0,0,'',1,'','Used','','',2,5),(2434,'',580,199,63,525,0,'FF',9,0.00,'',0,0,0,'',4,'','Current:','','',2,6),(2435,'',581,199,63,525,0,'FF',9,0.00,'',0,0,0,'',1,'','Average:','','',2,7),(2436,'',582,199,63,525,0,'FF',9,0.00,'',0,0,0,'',3,'','Maximum:','','on',2,8),(2437,'',583,199,63,526,20,'FF',4,1.00,'',0,0,0,'',1,'','','','',2,9),(2438,'',584,199,63,525,344,'FF',4,1.00,'',0,0,0,'',1,'','','','',2,10),(2439,'',575,200,63,528,20,'7F',7,0.00,'',0,0,0,'',1,'','Total','','',2,1),(2440,'',576,200,63,528,0,'FF',9,0.00,'',0,0,0,'',4,'','Current:','','',2,2),(2441,'',577,200,63,528,0,'FF',9,0.00,'',0,0,0,'',1,'','Average:','','',2,3),(2442,'',578,200,63,528,0,'FF',9,0.00,'',0,0,0,'',3,'','Maximum:','','on',2,4),(2443,'',579,200,63,527,48,'7F',7,0.00,'',0,0,0,'',1,'','Used','','',2,5),(2444,'',580,200,63,527,0,'FF',9,0.00,'',0,0,0,'',4,'','Current:','','',2,6),(2445,'',581,200,63,527,0,'FF',9,0.00,'',0,0,0,'',1,'','Average:','','',2,7),(2446,'',582,200,63,527,0,'FF',9,0.00,'',0,0,0,'',3,'','Maximum:','','on',2,8),(2447,'',583,200,63,528,20,'FF',4,1.00,'',0,0,0,'',1,'','','','',2,9),(2448,'',584,200,63,527,344,'FF',4,1.00,'',0,0,0,'',1,'','','','',2,10),(2449,'',575,201,63,530,20,'7F',7,0.00,'',0,0,0,'',1,'','Total','','',2,1),(2450,'',576,201,63,530,0,'FF',9,0.00,'',0,0,0,'',4,'','Current:','','',2,2),(2451,'',577,201,63,530,0,'FF',9,0.00,'',0,0,0,'',1,'','Average:','','',2,3),(2452,'',578,201,63,530,0,'FF',9,0.00,'',0,0,0,'',3,'','Maximum:','','on',2,4),(2453,'',579,201,63,529,48,'7F',7,0.00,'',0,0,0,'',1,'','Used','','',2,5),(2454,'',580,201,63,529,0,'FF',9,0.00,'',0,0,0,'',4,'','Current:','','',2,6),(2455,'',581,201,63,529,0,'FF',9,0.00,'',0,0,0,'',1,'','Average:','','',2,7),(2456,'',582,201,63,529,0,'FF',9,0.00,'',0,0,0,'',3,'','Maximum:','','on',2,8),(2457,'',583,201,63,530,20,'FF',4,1.00,'',0,0,0,'',1,'','','','',2,9),(2458,'',584,201,63,529,344,'FF',4,1.00,'',0,0,0,'',1,'','','','',2,10),(2459,'',575,202,63,532,20,'7F',7,0.00,'',0,0,0,'',1,'','Total','','',2,1),(2460,'',576,202,63,532,0,'FF',9,0.00,'',0,0,0,'',4,'','Current:','','',2,2),(2461,'',577,202,63,532,0,'FF',9,0.00,'',0,0,0,'',1,'','Average:','','',2,3),(2462,'',578,202,63,532,0,'FF',9,0.00,'',0,0,0,'',3,'','Maximum:','','on',2,4),(2463,'',579,202,63,531,48,'7F',7,0.00,'',0,0,0,'',1,'','Used','','',2,5),(2464,'',580,202,63,531,0,'FF',9,0.00,'',0,0,0,'',4,'','Current:','','',2,6),(2465,'',581,202,63,531,0,'FF',9,0.00,'',0,0,0,'',1,'','Average:','','',2,7),(2466,'',582,202,63,531,0,'FF',9,0.00,'',0,0,0,'',3,'','Maximum:','','on',2,8),(2467,'',583,202,63,532,20,'FF',4,1.00,'',0,0,0,'',1,'','','','',2,9),(2468,'',584,202,63,531,344,'FF',4,1.00,'',0,0,0,'',1,'','','','',2,10),(2469,'',575,203,63,534,20,'7F',7,0.00,'',0,0,0,'',1,'','Total','','',2,1),(2470,'',576,203,63,534,0,'FF',9,0.00,'',0,0,0,'',4,'','Current:','','',2,2),(2471,'',577,203,63,534,0,'FF',9,0.00,'',0,0,0,'',1,'','Average:','','',2,3),(2472,'',578,203,63,534,0,'FF',9,0.00,'',0,0,0,'',3,'','Maximum:','','on',2,4),(2473,'',579,203,63,533,48,'7F',7,0.00,'',0,0,0,'',1,'','Used','','',2,5),(2474,'',580,203,63,533,0,'FF',9,0.00,'',0,0,0,'',4,'','Current:','','',2,6),(2475,'',581,203,63,533,0,'FF',9,0.00,'',0,0,0,'',1,'','Average:','','',2,7),(2476,'',582,203,63,533,0,'FF',9,0.00,'',0,0,0,'',3,'','Maximum:','','on',2,8),(2477,'',583,203,63,534,20,'FF',4,1.00,'',0,0,0,'',1,'','','','',2,9),(2478,'',584,203,63,533,344,'FF',4,1.00,'',0,0,0,'',1,'','','','',2,10),(2479,'',575,204,63,536,20,'7F',7,0.00,'',0,0,0,'',1,'','Total','','',2,1),(2480,'',576,204,63,536,0,'FF',9,0.00,'',0,0,0,'',4,'','Current:','','',2,2),(2481,'',577,204,63,536,0,'FF',9,0.00,'',0,0,0,'',1,'','Average:','','',2,3),(2482,'',578,204,63,536,0,'FF',9,0.00,'',0,0,0,'',3,'','Maximum:','','on',2,4),(2483,'',579,204,63,535,48,'7F',7,0.00,'',0,0,0,'',1,'','Used','','',2,5),(2484,'',580,204,63,535,0,'FF',9,0.00,'',0,0,0,'',4,'','Current:','','',2,6),(2485,'',581,204,63,535,0,'FF',9,0.00,'',0,0,0,'',1,'','Average:','','',2,7),(2486,'',582,204,63,535,0,'FF',9,0.00,'',0,0,0,'',3,'','Maximum:','','on',2,8),(2487,'',583,204,63,536,20,'FF',4,1.00,'',0,0,0,'',1,'','','','',2,9),(2488,'',584,204,63,535,344,'FF',4,1.00,'',0,0,0,'',1,'','','','',2,10),(2489,'',575,205,63,538,20,'7F',7,0.00,'',0,0,0,'',1,'','Total','','',2,1),(2490,'',576,205,63,538,0,'FF',9,0.00,'',0,0,0,'',4,'','Current:','','',2,2),(2491,'',577,205,63,538,0,'FF',9,0.00,'',0,0,0,'',1,'','Average:','','',2,3),(2492,'',578,205,63,538,0,'FF',9,0.00,'',0,0,0,'',3,'','Maximum:','','on',2,4),(2493,'',579,205,63,537,48,'7F',7,0.00,'',0,0,0,'',1,'','Used','','',2,5),(2494,'',580,205,63,537,0,'FF',9,0.00,'',0,0,0,'',4,'','Current:','','',2,6),(2495,'',581,205,63,537,0,'FF',9,0.00,'',0,0,0,'',1,'','Average:','','',2,7),(2496,'',582,205,63,537,0,'FF',9,0.00,'',0,0,0,'',3,'','Maximum:','','on',2,8),(2497,'',583,205,63,538,20,'FF',4,1.00,'',0,0,0,'',1,'','','','',2,9),(2498,'',584,205,63,537,344,'FF',4,1.00,'',0,0,0,'',1,'','','','',2,10),(2499,'',585,206,64,539,9,'7F',7,0.00,'',0,0,0,'',1,'','CPU Utilization','','',2,1),(2500,'',586,206,64,539,0,'FF',9,0.00,'',0,0,0,'',4,'','Current:','','',3,2),(2501,'',587,206,64,539,0,'FF',9,0.00,'',0,0,0,'',1,'','Average:','','',3,3),(2502,'',588,206,64,539,0,'FF',9,0.00,'',0,0,0,'',3,'','Maximum:','','on',3,4),(2503,'',589,206,64,539,9,'FF',4,1.00,'',0,0,0,'',3,'','','','',2,5),(2504,'',585,207,64,540,9,'7F',7,0.00,'',0,0,0,'',1,'','CPU Utilization','','',2,1),(2505,'',586,207,64,540,0,'FF',9,0.00,'',0,0,0,'',4,'','Current:','','',3,2),(2506,'',587,207,64,540,0,'FF',9,0.00,'',0,0,0,'',1,'','Average:','','',3,3),(2507,'',588,207,64,540,0,'FF',9,0.00,'',0,0,0,'',3,'','Maximum:','','on',3,4),(2508,'',589,207,64,540,9,'FF',4,1.00,'',0,0,0,'',3,'','','','',2,5),(2509,'',312,208,37,542,31,'FF',4,0.00,'',0,0,0,'',1,'','Discards In','','',2,1),(2510,'',313,208,37,542,0,'FF',9,0.00,'',0,0,0,'',4,'','Current:','','',2,2),(2511,'',314,208,37,542,0,'FF',9,0.00,'',0,0,0,'',1,'','Average:','','',2,3),(2512,'',315,208,37,542,0,'FF',9,0.00,'',0,0,0,'',3,'','Maximum:','','on',2,4),(2513,'',316,208,37,541,48,'FF',4,0.00,'',0,0,0,'',1,'','Errors In','','',2,5),(2514,'',317,208,37,541,0,'FF',9,0.00,'',0,0,0,'',4,'','Current:','','',2,6),(2515,'',318,208,37,541,0,'FF',9,0.00,'',0,0,0,'',1,'','Average:','','',2,7),(2516,'',319,208,37,541,0,'FF',9,0.00,'',0,0,0,'',3,'','Maximum:','','on',2,8),(2517,'',320,208,37,543,18,'FF',4,0.00,'',0,0,0,'',1,'','Discards Out','','',2,9),(2518,'',321,208,37,543,0,'FF',9,0.00,'',0,0,0,'',4,'','Current:','','',2,10),(2519,'',322,208,37,543,0,'FF',9,0.00,'',0,0,0,'',1,'','Average:','','',2,11),(2520,'',323,208,37,543,0,'FF',9,0.00,'',0,0,0,'',3,'','Maximum:','','on',2,12),(2521,'',324,208,37,544,89,'FF',4,0.00,'',0,0,0,'',1,'','Errors Out','','',2,13),(2522,'',325,208,37,544,0,'FF',9,0.00,'',0,0,0,'',4,'','Current:','','',2,14),(2523,'',326,208,37,544,0,'FF',9,0.00,'',0,0,0,'',1,'','Average:','','',2,15),(2524,'',327,208,37,544,0,'FF',9,0.00,'',0,0,0,'',3,'','Maximum:','','on',2,16),(2525,'',312,209,37,546,31,'FF',4,0.00,'',0,0,0,'',1,'','Discards In','','',2,1),(2526,'',313,209,37,546,0,'FF',9,0.00,'',0,0,0,'',4,'','Current:','','',2,2),(2527,'',314,209,37,546,0,'FF',9,0.00,'',0,0,0,'',1,'','Average:','','',2,3),(2528,'',315,209,37,546,0,'FF',9,0.00,'',0,0,0,'',3,'','Maximum:','','on',2,4),(2529,'',316,209,37,545,48,'FF',4,0.00,'',0,0,0,'',1,'','Errors In','','',2,5),(2530,'',317,209,37,545,0,'FF',9,0.00,'',0,0,0,'',4,'','Current:','','',2,6),(2531,'',318,209,37,545,0,'FF',9,0.00,'',0,0,0,'',1,'','Average:','','',2,7),(2532,'',319,209,37,545,0,'FF',9,0.00,'',0,0,0,'',3,'','Maximum:','','on',2,8),(2533,'',320,209,37,547,18,'FF',4,0.00,'',0,0,0,'',1,'','Discards Out','','',2,9),(2534,'',321,209,37,547,0,'FF',9,0.00,'',0,0,0,'',4,'','Current:','','',2,10),(2535,'',322,209,37,547,0,'FF',9,0.00,'',0,0,0,'',1,'','Average:','','',2,11),(2536,'',323,209,37,547,0,'FF',9,0.00,'',0,0,0,'',3,'','Maximum:','','on',2,12),(2537,'',324,209,37,548,89,'FF',4,0.00,'',0,0,0,'',1,'','Errors Out','','',2,13),(2538,'',325,209,37,548,0,'FF',9,0.00,'',0,0,0,'',4,'','Current:','','',2,14),(2539,'',326,209,37,548,0,'FF',9,0.00,'',0,0,0,'',1,'','Average:','','',2,15),(2540,'',327,209,37,548,0,'FF',9,0.00,'',0,0,0,'',3,'','Maximum:','','on',2,16),(2541,'',312,210,37,550,31,'FF',4,0.00,'',0,0,0,'',1,'','Discards In','','',2,1),(2542,'',313,210,37,550,0,'FF',9,0.00,'',0,0,0,'',4,'','Current:','','',2,2),(2543,'',314,210,37,550,0,'FF',9,0.00,'',0,0,0,'',1,'','Average:','','',2,3),(2544,'',315,210,37,550,0,'FF',9,0.00,'',0,0,0,'',3,'','Maximum:','','on',2,4),(2545,'',316,210,37,549,48,'FF',4,0.00,'',0,0,0,'',1,'','Errors In','','',2,5),(2546,'',317,210,37,549,0,'FF',9,0.00,'',0,0,0,'',4,'','Current:','','',2,6),(2547,'',318,210,37,549,0,'FF',9,0.00,'',0,0,0,'',1,'','Average:','','',2,7),(2548,'',319,210,37,549,0,'FF',9,0.00,'',0,0,0,'',3,'','Maximum:','','on',2,8),(2549,'',320,210,37,551,18,'FF',4,0.00,'',0,0,0,'',1,'','Discards Out','','',2,9),(2550,'',321,210,37,551,0,'FF',9,0.00,'',0,0,0,'',4,'','Current:','','',2,10),(2551,'',322,210,37,551,0,'FF',9,0.00,'',0,0,0,'',1,'','Average:','','',2,11),(2552,'',323,210,37,551,0,'FF',9,0.00,'',0,0,0,'',3,'','Maximum:','','on',2,12),(2553,'',324,210,37,552,89,'FF',4,0.00,'',0,0,0,'',1,'','Errors Out','','',2,13),(2554,'',325,210,37,552,0,'FF',9,0.00,'',0,0,0,'',4,'','Current:','','',2,14),(2555,'',326,210,37,552,0,'FF',9,0.00,'',0,0,0,'',1,'','Average:','','',2,15),(2556,'',327,210,37,552,0,'FF',9,0.00,'',0,0,0,'',3,'','Maximum:','','on',2,16),(2557,'',312,211,37,554,31,'FF',4,0.00,'',0,0,0,'',1,'','Discards In','','',2,1),(2558,'',313,211,37,554,0,'FF',9,0.00,'',0,0,0,'',4,'','Current:','','',2,2),(2559,'',314,211,37,554,0,'FF',9,0.00,'',0,0,0,'',1,'','Average:','','',2,3),(2560,'',315,211,37,554,0,'FF',9,0.00,'',0,0,0,'',3,'','Maximum:','','on',2,4),(2561,'',316,211,37,553,48,'FF',4,0.00,'',0,0,0,'',1,'','Errors In','','',2,5),(2562,'',317,211,37,553,0,'FF',9,0.00,'',0,0,0,'',4,'','Current:','','',2,6),(2563,'',318,211,37,553,0,'FF',9,0.00,'',0,0,0,'',1,'','Average:','','',2,7),(2564,'',319,211,37,553,0,'FF',9,0.00,'',0,0,0,'',3,'','Maximum:','','on',2,8),(2565,'',320,211,37,555,18,'FF',4,0.00,'',0,0,0,'',1,'','Discards Out','','',2,9),(2566,'',321,211,37,555,0,'FF',9,0.00,'',0,0,0,'',4,'','Current:','','',2,10),(2567,'',322,211,37,555,0,'FF',9,0.00,'',0,0,0,'',1,'','Average:','','',2,11),(2568,'',323,211,37,555,0,'FF',9,0.00,'',0,0,0,'',3,'','Maximum:','','on',2,12),(2569,'',324,211,37,556,89,'FF',4,0.00,'',0,0,0,'',1,'','Errors Out','','',2,13),(2570,'',325,211,37,556,0,'FF',9,0.00,'',0,0,0,'',4,'','Current:','','',2,14),(2571,'',326,211,37,556,0,'FF',9,0.00,'',0,0,0,'',1,'','Average:','','',2,15),(2572,'',327,211,37,556,0,'FF',9,0.00,'',0,0,0,'',3,'','Maximum:','','on',2,16),(2573,'',312,212,37,558,31,'FF',4,0.00,'',0,0,0,'',1,'','Discards In','','',2,1),(2574,'',313,212,37,558,0,'FF',9,0.00,'',0,0,0,'',4,'','Current:','','',2,2),(2575,'',314,212,37,558,0,'FF',9,0.00,'',0,0,0,'',1,'','Average:','','',2,3),(2576,'',315,212,37,558,0,'FF',9,0.00,'',0,0,0,'',3,'','Maximum:','','on',2,4),(2577,'',316,212,37,557,48,'FF',4,0.00,'',0,0,0,'',1,'','Errors In','','',2,5),(2578,'',317,212,37,557,0,'FF',9,0.00,'',0,0,0,'',4,'','Current:','','',2,6),(2579,'',318,212,37,557,0,'FF',9,0.00,'',0,0,0,'',1,'','Average:','','',2,7),(2580,'',319,212,37,557,0,'FF',9,0.00,'',0,0,0,'',3,'','Maximum:','','on',2,8),(2581,'',320,212,37,559,18,'FF',4,0.00,'',0,0,0,'',1,'','Discards Out','','',2,9),(2582,'',321,212,37,559,0,'FF',9,0.00,'',0,0,0,'',4,'','Current:','','',2,10),(2583,'',322,212,37,559,0,'FF',9,0.00,'',0,0,0,'',1,'','Average:','','',2,11),(2584,'',323,212,37,559,0,'FF',9,0.00,'',0,0,0,'',3,'','Maximum:','','on',2,12),(2585,'',324,212,37,560,89,'FF',4,0.00,'',0,0,0,'',1,'','Errors Out','','',2,13),(2586,'',325,212,37,560,0,'FF',9,0.00,'',0,0,0,'',4,'','Current:','','',2,14),(2587,'',326,212,37,560,0,'FF',9,0.00,'',0,0,0,'',1,'','Average:','','',2,15),(2588,'',327,212,37,560,0,'FF',9,0.00,'',0,0,0,'',3,'','Maximum:','','on',2,16),(2589,'',312,213,37,562,31,'FF',4,0.00,'',0,0,0,'',1,'','Discards In','','',2,1),(2590,'',313,213,37,562,0,'FF',9,0.00,'',0,0,0,'',4,'','Current:','','',2,2),(2591,'',314,213,37,562,0,'FF',9,0.00,'',0,0,0,'',1,'','Average:','','',2,3),(2592,'',315,213,37,562,0,'FF',9,0.00,'',0,0,0,'',3,'','Maximum:','','on',2,4),(2593,'',316,213,37,561,48,'FF',4,0.00,'',0,0,0,'',1,'','Errors In','','',2,5),(2594,'',317,213,37,561,0,'FF',9,0.00,'',0,0,0,'',4,'','Current:','','',2,6),(2595,'',318,213,37,561,0,'FF',9,0.00,'',0,0,0,'',1,'','Average:','','',2,7),(2596,'',319,213,37,561,0,'FF',9,0.00,'',0,0,0,'',3,'','Maximum:','','on',2,8),(2597,'',320,213,37,563,18,'FF',4,0.00,'',0,0,0,'',1,'','Discards Out','','',2,9),(2598,'',321,213,37,563,0,'FF',9,0.00,'',0,0,0,'',4,'','Current:','','',2,10),(2599,'',322,213,37,563,0,'FF',9,0.00,'',0,0,0,'',1,'','Average:','','',2,11),(2600,'',323,213,37,563,0,'FF',9,0.00,'',0,0,0,'',3,'','Maximum:','','on',2,12),(2601,'',324,213,37,564,89,'FF',4,0.00,'',0,0,0,'',1,'','Errors Out','','',2,13),(2602,'',325,213,37,564,0,'FF',9,0.00,'',0,0,0,'',4,'','Current:','','',2,14),(2603,'',326,213,37,564,0,'FF',9,0.00,'',0,0,0,'',1,'','Average:','','',2,15),(2604,'',327,213,37,564,0,'FF',9,0.00,'',0,0,0,'',3,'','Maximum:','','on',2,16),(2605,'',302,214,36,565,22,'FF',4,0.00,'',0,2,0,'',3,'','','','',2,1),(2606,'',303,214,36,565,22,'7F',7,0.00,'',0,2,0,'',1,'','Inbound','','',2,2),(2607,'',304,214,36,565,0,'FF',9,0.00,'',0,2,0,'',4,'','Current:','','',2,3),(2608,'',305,214,36,565,0,'FF',9,0.00,'',0,2,0,'',1,'','Average:','','',2,4),(2609,'',306,214,36,565,0,'FF',9,0.00,'',0,2,0,'',3,'','Maximum:','','on',2,5),(2610,'',307,214,36,566,20,'FF',4,0.00,'',0,2,0,'',3,'','','','',2,6),(2611,'',308,214,36,566,20,'7F',7,0.00,'',0,2,0,'',1,'','Outbound','','',2,7),(2612,'',309,214,36,566,0,'FF',9,0.00,'',0,2,0,'',4,'','Current:','','',2,8),(2613,'',310,214,36,566,0,'FF',9,0.00,'',0,2,0,'',1,'','Average:','','',2,9),(2614,'',311,214,36,566,0,'FF',9,0.00,'',0,2,0,'',3,'','Maximum:','','on',2,10),(2615,'',302,215,36,567,22,'FF',4,0.00,'',0,2,0,'',3,'','','','',2,1),(2616,'',303,215,36,567,22,'7F',7,0.00,'',0,2,0,'',1,'','Inbound','','',2,2),(2617,'',304,215,36,567,0,'FF',9,0.00,'',0,2,0,'',4,'','Current:','','',2,3),(2618,'',305,215,36,567,0,'FF',9,0.00,'',0,2,0,'',1,'','Average:','','',2,4),(2619,'',306,215,36,567,0,'FF',9,0.00,'',0,2,0,'',3,'','Maximum:','','on',2,5),(2620,'',307,215,36,568,20,'FF',4,0.00,'',0,2,0,'',3,'','','','',2,6),(2621,'',308,215,36,568,20,'7F',7,0.00,'',0,2,0,'',1,'','Outbound','','',2,7),(2622,'',309,215,36,568,0,'FF',9,0.00,'',0,2,0,'',4,'','Current:','','',2,8),(2623,'',310,215,36,568,0,'FF',9,0.00,'',0,2,0,'',1,'','Average:','','',2,9),(2624,'',311,215,36,568,0,'FF',9,0.00,'',0,2,0,'',3,'','Maximum:','','on',2,10),(2625,'',302,216,36,569,22,'FF',4,0.00,'',0,2,0,'',3,'','','','',2,1),(2626,'',303,216,36,569,22,'7F',7,0.00,'',0,2,0,'',1,'','Inbound','','',2,2),(2627,'',304,216,36,569,0,'FF',9,0.00,'',0,2,0,'',4,'','Current:','','',2,3),(2628,'',305,216,36,569,0,'FF',9,0.00,'',0,2,0,'',1,'','Average:','','',2,4),(2629,'',306,216,36,569,0,'FF',9,0.00,'',0,2,0,'',3,'','Maximum:','','on',2,5),(2630,'',307,216,36,570,20,'FF',4,0.00,'',0,2,0,'',3,'','','','',2,6),(2631,'',308,216,36,570,20,'7F',7,0.00,'',0,2,0,'',1,'','Outbound','','',2,7),(2632,'',309,216,36,570,0,'FF',9,0.00,'',0,2,0,'',4,'','Current:','','',2,8),(2633,'',310,216,36,570,0,'FF',9,0.00,'',0,2,0,'',1,'','Average:','','',2,9),(2634,'',311,216,36,570,0,'FF',9,0.00,'',0,2,0,'',3,'','Maximum:','','on',2,10),(2635,'',302,217,36,571,22,'FF',4,0.00,'',0,2,0,'',3,'','','','',2,1),(2636,'',303,217,36,571,22,'7F',7,0.00,'',0,2,0,'',1,'','Inbound','','',2,2),(2637,'',304,217,36,571,0,'FF',9,0.00,'',0,2,0,'',4,'','Current:','','',2,3),(2638,'',305,217,36,571,0,'FF',9,0.00,'',0,2,0,'',1,'','Average:','','',2,4),(2639,'',306,217,36,571,0,'FF',9,0.00,'',0,2,0,'',3,'','Maximum:','','on',2,5),(2640,'',307,217,36,572,20,'FF',4,0.00,'',0,2,0,'',3,'','','','',2,6),(2641,'',308,217,36,572,20,'7F',7,0.00,'',0,2,0,'',1,'','Outbound','','',2,7),(2642,'',309,217,36,572,0,'FF',9,0.00,'',0,2,0,'',4,'','Current:','','',2,8),(2643,'',310,217,36,572,0,'FF',9,0.00,'',0,2,0,'',1,'','Average:','','',2,9),(2644,'',311,217,36,572,0,'FF',9,0.00,'',0,2,0,'',3,'','Maximum:','','on',2,10),(2645,'',302,218,36,573,22,'FF',4,0.00,'',0,2,0,'',3,'','','','',2,1),(2646,'',303,218,36,573,22,'7F',7,0.00,'',0,2,0,'',1,'','Inbound','','',2,2),(2647,'',304,218,36,573,0,'FF',9,0.00,'',0,2,0,'',4,'','Current:','','',2,3),(2648,'',305,218,36,573,0,'FF',9,0.00,'',0,2,0,'',1,'','Average:','','',2,4),(2649,'',306,218,36,573,0,'FF',9,0.00,'',0,2,0,'',3,'','Maximum:','','on',2,5),(2650,'',307,218,36,574,20,'FF',4,0.00,'',0,2,0,'',3,'','','','',2,6),(2651,'',308,218,36,574,20,'7F',7,0.00,'',0,2,0,'',1,'','Outbound','','',2,7),(2652,'',309,218,36,574,0,'FF',9,0.00,'',0,2,0,'',4,'','Current:','','',2,8),(2653,'',310,218,36,574,0,'FF',9,0.00,'',0,2,0,'',1,'','Average:','','',2,9),(2654,'',311,218,36,574,0,'FF',9,0.00,'',0,2,0,'',3,'','Maximum:','','on',2,10),(2655,'',302,219,36,575,22,'FF',4,0.00,'',0,2,0,'',3,'','','','',2,1),(2656,'',303,219,36,575,22,'7F',7,0.00,'',0,2,0,'',1,'','Inbound','','',2,2),(2657,'',304,219,36,575,0,'FF',9,0.00,'',0,2,0,'',4,'','Current:','','',2,3),(2658,'',305,219,36,575,0,'FF',9,0.00,'',0,2,0,'',1,'','Average:','','',2,4),(2659,'',306,219,36,575,0,'FF',9,0.00,'',0,2,0,'',3,'','Maximum:','','on',2,5),(2660,'',307,219,36,576,20,'FF',4,0.00,'',0,2,0,'',3,'','','','',2,6),(2661,'',308,219,36,576,20,'7F',7,0.00,'',0,2,0,'',1,'','Outbound','','',2,7),(2662,'',309,219,36,576,0,'FF',9,0.00,'',0,2,0,'',4,'','Current:','','',2,8),(2663,'',310,219,36,576,0,'FF',9,0.00,'',0,2,0,'',1,'','Average:','','',2,9),(2664,'',311,219,36,576,0,'FF',9,0.00,'',0,2,0,'',3,'','Maximum:','','on',2,10),(2665,'',347,220,40,571,22,'FF',4,0.00,'',0,0,0,'',3,'','','','',2,1),(2666,'',348,220,40,571,22,'7F',7,0.00,'',0,0,0,'',1,'','Inbound','','',2,2),(2667,'',349,220,40,571,0,'FF',9,0.00,'',0,0,0,'',4,'','Current:','','',2,3),(2668,'',350,220,40,571,0,'FF',9,0.00,'',0,0,0,'',1,'','Average:','','',2,4),(2669,'',351,220,40,571,0,'FF',9,0.00,'',0,0,0,'',3,'','Maximum:','','on',2,5),(2670,'',352,220,40,572,20,'FF',4,0.00,'',0,0,0,'',3,'','','','',2,6),(2671,'',353,220,40,572,20,'7F',4,0.00,'',0,0,0,'',1,'','Outbound','','',2,7),(2672,'',354,220,40,572,0,'FF',9,0.00,'',0,0,0,'',4,'','Current:','','',2,8),(2673,'',355,220,40,572,0,'FF',9,0.00,'',0,0,0,'',1,'','Average:','','',2,9),(2674,'',356,220,40,572,0,'FF',9,0.00,'',0,0,0,'',3,'','Maximum:','','on',2,10),(2675,'',347,221,40,467,22,'FF',4,0.00,'',0,0,0,'',3,'','','','',2,1),(2676,'',348,221,40,467,22,'7F',7,0.00,'',0,0,0,'',1,'','Inbound','','',2,2),(2677,'',349,221,40,467,0,'FF',9,0.00,'',0,0,0,'',4,'','Current:','','',2,3),(2678,'',350,221,40,467,0,'FF',9,0.00,'',0,0,0,'',1,'','Average:','','',2,4),(2679,'',351,221,40,467,0,'FF',9,0.00,'',0,0,0,'',3,'','Maximum:','','on',2,5),(2680,'',352,221,40,468,20,'FF',4,0.00,'',0,0,0,'',3,'','','','',2,6),(2681,'',353,221,40,468,20,'7F',4,0.00,'',0,0,0,'',1,'','Outbound','','',2,7),(2682,'',354,221,40,468,0,'FF',9,0.00,'',0,0,0,'',4,'','Current:','','',2,8),(2683,'',355,221,40,468,0,'FF',9,0.00,'',0,0,0,'',1,'','Average:','','',2,9),(2684,'',356,221,40,468,0,'FF',9,0.00,'',0,0,0,'',3,'','Maximum:','','on',2,10),(2685,'',312,222,37,578,31,'FF',4,0.00,'',0,0,0,'',1,'','Discards In','','',2,1),(2686,'',313,222,37,578,0,'FF',9,0.00,'',0,0,0,'',4,'','Current:','','',2,2),(2687,'',314,222,37,578,0,'FF',9,0.00,'',0,0,0,'',1,'','Average:','','',2,3),(2688,'',315,222,37,578,0,'FF',9,0.00,'',0,0,0,'',3,'','Maximum:','','on',2,4),(2689,'',316,222,37,577,48,'FF',4,0.00,'',0,0,0,'',1,'','Errors In','','',2,5),(2690,'',317,222,37,577,0,'FF',9,0.00,'',0,0,0,'',4,'','Current:','','',2,6),(2691,'',318,222,37,577,0,'FF',9,0.00,'',0,0,0,'',1,'','Average:','','',2,7),(2692,'',319,222,37,577,0,'FF',9,0.00,'',0,0,0,'',3,'','Maximum:','','on',2,8),(2693,'',320,222,37,579,18,'FF',4,0.00,'',0,0,0,'',1,'','Discards Out','','',2,9),(2694,'',321,222,37,579,0,'FF',9,0.00,'',0,0,0,'',4,'','Current:','','',2,10),(2695,'',322,222,37,579,0,'FF',9,0.00,'',0,0,0,'',1,'','Average:','','',2,11),(2696,'',323,222,37,579,0,'FF',9,0.00,'',0,0,0,'',3,'','Maximum:','','on',2,12),(2697,'',324,222,37,580,89,'FF',4,0.00,'',0,0,0,'',1,'','Errors Out','','',2,13),(2698,'',325,222,37,580,0,'FF',9,0.00,'',0,0,0,'',4,'','Current:','','',2,14),(2699,'',326,222,37,580,0,'FF',9,0.00,'',0,0,0,'',1,'','Average:','','',2,15),(2700,'',327,222,37,580,0,'FF',9,0.00,'',0,0,0,'',3,'','Maximum:','','on',2,16);
/*!40000 ALTER TABLE `graph_templates_item` ENABLE KEYS */;
UNLOCK TABLES;

--
-- Table structure for table `graph_tree`
--

DROP TABLE IF EXISTS `graph_tree`;
/*!40101 SET @saved_cs_client     = @@character_set_client */;
/*!40101 SET character_set_client = utf8 */;
CREATE TABLE `graph_tree` (
  `id` smallint(5) unsigned NOT NULL AUTO_INCREMENT,
  `enabled` char(2) COLLATE utf8mb4_unicode_ci DEFAULT 'on',
  `locked` tinyint(4) DEFAULT 0,
  `locked_date` timestamp NOT NULL DEFAULT '0000-00-00 00:00:00',
  `sort_type` tinyint(3) unsigned NOT NULL DEFAULT 1,
  `name` varchar(255) COLLATE utf8mb4_unicode_ci NOT NULL DEFAULT '',
  `sequence` int(10) unsigned DEFAULT 1,
  `user_id` int(10) unsigned DEFAULT 1,
  `last_modified` timestamp NOT NULL DEFAULT '0000-00-00 00:00:00',
  `modified_by` int(10) unsigned DEFAULT 1,
  PRIMARY KEY (`id`),
  KEY `sequence` (`sequence`),
  KEY `name` (`name`(171))
) ENGINE=InnoDB AUTO_INCREMENT=3 DEFAULT CHARSET=utf8mb4 COLLATE=utf8mb4_unicode_ci ROW_FORMAT=DYNAMIC;
/*!40101 SET character_set_client = @saved_cs_client */;

--
-- Dumping data for table `graph_tree`
--

LOCK TABLES `graph_tree` WRITE;
/*!40000 ALTER TABLE `graph_tree` DISABLE KEYS */;
INSERT INTO `graph_tree` VALUES (1,'on',0,'0000-00-00 00:00:00',1,'Default Tree',1,1,'0000-00-00 00:00:00',1),(2,'on',0,'2020-05-13 11:46:44',1,'Device',5,1,'2020-05-13 11:46:54',1);
/*!40000 ALTER TABLE `graph_tree` ENABLE KEYS */;
UNLOCK TABLES;

--
-- Table structure for table `graph_tree_items`
--

DROP TABLE IF EXISTS `graph_tree_items`;
/*!40101 SET @saved_cs_client     = @@character_set_client */;
/*!40101 SET character_set_client = utf8 */;
CREATE TABLE `graph_tree_items` (
  `id` bigint(20) unsigned NOT NULL AUTO_INCREMENT,
  `parent` bigint(20) unsigned DEFAULT NULL,
  `position` int(10) unsigned DEFAULT NULL,
  `graph_tree_id` smallint(5) unsigned NOT NULL DEFAULT 0,
  `local_graph_id` mediumint(8) unsigned NOT NULL DEFAULT 0,
  `title` varchar(255) COLLATE utf8mb4_unicode_ci DEFAULT NULL,
  `host_id` mediumint(8) unsigned NOT NULL DEFAULT 0,
  `site_id` int(10) unsigned DEFAULT 0,
  `host_grouping_type` tinyint(3) unsigned NOT NULL DEFAULT 1,
  `sort_children_type` tinyint(3) unsigned NOT NULL DEFAULT 0,
  `graph_regex` varchar(60) COLLATE utf8mb4_unicode_ci DEFAULT '',
  `host_regex` varchar(60) COLLATE utf8mb4_unicode_ci DEFAULT '',
  PRIMARY KEY (`id`),
  KEY `graph_tree_id` (`graph_tree_id`),
  KEY `host_id` (`host_id`),
  KEY `site_id` (`site_id`),
  KEY `local_graph_id` (`local_graph_id`),
  KEY `parent_position` (`parent`,`position`)
) ENGINE=InnoDB AUTO_INCREMENT=14 DEFAULT CHARSET=utf8mb4 COLLATE=utf8mb4_unicode_ci ROW_FORMAT=DYNAMIC;
/*!40101 SET character_set_client = @saved_cs_client */;

--
-- Dumping data for table `graph_tree_items`
--

LOCK TABLES `graph_tree_items` WRITE;
/*!40000 ALTER TABLE `graph_tree_items` DISABLE KEYS */;
INSERT INTO `graph_tree_items` VALUES (1,0,1,1,0,'Local ',0,0,1,1,'',''),(2,1,1,1,0,'Machine',0,0,1,1,'',''),(3,2,1,1,0,'',1,0,1,0,'',''),(4,0,3,1,0,'',1,0,1,2,'',''),(5,0,1,2,0,'',6,0,1,0,'',''),(6,0,6,2,0,'',1,0,1,0,'',''),(7,0,2,2,0,'',5,0,1,0,'',''),(8,0,4,2,0,'',4,0,1,0,'',''),(9,0,5,2,0,'',3,0,1,0,'',''),(10,0,7,2,0,'',7,0,1,0,'',''),(11,0,3,2,0,'',8,0,1,0,'',''),(12,0,9,2,0,'',9,0,1,0,'',''),(13,0,8,2,0,'',10,0,1,0,'','');
/*!40000 ALTER TABLE `graph_tree_items` ENABLE KEYS */;
UNLOCK TABLES;

--
-- Table structure for table `host`
--

DROP TABLE IF EXISTS `host`;
/*!40101 SET @saved_cs_client     = @@character_set_client */;
/*!40101 SET character_set_client = utf8 */;
CREATE TABLE `host` (
  `id` mediumint(8) unsigned NOT NULL AUTO_INCREMENT,
  `poller_id` int(10) unsigned NOT NULL DEFAULT 1,
  `site_id` int(10) unsigned NOT NULL DEFAULT 1,
  `host_template_id` mediumint(8) unsigned NOT NULL DEFAULT 0,
  `description` varchar(150) COLLATE utf8mb4_unicode_ci NOT NULL DEFAULT '',
  `hostname` varchar(100) COLLATE utf8mb4_unicode_ci DEFAULT NULL,
  `location` varchar(40) COLLATE utf8mb4_unicode_ci DEFAULT NULL,
  `notes` text COLLATE utf8mb4_unicode_ci DEFAULT NULL,
  `external_id` varchar(40) COLLATE utf8mb4_unicode_ci DEFAULT NULL,
  `snmp_community` varchar(100) COLLATE utf8mb4_unicode_ci DEFAULT NULL,
  `snmp_version` tinyint(1) unsigned NOT NULL DEFAULT 1,
  `snmp_username` varchar(50) COLLATE utf8mb4_unicode_ci DEFAULT NULL,
  `snmp_password` varchar(50) COLLATE utf8mb4_unicode_ci DEFAULT NULL,
  `snmp_auth_protocol` char(6) COLLATE utf8mb4_unicode_ci DEFAULT '',
  `snmp_priv_passphrase` varchar(200) COLLATE utf8mb4_unicode_ci DEFAULT '',
  `snmp_priv_protocol` char(6) COLLATE utf8mb4_unicode_ci DEFAULT '',
  `snmp_context` varchar(64) COLLATE utf8mb4_unicode_ci DEFAULT '',
  `snmp_engine_id` varchar(64) COLLATE utf8mb4_unicode_ci DEFAULT '',
  `snmp_port` mediumint(5) unsigned NOT NULL DEFAULT 161,
  `snmp_timeout` mediumint(8) unsigned NOT NULL DEFAULT 500,
  `snmp_sysDescr` varchar(300) COLLATE utf8mb4_unicode_ci NOT NULL DEFAULT '',
  `snmp_sysObjectID` varchar(128) COLLATE utf8mb4_unicode_ci NOT NULL DEFAULT '',
  `snmp_sysUpTimeInstance` int(10) unsigned NOT NULL DEFAULT 0,
  `snmp_sysContact` varchar(300) COLLATE utf8mb4_unicode_ci NOT NULL DEFAULT '',
  `snmp_sysName` varchar(300) COLLATE utf8mb4_unicode_ci NOT NULL DEFAULT '',
  `snmp_sysLocation` varchar(300) COLLATE utf8mb4_unicode_ci NOT NULL DEFAULT '',
  `availability_method` smallint(5) unsigned NOT NULL DEFAULT 1,
  `ping_method` smallint(5) unsigned DEFAULT 0,
  `ping_port` int(12) unsigned DEFAULT 0,
  `ping_timeout` int(12) unsigned DEFAULT 500,
  `ping_retries` int(12) unsigned DEFAULT 2,
  `max_oids` int(12) unsigned DEFAULT 10,
  `device_threads` tinyint(2) unsigned NOT NULL DEFAULT 1,
  `deleted` char(2) COLLATE utf8mb4_unicode_ci DEFAULT '',
  `disabled` char(2) COLLATE utf8mb4_unicode_ci DEFAULT NULL,
  `status` tinyint(2) NOT NULL DEFAULT 0,
  `status_event_count` mediumint(8) unsigned NOT NULL DEFAULT 0,
  `status_fail_date` timestamp NOT NULL DEFAULT '0000-00-00 00:00:00',
  `status_rec_date` timestamp NOT NULL DEFAULT '0000-00-00 00:00:00',
  `status_last_error` varchar(255) COLLATE utf8mb4_unicode_ci DEFAULT '',
  `min_time` decimal(10,5) DEFAULT 9.99999,
  `max_time` decimal(10,5) DEFAULT 0.00000,
  `cur_time` decimal(10,5) DEFAULT 0.00000,
  `avg_time` decimal(10,5) DEFAULT 0.00000,
  `polling_time` double DEFAULT 0,
  `total_polls` int(12) unsigned DEFAULT 0,
  `failed_polls` int(12) unsigned DEFAULT 0,
  `availability` decimal(8,5) NOT NULL DEFAULT 100.00000,
  `last_updated` timestamp NOT NULL DEFAULT current_timestamp() ON UPDATE current_timestamp(),
  PRIMARY KEY (`id`),
  KEY `poller_id_disabled` (`poller_id`,`disabled`),
  KEY `site_id` (`site_id`),
  KEY `external_id` (`external_id`),
  KEY `disabled` (`disabled`),
  KEY `status` (`status`),
  KEY `site_id_location` (`site_id`,`location`),
  KEY `hostname` (`hostname`),
  KEY `poller_id_last_updated` (`poller_id`,`last_updated`)
) ENGINE=InnoDB AUTO_INCREMENT=11 DEFAULT CHARSET=utf8mb4 COLLATE=utf8mb4_unicode_ci ROW_FORMAT=DYNAMIC;
/*!40101 SET character_set_client = @saved_cs_client */;

--
-- Dumping data for table `host`
--

LOCK TABLES `host` WRITE;
/*!40000 ALTER TABLE `host` DISABLE KEYS */;
INSERT INTO `host` VALUES (1,1,0,4,'Local Linux Machine','localhost','','Initial Cacti Device','','public',0,'','','','','','','',161,500,'','',0,'','','',0,2,23,400,1,10,1,'','',3,0,'0000-00-00 00:00:00','0000-00-00 00:00:00','',0.00000,0.00000,0.00000,0.00000,2.018,1938,0,100.00000,'2020-05-16 02:10:06'),(3,1,1,6,'VMwinserv11','10.254.10.241','','','','rocomm',2,'','','','','','','',161,500,'Hardware: Intel64 Family 6 Model 42 Stepping 7 AT/AT COMPATIBLE - Software: Windows Version 6.3 (Build 17763 Multiprocessor Free)','iso.3.6.1.4.1.311.1.1.3.1.3',84173401,'','VMwinserv11.prosper2.net','',2,1,23,400,1,10,1,'','',3,0,'0000-00-00 00:00:00','0000-00-00 00:00:00','',0.35286,90.20686,0.91696,1.40784,0.323,1937,0,100.00000,'2020-05-16 02:10:02'),(4,1,1,5,'VMnetserv01','10.254.10.251','','','','rocomm',2,'','','','','','','',161,500,'Linux vmnetserv01.prosper2.net 4.18.0-147.5.1.el8_1.x86_64 #1 SMP Wed Feb 5 02:00:39 UTC 2020 x86_64','iso.3.6.1.4.1.8072.3.2.10',197067864,'root@localhost','vmnetserv01.prosper2.net','Unknown',2,1,23,400,1,10,1,'','',3,0,'0000-00-00 00:00:00','0000-00-00 00:00:00','',0.31686,5.22685,0.51117,0.64762,0.469,1937,0,100.00000,'2020-05-16 02:10:02'),(5,1,1,2,'Rdc01','10.254.0.1','','','','rocomm',2,'','','','','','','',161,500,'Cisco IOS Software, C800M Software (C800M-UNIVERSALK9-M), Version 15.5(3)M5, RELEASE SOFTWARE (fc1)\r\nTechnical Support: http://www.cisco.com/techsupport\r\nCopyright (c) 1986-2017 by Cisco Systems, Inc.\r\nCompiled Wed 25-Jan-17 08:39 by prod_rel_team','iso.3.6.1.4.1.9.1.2229',493646632,'','Rdc01.prosper2.net','',2,1,23,400,1,10,1,'','',3,0,'0000-00-00 00:00:00','0000-00-00 00:00:00','',1.00803,26.98207,1.40810,1.99223,1.377,1936,0,100.00000,'2020-05-16 02:10:04'),(6,1,1,5,'FWdc01','10.254.254.252','','','','rocomm',2,'','','','','','','',161,500,'Palo Alto Networks PA-200 series firewall','iso.3.6.1.4.1.25461.2.3.12',493599815,'Not Set','FWdc01','Unknown',2,1,23,400,1,10,1,'','',3,0,'0000-00-00 00:00:00','0000-00-00 00:00:00','',1.03712,937.30807,1.54495,12.09640,2.465,1936,0,100.00000,'2020-05-16 02:10:08'),(7,1,1,5,'esxi01','10.254.110.193','','','','rocomm',2,'','','','','','','',161,500,'VMware ESXi 6.7.0 build-14320388 VMware, Inc. x86_64','iso.3.6.1.4.1.6876.4.1',483909600,'','esxi01.prosper2.net','',2,1,23,400,1,10,1,'','',3,0,'0000-00-00 00:00:00','0000-00-00 00:00:00','',0.97513,1098.20318,1.69086,64.32786,1.353,1935,0,100.00000,'2020-05-16 02:10:03'),(8,1,1,2,'Rbranch01','10.101.0.1','','','','rocomm',2,'','','','','','','',161,500,'Cisco IOS Software, C890 Software (C890-UNIVERSALK9-M), Version 15.6(3)M, RELEASE SOFTWARE (fc1)\r\nTechnical Support: http://www.cisco.com/techsupport\r\nCopyright (c) 1986-2016 by Cisco Systems, Inc.\r\nCompiled Thu 28-Jul-16 05:30 by prod_rel_team','iso.3.6.1.4.1.9.1.858',30104507,'','Rbranch01','',2,1,23,400,1,10,1,'','',3,0,'2020-05-15 14:45:00','2020-05-14 00:50:00','Device did not respond to SNMP',7.58815,1518.92996,9.18603,37.72887,0.12,1581,6,99.62050,'2020-05-16 02:10:02'),(9,1,1,5,'OpenWRT-WZR450','10.101.29.253','','','','public',2,'','','','','','','',161,500,'Linux OpenWRT-WZR450 4.14.171 #0 Thu Feb 27 21:05:12 2020 mips','iso.3.6.1.4.1.8072.3.2.10',9151452,'bofh@example.com','HeartOfGold','office',2,1,23,400,1,10,1,'','',3,0,'2020-05-14 00:45:00','2020-05-15 00:50:00','Device did not respond to SNMP',7.90095,1534.86586,9.56988,55.72086,1.909,991,382,61.45310,'2020-05-16 02:10:05'),(10,1,1,5,'OpenWRT-WZR300','10.101.29.252','','','','public',2,'','','','','','','',161,500,'Linux OpenWRT-WZR300 4.14.171 #0 Thu Feb 27 21:05:12 2020 mips','iso.3.6.1.4.1.8072.3.2.10',9131510,'bofh@example.com','HeartOfGold','office',2,1,23,400,1,10,1,'','',3,0,'2020-05-14 00:45:00','0000-00-00 00:00:00','Device did not respond to SNMP',7.50709,1947.62492,9.60302,46.71521,0.509,750,2,99.73330,'2020-05-16 02:10:02');
/*!40000 ALTER TABLE `host` ENABLE KEYS */;
UNLOCK TABLES;

--
-- Table structure for table `host_graph`
--

DROP TABLE IF EXISTS `host_graph`;
/*!40101 SET @saved_cs_client     = @@character_set_client */;
/*!40101 SET character_set_client = utf8 */;
CREATE TABLE `host_graph` (
  `host_id` mediumint(8) unsigned NOT NULL DEFAULT 0,
  `graph_template_id` mediumint(8) unsigned NOT NULL DEFAULT 0,
  PRIMARY KEY (`host_id`,`graph_template_id`)
) ENGINE=InnoDB DEFAULT CHARSET=utf8mb4 COLLATE=utf8mb4_unicode_ci ROW_FORMAT=DYNAMIC;
/*!40101 SET character_set_client = @saved_cs_client */;

--
-- Dumping data for table `host_graph`
--

LOCK TABLES `host_graph` WRITE;
/*!40000 ALTER TABLE `host_graph` DISABLE KEYS */;
INSERT INTO `host_graph` VALUES (1,48),(1,49),(1,50),(1,51),(3,34),(3,35),(3,55),(3,56),(4,34),(4,35),(4,53),(4,54),(4,55),(4,56),(4,57),(4,58),(4,59),(4,60),(4,61),(5,33),(5,34),(5,35),(6,34),(6,35),(6,53),(6,54),(6,55),(6,56),(6,57),(6,58),(6,59),(6,60),(6,61),(7,34),(7,35),(7,53),(7,54),(7,55),(7,56),(7,57),(7,58),(7,59),(7,60),(7,61),(8,33),(8,34),(8,35),(9,34),(9,35),(9,53),(9,54),(9,55),(9,56),(9,57),(9,58),(9,59),(9,60),(9,61),(10,34),(10,35),(10,53),(10,54),(10,55),(10,56),(10,57),(10,58),(10,59),(10,60),(10,61);
/*!40000 ALTER TABLE `host_graph` ENABLE KEYS */;
UNLOCK TABLES;

--
-- Table structure for table `host_snmp_cache`
--

DROP TABLE IF EXISTS `host_snmp_cache`;
/*!40101 SET @saved_cs_client     = @@character_set_client */;
/*!40101 SET character_set_client = utf8 */;
CREATE TABLE `host_snmp_cache` (
  `host_id` mediumint(8) unsigned NOT NULL DEFAULT 0,
  `snmp_query_id` mediumint(8) unsigned NOT NULL DEFAULT 0,
  `field_name` varchar(50) COLLATE utf8mb4_unicode_ci NOT NULL DEFAULT '',
  `field_value` varchar(512) COLLATE utf8mb4_unicode_ci DEFAULT NULL,
  `snmp_index` varchar(255) COLLATE utf8mb4_unicode_ci NOT NULL DEFAULT '',
  `oid` text COLLATE utf8mb4_unicode_ci NOT NULL,
  `present` tinyint(4) NOT NULL DEFAULT 1,
  `last_updated` timestamp NOT NULL DEFAULT current_timestamp() ON UPDATE current_timestamp(),
  PRIMARY KEY (`host_id`,`snmp_query_id`,`field_name`,`snmp_index`),
  KEY `host_id` (`host_id`,`field_name`),
  KEY `snmp_index` (`snmp_index`),
  KEY `field_name` (`field_name`),
  KEY `field_value` (`field_value`),
  KEY `snmp_query_id` (`snmp_query_id`),
  KEY `last_updated` (`last_updated`),
  KEY `present` (`present`)
) ENGINE=InnoDB DEFAULT CHARSET=utf8mb4 COLLATE=utf8mb4_unicode_ci ROW_FORMAT=DYNAMIC;
/*!40101 SET character_set_client = @saved_cs_client */;

--
-- Dumping data for table `host_snmp_cache`
--

LOCK TABLES `host_snmp_cache` WRITE;
/*!40000 ALTER TABLE `host_snmp_cache` DISABLE KEYS */;
INSERT INTO `host_snmp_cache` VALUES (1,5,'dskDevice','/dev/mapper/cl-root','/dev/mapper/cl-root','',1,'2020-05-09 08:42:24'),(1,5,'dskMount','/etc/hosts','/dev/mapper/cl-root','',1,'2020-05-09 08:42:24'),(3,4,'ifAdminStatus','Up','1','.1.3.6.1.2.1.2.2.1.7.1',1,'2020-05-09 08:47:08'),(3,4,'ifAdminStatus','Down','10','.1.3.6.1.2.1.2.2.1.7.10',1,'2020-05-09 08:47:08'),(3,4,'ifAdminStatus','Down','11','.1.3.6.1.2.1.2.2.1.7.11',1,'2020-05-09 08:47:08'),(3,4,'ifAdminStatus','Up','12','.1.3.6.1.2.1.2.2.1.7.12',1,'2020-05-09 08:47:08'),(3,4,'ifAdminStatus','Up','13','.1.3.6.1.2.1.2.2.1.7.13',1,'2020-05-09 08:47:08'),(3,4,'ifAdminStatus','Up','14','.1.3.6.1.2.1.2.2.1.7.14',1,'2020-05-09 08:47:08'),(3,4,'ifAdminStatus','Up','15','.1.3.6.1.2.1.2.2.1.7.15',1,'2020-05-09 08:47:08'),(3,4,'ifAdminStatus','Up','16','.1.3.6.1.2.1.2.2.1.7.16',1,'2020-05-09 08:47:08'),(3,4,'ifAdminStatus','Up','17','.1.3.6.1.2.1.2.2.1.7.17',1,'2020-05-09 08:47:08'),(3,4,'ifAdminStatus','Up','18','.1.3.6.1.2.1.2.2.1.7.18',1,'2020-05-09 08:47:08'),(3,4,'ifAdminStatus','Up','19','.1.3.6.1.2.1.2.2.1.7.19',1,'2020-05-09 08:47:08'),(3,4,'ifAdminStatus','Down','2','.1.3.6.1.2.1.2.2.1.7.2',1,'2020-05-09 08:47:08'),(3,4,'ifAdminStatus','Up','20','.1.3.6.1.2.1.2.2.1.7.20',1,'2020-05-09 08:47:08'),(3,4,'ifAdminStatus','Up','21','.1.3.6.1.2.1.2.2.1.7.21',1,'2020-05-09 08:47:08'),(3,4,'ifAdminStatus','Up','22','.1.3.6.1.2.1.2.2.1.7.22',1,'2020-05-09 08:47:08'),(3,4,'ifAdminStatus','Up','23','.1.3.6.1.2.1.2.2.1.7.23',1,'2020-05-09 08:47:08'),(3,4,'ifAdminStatus','Up','24','.1.3.6.1.2.1.2.2.1.7.24',1,'2020-05-09 08:47:08'),(3,4,'ifAdminStatus','Up','3','.1.3.6.1.2.1.2.2.1.7.3',1,'2020-05-09 08:47:08'),(3,4,'ifAdminStatus','Down','4','.1.3.6.1.2.1.2.2.1.7.4',1,'2020-05-09 08:47:08'),(3,4,'ifAdminStatus','Up','5','.1.3.6.1.2.1.2.2.1.7.5',1,'2020-05-09 08:47:08'),(3,4,'ifAdminStatus','Up','6','.1.3.6.1.2.1.2.2.1.7.6',1,'2020-05-09 08:47:08'),(3,4,'ifAdminStatus','Up','7','.1.3.6.1.2.1.2.2.1.7.7',1,'2020-05-09 08:47:08'),(3,4,'ifAdminStatus','Up','8','.1.3.6.1.2.1.2.2.1.7.8',1,'2020-05-09 08:47:08'),(3,4,'ifAdminStatus','Up','9','.1.3.6.1.2.1.2.2.1.7.9',1,'2020-05-09 08:47:08'),(3,4,'ifAlias','Loopback Pseudo-Interface 1','1','.1.3.6.1.2.1.31.1.1.1.18.1',1,'2020-05-09 08:47:08'),(3,4,'ifAlias','','10','.1.3.6.1.2.1.31.1.1.1.18.10',1,'2020-05-09 08:47:08'),(3,4,'ifAlias','Teredo Tunneling Pseudo-Interface','11','.1.3.6.1.2.1.31.1.1.1.18.11',1,'2020-05-09 08:47:08'),(3,4,'ifAlias','','12','.1.3.6.1.2.1.31.1.1.1.18.12',1,'2020-05-09 08:47:08'),(3,4,'ifAlias','','13','.1.3.6.1.2.1.31.1.1.1.18.13',1,'2020-05-09 08:47:08'),(3,4,'ifAlias','','14','.1.3.6.1.2.1.31.1.1.1.18.14',1,'2020-05-09 08:47:08'),(3,4,'ifAlias','','15','.1.3.6.1.2.1.31.1.1.1.18.15',1,'2020-05-09 08:47:08'),(3,4,'ifAlias','Ethernet0-WFP Native MAC Layer LightWeight Filter-0000','16','.1.3.6.1.2.1.31.1.1.1.18.16',1,'2020-05-09 08:47:08'),(3,4,'ifAlias','Ethernet0-QoS Packet Scheduler-0000','17','.1.3.6.1.2.1.31.1.1.1.18.17',1,'2020-05-09 08:47:08'),(3,4,'ifAlias','Ethernet0-WFP 802.3 MAC Layer LightWeight Filter-0000','18','.1.3.6.1.2.1.31.1.1.1.18.18',1,'2020-05-09 08:47:08'),(3,4,'ifAlias','','19','.1.3.6.1.2.1.31.1.1.1.18.19',1,'2020-05-09 08:47:08'),(3,4,'ifAlias','6to4 Adapter','2','.1.3.6.1.2.1.31.1.1.1.18.2',1,'2020-05-09 08:47:08'),(3,4,'ifAlias','','20','.1.3.6.1.2.1.31.1.1.1.18.20',1,'2020-05-09 08:47:08'),(3,4,'ifAlias','','21','.1.3.6.1.2.1.31.1.1.1.18.21',1,'2020-05-09 08:47:08'),(3,4,'ifAlias','','22','.1.3.6.1.2.1.31.1.1.1.18.22',1,'2020-05-09 08:47:08'),(3,4,'ifAlias','','23','.1.3.6.1.2.1.31.1.1.1.18.23',1,'2020-05-09 08:47:08'),(3,4,'ifAlias','','24','.1.3.6.1.2.1.31.1.1.1.18.24',1,'2020-05-09 08:47:08'),(3,4,'ifAlias','','3','.1.3.6.1.2.1.31.1.1.1.18.3',1,'2020-05-09 08:47:08'),(3,4,'ifAlias','Microsoft IP-HTTPS Platform Interface','4','.1.3.6.1.2.1.31.1.1.1.18.4',1,'2020-05-09 08:47:08'),(3,4,'ifAlias','','5','.1.3.6.1.2.1.31.1.1.1.18.5',1,'2020-05-09 08:47:08'),(3,4,'ifAlias','','6','.1.3.6.1.2.1.31.1.1.1.18.6',1,'2020-05-09 08:47:08'),(3,4,'ifAlias','','7','.1.3.6.1.2.1.31.1.1.1.18.7',1,'2020-05-09 08:47:08'),(3,4,'ifAlias','Ethernet0','8','.1.3.6.1.2.1.31.1.1.1.18.8',1,'2020-05-09 08:47:08'),(3,4,'ifAlias','','9','.1.3.6.1.2.1.31.1.1.1.18.9',1,'2020-05-09 08:47:08'),(3,4,'ifDescr','Software Loopback Interface 1','1','.1.3.6.1.2.1.2.2.1.2.1',1,'2020-05-09 08:47:08'),(3,4,'ifDescr','Microsoft Kernel Debug Network Adapter','10','.1.3.6.1.2.1.2.2.1.2.10',1,'2020-05-09 08:47:08'),(3,4,'ifDescr','Microsoft Teredo Tunneling Adapter','11','.1.3.6.1.2.1.2.2.1.2.11',1,'2020-05-09 08:47:08'),(3,4,'ifDescr','WAN Miniport (PPPOE)','12','.1.3.6.1.2.1.2.2.1.2.12',1,'2020-05-09 08:47:08'),(3,4,'ifDescr','WAN Miniport (L2TP)','13','.1.3.6.1.2.1.2.2.1.2.13',1,'2020-05-09 08:47:08'),(3,4,'ifDescr','WAN Miniport (Network Monitor)','14','.1.3.6.1.2.1.2.2.1.2.14',1,'2020-05-09 08:47:08'),(3,4,'ifDescr','WAN Miniport (SSTP)','15','.1.3.6.1.2.1.2.2.1.2.15',1,'2020-05-09 08:47:08'),(3,4,'ifDescr','Intel(R) 82574L Gigabit Network Connection-WFP Native MAC Layer LightWeight Filter-0000','16','.1.3.6.1.2.1.2.2.1.2.16',1,'2020-05-09 08:47:08'),(3,4,'ifDescr','Intel(R) 82574L Gigabit Network Connection-QoS Packet Scheduler-0000','17','.1.3.6.1.2.1.2.2.1.2.17',1,'2020-05-09 08:47:08'),(3,4,'ifDescr','Intel(R) 82574L Gigabit Network Connection-WFP 802.3 MAC Layer LightWeight Filter-0000','18','.1.3.6.1.2.1.2.2.1.2.18',1,'2020-05-09 08:47:08'),(3,4,'ifDescr','WAN Miniport (IP)-WFP Native MAC Layer LightWeight Filter-0000','19','.1.3.6.1.2.1.2.2.1.2.19',1,'2020-05-09 08:47:08'),(3,4,'ifDescr','Microsoft 6to4 Adapter','2','.1.3.6.1.2.1.2.2.1.2.2',1,'2020-05-09 08:47:08'),(3,4,'ifDescr','WAN Miniport (IP)-QoS Packet Scheduler-0000','20','.1.3.6.1.2.1.2.2.1.2.20',1,'2020-05-09 08:47:08'),(3,4,'ifDescr','WAN Miniport (IPv6)-WFP Native MAC Layer LightWeight Filter-0000','21','.1.3.6.1.2.1.2.2.1.2.21',1,'2020-05-09 08:47:08'),(3,4,'ifDescr','WAN Miniport (IPv6)-QoS Packet Scheduler-0000','22','.1.3.6.1.2.1.2.2.1.2.22',1,'2020-05-09 08:47:08'),(3,4,'ifDescr','WAN Miniport (Network Monitor)-WFP Native MAC Layer LightWeight Filter-0000','23','.1.3.6.1.2.1.2.2.1.2.23',1,'2020-05-09 08:47:08'),(3,4,'ifDescr','WAN Miniport (Network Monitor)-QoS Packet Scheduler-0000','24','.1.3.6.1.2.1.2.2.1.2.24',1,'2020-05-09 08:47:08'),(3,4,'ifDescr','WAN Miniport (IP)','3','.1.3.6.1.2.1.2.2.1.2.3',1,'2020-05-09 08:47:08'),(3,4,'ifDescr','Microsoft IP-HTTPS Platform Adapter','4','.1.3.6.1.2.1.2.2.1.2.4',1,'2020-05-09 08:47:08'),(3,4,'ifDescr','WAN Miniport (GRE)','5','.1.3.6.1.2.1.2.2.1.2.5',1,'2020-05-09 08:47:08'),(3,4,'ifDescr','WAN Miniport (PPTP)','6','.1.3.6.1.2.1.2.2.1.2.6',1,'2020-05-09 08:47:08'),(3,4,'ifDescr','WAN Miniport (IPv6)','7','.1.3.6.1.2.1.2.2.1.2.7',1,'2020-05-09 08:47:08'),(3,4,'ifDescr','Intel(R) 82574L Gigabit Network Connection','8','.1.3.6.1.2.1.2.2.1.2.8',1,'2020-05-09 08:47:08'),(3,4,'ifDescr','WAN Miniport (IKEv2)','9','.1.3.6.1.2.1.2.2.1.2.9',1,'2020-05-09 08:47:08'),(3,4,'ifHighSpeed','1073','1','.1.3.6.1.2.1.31.1.1.1.15.1',1,'2020-05-09 08:47:08'),(3,4,'ifHighSpeed','0','10','.1.3.6.1.2.1.31.1.1.1.15.10',1,'2020-05-09 08:47:08'),(3,4,'ifHighSpeed','0','11','.1.3.6.1.2.1.31.1.1.1.15.11',1,'2020-05-09 08:47:08'),(3,4,'ifHighSpeed','0','12','.1.3.6.1.2.1.31.1.1.1.15.12',1,'2020-05-09 08:47:08'),(3,4,'ifHighSpeed','0','13','.1.3.6.1.2.1.31.1.1.1.15.13',1,'2020-05-09 08:47:08'),(3,4,'ifHighSpeed','0','14','.1.3.6.1.2.1.31.1.1.1.15.14',1,'2020-05-09 08:47:08'),(3,4,'ifHighSpeed','0','15','.1.3.6.1.2.1.31.1.1.1.15.15',1,'2020-05-09 08:47:08'),(3,4,'ifHighSpeed','1000','16','.1.3.6.1.2.1.31.1.1.1.15.16',1,'2020-05-09 08:47:08'),(3,4,'ifHighSpeed','1000','17','.1.3.6.1.2.1.31.1.1.1.15.17',1,'2020-05-09 08:47:08'),(3,4,'ifHighSpeed','1000','18','.1.3.6.1.2.1.31.1.1.1.15.18',1,'2020-05-09 08:47:08'),(3,4,'ifHighSpeed','0','19','.1.3.6.1.2.1.31.1.1.1.15.19',1,'2020-05-09 08:47:08'),(3,4,'ifHighSpeed','0','2','.1.3.6.1.2.1.31.1.1.1.15.2',1,'2020-05-09 08:47:08'),(3,4,'ifHighSpeed','0','20','.1.3.6.1.2.1.31.1.1.1.15.20',1,'2020-05-09 08:47:08'),(3,4,'ifHighSpeed','0','21','.1.3.6.1.2.1.31.1.1.1.15.21',1,'2020-05-09 08:47:08'),(3,4,'ifHighSpeed','0','22','.1.3.6.1.2.1.31.1.1.1.15.22',1,'2020-05-09 08:47:08'),(3,4,'ifHighSpeed','0','23','.1.3.6.1.2.1.31.1.1.1.15.23',1,'2020-05-09 08:47:08'),(3,4,'ifHighSpeed','0','24','.1.3.6.1.2.1.31.1.1.1.15.24',1,'2020-05-09 08:47:08'),(3,4,'ifHighSpeed','0','3','.1.3.6.1.2.1.31.1.1.1.15.3',1,'2020-05-09 08:47:08'),(3,4,'ifHighSpeed','0','4','.1.3.6.1.2.1.31.1.1.1.15.4',1,'2020-05-09 08:47:08'),(3,4,'ifHighSpeed','0','5','.1.3.6.1.2.1.31.1.1.1.15.5',1,'2020-05-09 08:47:08'),(3,4,'ifHighSpeed','0','6','.1.3.6.1.2.1.31.1.1.1.15.6',1,'2020-05-09 08:47:08'),(3,4,'ifHighSpeed','0','7','.1.3.6.1.2.1.31.1.1.1.15.7',1,'2020-05-09 08:47:08'),(3,4,'ifHighSpeed','1000','8','.1.3.6.1.2.1.31.1.1.1.15.8',1,'2020-05-09 08:47:08'),(3,4,'ifHighSpeed','0','9','.1.3.6.1.2.1.31.1.1.1.15.9',1,'2020-05-09 08:47:08'),(3,4,'ifHwAddr','','1','.1.3.6.1.2.1.2.2.1.6.1',1,'2020-05-09 08:47:08'),(3,4,'ifHwAddr','','10','.1.3.6.1.2.1.2.2.1.6.10',1,'2020-05-09 08:47:08'),(3,4,'ifHwAddr','','11','.1.3.6.1.2.1.2.2.1.6.11',1,'2020-05-09 08:47:08'),(3,4,'ifHwAddr','','12','.1.3.6.1.2.1.2.2.1.6.12',1,'2020-05-09 08:47:08'),(3,4,'ifHwAddr','','13','.1.3.6.1.2.1.2.2.1.6.13',1,'2020-05-09 08:47:08'),(3,4,'ifHwAddr','','14','.1.3.6.1.2.1.2.2.1.6.14',1,'2020-05-09 08:47:08'),(3,4,'ifHwAddr','','15','.1.3.6.1.2.1.2.2.1.6.15',1,'2020-05-09 08:47:08'),(3,4,'ifHwAddr','0:c:29:ea:9f:6a','16','.1.3.6.1.2.1.2.2.1.6.16',1,'2020-05-09 08:47:08'),(3,4,'ifHwAddr','0:c:29:ea:9f:6a','17','.1.3.6.1.2.1.2.2.1.6.17',1,'2020-05-09 08:47:08'),(3,4,'ifHwAddr','0:c:29:ea:9f:6a','18','.1.3.6.1.2.1.2.2.1.6.18',1,'2020-05-09 08:47:08'),(3,4,'ifHwAddr','','19','.1.3.6.1.2.1.2.2.1.6.19',1,'2020-05-09 08:47:08'),(3,4,'ifHwAddr','','2','.1.3.6.1.2.1.2.2.1.6.2',1,'2020-05-09 08:47:08'),(3,4,'ifHwAddr','','20','.1.3.6.1.2.1.2.2.1.6.20',1,'2020-05-09 08:47:08'),(3,4,'ifHwAddr','','21','.1.3.6.1.2.1.2.2.1.6.21',1,'2020-05-09 08:47:08'),(3,4,'ifHwAddr','','22','.1.3.6.1.2.1.2.2.1.6.22',1,'2020-05-09 08:47:08'),(3,4,'ifHwAddr','','23','.1.3.6.1.2.1.2.2.1.6.23',1,'2020-05-09 08:47:08'),(3,4,'ifHwAddr','','24','.1.3.6.1.2.1.2.2.1.6.24',1,'2020-05-09 08:47:08'),(3,4,'ifHwAddr','','3','.1.3.6.1.2.1.2.2.1.6.3',1,'2020-05-09 08:47:08'),(3,4,'ifHwAddr','','4','.1.3.6.1.2.1.2.2.1.6.4',1,'2020-05-09 08:47:08'),(3,4,'ifHwAddr','','5','.1.3.6.1.2.1.2.2.1.6.5',1,'2020-05-09 08:47:08'),(3,4,'ifHwAddr','','6','.1.3.6.1.2.1.2.2.1.6.6',1,'2020-05-09 08:47:08'),(3,4,'ifHwAddr','','7','.1.3.6.1.2.1.2.2.1.6.7',1,'2020-05-09 08:47:08'),(3,4,'ifHwAddr','0:c:29:ea:9f:6a','8','.1.3.6.1.2.1.2.2.1.6.8',1,'2020-05-09 08:47:08'),(3,4,'ifHwAddr','','9','.1.3.6.1.2.1.2.2.1.6.9',1,'2020-05-09 08:47:08'),(3,4,'ifIndex','1','1','.1.3.6.1.2.1.2.2.1.1.1',1,'2020-05-09 08:47:08'),(3,4,'ifIndex','10','10','.1.3.6.1.2.1.2.2.1.1.10',1,'2020-05-09 08:47:08'),(3,4,'ifIndex','11','11','.1.3.6.1.2.1.2.2.1.1.11',1,'2020-05-09 08:47:08'),(3,4,'ifIndex','12','12','.1.3.6.1.2.1.2.2.1.1.12',1,'2020-05-09 08:47:08'),(3,4,'ifIndex','13','13','.1.3.6.1.2.1.2.2.1.1.13',1,'2020-05-09 08:47:08'),(3,4,'ifIndex','14','14','.1.3.6.1.2.1.2.2.1.1.14',1,'2020-05-09 08:47:08'),(3,4,'ifIndex','15','15','.1.3.6.1.2.1.2.2.1.1.15',1,'2020-05-09 08:47:08'),(3,4,'ifIndex','16','16','.1.3.6.1.2.1.2.2.1.1.16',1,'2020-05-09 08:47:08'),(3,4,'ifIndex','17','17','.1.3.6.1.2.1.2.2.1.1.17',1,'2020-05-09 08:47:08'),(3,4,'ifIndex','18','18','.1.3.6.1.2.1.2.2.1.1.18',1,'2020-05-09 08:47:08'),(3,4,'ifIndex','19','19','.1.3.6.1.2.1.2.2.1.1.19',1,'2020-05-09 08:47:08'),(3,4,'ifIndex','2','2','.1.3.6.1.2.1.2.2.1.1.2',1,'2020-05-09 08:47:08'),(3,4,'ifIndex','20','20','.1.3.6.1.2.1.2.2.1.1.20',1,'2020-05-09 08:47:08'),(3,4,'ifIndex','21','21','.1.3.6.1.2.1.2.2.1.1.21',1,'2020-05-09 08:47:08'),(3,4,'ifIndex','22','22','.1.3.6.1.2.1.2.2.1.1.22',1,'2020-05-09 08:47:08'),(3,4,'ifIndex','23','23','.1.3.6.1.2.1.2.2.1.1.23',1,'2020-05-09 08:47:08'),(3,4,'ifIndex','24','24','.1.3.6.1.2.1.2.2.1.1.24',1,'2020-05-09 08:47:08'),(3,4,'ifIndex','3','3','.1.3.6.1.2.1.2.2.1.1.3',1,'2020-05-09 08:47:08'),(3,4,'ifIndex','4','4','.1.3.6.1.2.1.2.2.1.1.4',1,'2020-05-09 08:47:08'),(3,4,'ifIndex','5','5','.1.3.6.1.2.1.2.2.1.1.5',1,'2020-05-09 08:47:08'),(3,4,'ifIndex','6','6','.1.3.6.1.2.1.2.2.1.1.6',1,'2020-05-09 08:47:08'),(3,4,'ifIndex','7','7','.1.3.6.1.2.1.2.2.1.1.7',1,'2020-05-09 08:47:08'),(3,4,'ifIndex','8','8','.1.3.6.1.2.1.2.2.1.1.8',1,'2020-05-09 08:47:08'),(3,4,'ifIndex','9','9','.1.3.6.1.2.1.2.2.1.1.9',1,'2020-05-09 08:47:08'),(3,4,'ifIP','127.0.0.1','1','.1.3.6.1.2.1.4.20.1.2.127.0.0.1',1,'2020-05-09 08:47:08'),(3,4,'ifIP','10.254.10.241','8','.1.3.6.1.2.1.4.20.1.2.10.254.10.241',1,'2020-05-09 08:47:08'),(3,4,'ifName','loopback_0','1','.1.3.6.1.2.1.31.1.1.1.1.1',1,'2020-05-09 08:47:08'),(3,4,'ifName','ethernet_32768','10','.1.3.6.1.2.1.31.1.1.1.1.10',1,'2020-05-09 08:47:08'),(3,4,'ifName','tunnel_32512','11','.1.3.6.1.2.1.31.1.1.1.1.11',1,'2020-05-09 08:47:08'),(3,4,'ifName','ppp_32768','12','.1.3.6.1.2.1.31.1.1.1.1.12',1,'2020-05-09 08:47:08'),(3,4,'ifName','tunnel_32770','13','.1.3.6.1.2.1.31.1.1.1.1.13',1,'2020-05-09 08:47:08'),(3,4,'ifName','ethernet_32772','14','.1.3.6.1.2.1.31.1.1.1.1.14',1,'2020-05-09 08:47:08'),(3,4,'ifName','tunnel_32768','15','.1.3.6.1.2.1.31.1.1.1.1.15',1,'2020-05-09 08:47:08'),(3,4,'ifName','ethernet_0','16','.1.3.6.1.2.1.31.1.1.1.1.16',1,'2020-05-09 08:47:08'),(3,4,'ifName','ethernet_1','17','.1.3.6.1.2.1.31.1.1.1.1.17',1,'2020-05-09 08:47:08'),(3,4,'ifName','ethernet_2','18','.1.3.6.1.2.1.31.1.1.1.1.18',1,'2020-05-09 08:47:08'),(3,4,'ifName','ethernet_3','19','.1.3.6.1.2.1.31.1.1.1.1.19',1,'2020-05-09 08:47:08'),(3,4,'ifName','tunnel_32514','2','.1.3.6.1.2.1.31.1.1.1.1.2',1,'2020-05-09 08:47:08'),(3,4,'ifName','ethernet_4','20','.1.3.6.1.2.1.31.1.1.1.1.20',1,'2020-05-09 08:47:08'),(3,4,'ifName','ethernet_5','21','.1.3.6.1.2.1.31.1.1.1.1.21',1,'2020-05-09 08:47:08'),(3,4,'ifName','ethernet_6','22','.1.3.6.1.2.1.31.1.1.1.1.22',1,'2020-05-09 08:47:08'),(3,4,'ifName','ethernet_7','23','.1.3.6.1.2.1.31.1.1.1.1.23',1,'2020-05-09 08:47:08'),(3,4,'ifName','ethernet_8','24','.1.3.6.1.2.1.31.1.1.1.1.24',1,'2020-05-09 08:47:08'),(3,4,'ifName','ethernet_32770','3','.1.3.6.1.2.1.31.1.1.1.1.3',1,'2020-05-09 08:47:08'),(3,4,'ifName','tunnel_32513','4','.1.3.6.1.2.1.31.1.1.1.1.4',1,'2020-05-09 08:47:08'),(3,4,'ifName','tunnel_32772','5','.1.3.6.1.2.1.31.1.1.1.1.5',1,'2020-05-09 08:47:08'),(3,4,'ifName','tunnel_32771','6','.1.3.6.1.2.1.31.1.1.1.1.6',1,'2020-05-09 08:47:08'),(3,4,'ifName','ethernet_32771','7','.1.3.6.1.2.1.31.1.1.1.1.7',1,'2020-05-09 08:47:08'),(3,4,'ifName','ethernet_32769','8','.1.3.6.1.2.1.31.1.1.1.1.8',1,'2020-05-09 08:47:08'),(3,4,'ifName','tunnel_32769','9','.1.3.6.1.2.1.31.1.1.1.1.9',1,'2020-05-09 08:47:08'),(3,4,'ifOperStatus','Up','1','.1.3.6.1.2.1.2.2.1.8.1',1,'2020-05-09 08:47:08'),(3,4,'ifOperStatus','notPresent','10','.1.3.6.1.2.1.2.2.1.8.10',1,'2020-05-09 08:47:08'),(3,4,'ifOperStatus','notPresent','11','.1.3.6.1.2.1.2.2.1.8.11',1,'2020-05-09 08:47:08'),(3,4,'ifOperStatus','Down','12','.1.3.6.1.2.1.2.2.1.8.12',1,'2020-05-09 08:47:08'),(3,4,'ifOperStatus','Down','13','.1.3.6.1.2.1.2.2.1.8.13',1,'2020-05-09 08:47:08'),(3,4,'ifOperStatus','Up','14','.1.3.6.1.2.1.2.2.1.8.14',1,'2020-05-09 08:47:08'),(3,4,'ifOperStatus','Down','15','.1.3.6.1.2.1.2.2.1.8.15',1,'2020-05-09 08:47:08'),(3,4,'ifOperStatus','Up','16','.1.3.6.1.2.1.2.2.1.8.16',1,'2020-05-09 08:47:08'),(3,4,'ifOperStatus','Up','17','.1.3.6.1.2.1.2.2.1.8.17',1,'2020-05-09 08:47:08'),(3,4,'ifOperStatus','Up','18','.1.3.6.1.2.1.2.2.1.8.18',1,'2020-05-09 08:47:08'),(3,4,'ifOperStatus','Up','19','.1.3.6.1.2.1.2.2.1.8.19',1,'2020-05-09 08:47:08'),(3,4,'ifOperStatus','notPresent','2','.1.3.6.1.2.1.2.2.1.8.2',1,'2020-05-09 08:47:08'),(3,4,'ifOperStatus','Up','20','.1.3.6.1.2.1.2.2.1.8.20',1,'2020-05-09 08:47:08'),(3,4,'ifOperStatus','Up','21','.1.3.6.1.2.1.2.2.1.8.21',1,'2020-05-09 08:47:08'),(3,4,'ifOperStatus','Up','22','.1.3.6.1.2.1.2.2.1.8.22',1,'2020-05-09 08:47:08'),(3,4,'ifOperStatus','Up','23','.1.3.6.1.2.1.2.2.1.8.23',1,'2020-05-09 08:47:08'),(3,4,'ifOperStatus','Up','24','.1.3.6.1.2.1.2.2.1.8.24',1,'2020-05-09 08:47:08'),(3,4,'ifOperStatus','Up','3','.1.3.6.1.2.1.2.2.1.8.3',1,'2020-05-09 08:47:08'),(3,4,'ifOperStatus','notPresent','4','.1.3.6.1.2.1.2.2.1.8.4',1,'2020-05-09 08:47:08'),(3,4,'ifOperStatus','Down','5','.1.3.6.1.2.1.2.2.1.8.5',1,'2020-05-09 08:47:08'),(3,4,'ifOperStatus','Down','6','.1.3.6.1.2.1.2.2.1.8.6',1,'2020-05-09 08:47:08'),(3,4,'ifOperStatus','Up','7','.1.3.6.1.2.1.2.2.1.8.7',1,'2020-05-09 08:47:08'),(3,4,'ifOperStatus','Up','8','.1.3.6.1.2.1.2.2.1.8.8',1,'2020-05-09 08:47:08'),(3,4,'ifOperStatus','Down','9','.1.3.6.1.2.1.2.2.1.8.9',1,'2020-05-09 08:47:08'),(3,4,'ifSpeed','1073741824','1','.1.3.6.1.2.1.2.2.1.5.1',1,'2020-05-09 08:47:08'),(3,4,'ifSpeed','0','10','.1.3.6.1.2.1.2.2.1.5.10',1,'2020-05-09 08:47:08'),(3,4,'ifSpeed','0','11','.1.3.6.1.2.1.2.2.1.5.11',1,'2020-05-09 08:47:08'),(3,4,'ifSpeed','0','12','.1.3.6.1.2.1.2.2.1.5.12',1,'2020-05-09 08:47:08'),(3,4,'ifSpeed','0','13','.1.3.6.1.2.1.2.2.1.5.13',1,'2020-05-09 08:47:08'),(3,4,'ifSpeed','0','14','.1.3.6.1.2.1.2.2.1.5.14',1,'2020-05-09 08:47:08'),(3,4,'ifSpeed','0','15','.1.3.6.1.2.1.2.2.1.5.15',1,'2020-05-09 08:47:08'),(3,4,'ifSpeed','1000000000','16','.1.3.6.1.2.1.2.2.1.5.16',1,'2020-05-09 08:47:08'),(3,4,'ifSpeed','1000000000','17','.1.3.6.1.2.1.2.2.1.5.17',1,'2020-05-09 08:47:08'),(3,4,'ifSpeed','1000000000','18','.1.3.6.1.2.1.2.2.1.5.18',1,'2020-05-09 08:47:08'),(3,4,'ifSpeed','0','19','.1.3.6.1.2.1.2.2.1.5.19',1,'2020-05-09 08:47:08'),(3,4,'ifSpeed','0','2','.1.3.6.1.2.1.2.2.1.5.2',1,'2020-05-09 08:47:08'),(3,4,'ifSpeed','0','20','.1.3.6.1.2.1.2.2.1.5.20',1,'2020-05-09 08:47:08'),(3,4,'ifSpeed','0','21','.1.3.6.1.2.1.2.2.1.5.21',1,'2020-05-09 08:47:08'),(3,4,'ifSpeed','0','22','.1.3.6.1.2.1.2.2.1.5.22',1,'2020-05-09 08:47:08'),(3,4,'ifSpeed','0','23','.1.3.6.1.2.1.2.2.1.5.23',1,'2020-05-09 08:47:08'),(3,4,'ifSpeed','0','24','.1.3.6.1.2.1.2.2.1.5.24',1,'2020-05-09 08:47:08'),(3,4,'ifSpeed','0','3','.1.3.6.1.2.1.2.2.1.5.3',1,'2020-05-09 08:47:08'),(3,4,'ifSpeed','0','4','.1.3.6.1.2.1.2.2.1.5.4',1,'2020-05-09 08:47:08'),(3,4,'ifSpeed','0','5','.1.3.6.1.2.1.2.2.1.5.5',1,'2020-05-09 08:47:08'),(3,4,'ifSpeed','0','6','.1.3.6.1.2.1.2.2.1.5.6',1,'2020-05-09 08:47:08'),(3,4,'ifSpeed','0','7','.1.3.6.1.2.1.2.2.1.5.7',1,'2020-05-09 08:47:08'),(3,4,'ifSpeed','1000000000','8','.1.3.6.1.2.1.2.2.1.5.8',1,'2020-05-09 08:47:08'),(3,4,'ifSpeed','0','9','.1.3.6.1.2.1.2.2.1.5.9',1,'2020-05-09 08:47:08'),(3,4,'ifType','softwareLoopback','1','.1.3.6.1.2.1.2.2.1.3.1',1,'2020-05-09 08:47:08'),(3,4,'ifType','ethernetCsmacd','10','.1.3.6.1.2.1.2.2.1.3.10',1,'2020-05-09 08:47:08'),(3,4,'ifType','tunnel','11','.1.3.6.1.2.1.2.2.1.3.11',1,'2020-05-09 08:47:08'),(3,4,'ifType','ppp','12','.1.3.6.1.2.1.2.2.1.3.12',1,'2020-05-09 08:47:08'),(3,4,'ifType','tunnel','13','.1.3.6.1.2.1.2.2.1.3.13',1,'2020-05-09 08:47:08'),(3,4,'ifType','ethernetCsmacd','14','.1.3.6.1.2.1.2.2.1.3.14',1,'2020-05-09 08:47:08'),(3,4,'ifType','tunnel','15','.1.3.6.1.2.1.2.2.1.3.15',1,'2020-05-09 08:47:08'),(3,4,'ifType','ethernetCsmacd','16','.1.3.6.1.2.1.2.2.1.3.16',1,'2020-05-09 08:47:08'),(3,4,'ifType','ethernetCsmacd','17','.1.3.6.1.2.1.2.2.1.3.17',1,'2020-05-09 08:47:08'),(3,4,'ifType','ethernetCsmacd','18','.1.3.6.1.2.1.2.2.1.3.18',1,'2020-05-09 08:47:08'),(3,4,'ifType','ethernetCsmacd','19','.1.3.6.1.2.1.2.2.1.3.19',1,'2020-05-09 08:47:08'),(3,4,'ifType','tunnel','2','.1.3.6.1.2.1.2.2.1.3.2',1,'2020-05-09 08:47:08'),(3,4,'ifType','ethernetCsmacd','20','.1.3.6.1.2.1.2.2.1.3.20',1,'2020-05-09 08:47:08'),(3,4,'ifType','ethernetCsmacd','21','.1.3.6.1.2.1.2.2.1.3.21',1,'2020-05-09 08:47:08'),(3,4,'ifType','ethernetCsmacd','22','.1.3.6.1.2.1.2.2.1.3.22',1,'2020-05-09 08:47:08'),(3,4,'ifType','ethernetCsmacd','23','.1.3.6.1.2.1.2.2.1.3.23',1,'2020-05-09 08:47:08'),(3,4,'ifType','ethernetCsmacd','24','.1.3.6.1.2.1.2.2.1.3.24',1,'2020-05-09 08:47:08'),(3,4,'ifType','ethernetCsmacd','3','.1.3.6.1.2.1.2.2.1.3.3',1,'2020-05-09 08:47:08'),(3,4,'ifType','tunnel','4','.1.3.6.1.2.1.2.2.1.3.4',1,'2020-05-09 08:47:08'),(3,4,'ifType','tunnel','5','.1.3.6.1.2.1.2.2.1.3.5',1,'2020-05-09 08:47:08'),(3,4,'ifType','tunnel','6','.1.3.6.1.2.1.2.2.1.3.6',1,'2020-05-09 08:47:08'),(3,4,'ifType','ethernetCsmacd','7','.1.3.6.1.2.1.2.2.1.3.7',1,'2020-05-09 08:47:08'),(3,4,'ifType','ethernetCsmacd','8','.1.3.6.1.2.1.2.2.1.3.8',1,'2020-05-09 08:47:08'),(3,4,'ifType','tunnel','9','.1.3.6.1.2.1.2.2.1.3.9',1,'2020-05-09 08:47:08'),(3,7,'hrStorageAllocationUnits','4096','1','',1,'2020-05-09 08:47:09'),(3,7,'hrStorageAllocationUnits','0','2','',1,'2020-05-09 08:47:09'),(3,7,'hrStorageAllocationUnits','4096','3','',1,'2020-05-09 08:47:09'),(3,7,'hrStorageAllocationUnits','65536','4','',1,'2020-05-09 08:47:09'),(3,7,'hrStorageAllocationUnits','65536','5','',1,'2020-05-09 08:47:09'),(3,7,'hrStorageDescr','C: Label:  Serial Number 5c53e558','1','',1,'2020-05-09 08:47:09'),(3,7,'hrStorageDescr','E:','2','',1,'2020-05-09 08:47:09'),(3,7,'hrStorageDescr','F: Label:{[  Serial Number 2c15daee','3','',1,'2020-05-09 08:47:09'),(3,7,'hrStorageDescr','Virtual Memory','4','',1,'2020-05-09 08:47:09'),(3,7,'hrStorageDescr','Physical Memory','5','',1,'2020-05-09 08:47:09'),(3,7,'hrStorageIndex','1','1','',1,'2020-05-09 08:47:09'),(3,7,'hrStorageIndex','2','2','',1,'2020-05-09 08:47:09'),(3,7,'hrStorageIndex','3','3','',1,'2020-05-09 08:47:09'),(3,7,'hrStorageIndex','4','4','',1,'2020-05-09 08:47:09'),(3,7,'hrStorageIndex','5','5','',1,'2020-05-09 08:47:09'),(3,8,'hrProcessorFrwID','0','0','',1,'2020-05-09 08:47:10'),(3,8,'hrProcessorFrwID','1','1','',1,'2020-05-09 08:47:10'),(3,8,'hrProcessorFrwID','2','2','',1,'2020-05-09 08:47:10'),(3,8,'hrProcessorFrwID','3','3','',1,'2020-05-09 08:47:10'),(3,8,'hrProcessorFrwID','Total','4000','',1,'2020-05-09 08:47:10'),(4,4,'ifAdminStatus','Up','1','.1.3.6.1.2.1.2.2.1.7.1',1,'2020-05-09 08:49:16'),(4,4,'ifAdminStatus','Up','2','.1.3.6.1.2.1.2.2.1.7.2',1,'2020-05-09 08:49:16'),(4,4,'ifAdminStatus','Up','3','.1.3.6.1.2.1.2.2.1.7.3',1,'2020-05-09 08:49:16'),(4,4,'ifAdminStatus','Up','4','.1.3.6.1.2.1.2.2.1.7.4',1,'2020-05-09 08:49:16'),(4,4,'ifAdminStatus','Up','40','.1.3.6.1.2.1.2.2.1.7.40',1,'2020-05-09 08:49:16'),(4,4,'ifAdminStatus','Up','48','.1.3.6.1.2.1.2.2.1.7.48',1,'2020-05-09 08:49:16'),(4,4,'ifAdminStatus','Up','50','.1.3.6.1.2.1.2.2.1.7.50',1,'2020-05-09 08:49:16'),(4,4,'ifAdminStatus','Up','52','.1.3.6.1.2.1.2.2.1.7.52',1,'2020-05-09 08:49:16'),(4,4,'ifAdminStatus','Up','54','.1.3.6.1.2.1.2.2.1.7.54',1,'2020-05-09 08:49:16'),(4,4,'ifAdminStatus','Up','56','.1.3.6.1.2.1.2.2.1.7.56',1,'2020-05-09 08:49:16'),(4,4,'ifAdminStatus','Up','60','.1.3.6.1.2.1.2.2.1.7.60',1,'2020-05-09 08:49:16'),(4,4,'ifAdminStatus','Up','62','.1.3.6.1.2.1.2.2.1.7.62',1,'2020-05-09 08:49:16'),(4,4,'ifAlias','','1','.1.3.6.1.2.1.31.1.1.1.18.1',1,'2020-05-09 08:49:16'),(4,4,'ifAlias','','2','.1.3.6.1.2.1.31.1.1.1.18.2',1,'2020-05-09 08:49:16'),(4,4,'ifAlias','','3','.1.3.6.1.2.1.31.1.1.1.18.3',1,'2020-05-09 08:49:16'),(4,4,'ifAlias','','4','.1.3.6.1.2.1.31.1.1.1.18.4',1,'2020-05-09 08:49:16'),(4,4,'ifAlias','','40','.1.3.6.1.2.1.31.1.1.1.18.40',1,'2020-05-09 08:49:16'),(4,4,'ifAlias','','48','.1.3.6.1.2.1.31.1.1.1.18.48',1,'2020-05-09 08:49:16'),(4,4,'ifAlias','','50','.1.3.6.1.2.1.31.1.1.1.18.50',1,'2020-05-09 08:49:16'),(4,4,'ifAlias','','52','.1.3.6.1.2.1.31.1.1.1.18.52',1,'2020-05-09 08:49:16'),(4,4,'ifAlias','','54','.1.3.6.1.2.1.31.1.1.1.18.54',1,'2020-05-09 08:49:16'),(4,4,'ifAlias','','56','.1.3.6.1.2.1.31.1.1.1.18.56',1,'2020-05-09 08:49:16'),(4,4,'ifAlias','','60','.1.3.6.1.2.1.31.1.1.1.18.60',1,'2020-05-09 08:49:16'),(4,4,'ifAlias','','62','.1.3.6.1.2.1.31.1.1.1.18.62',1,'2020-05-09 08:49:16'),(4,4,'ifDescr','lo','1','.1.3.6.1.2.1.2.2.1.2.1',1,'2020-05-09 08:49:16'),(4,4,'ifDescr','ens192','2','.1.3.6.1.2.1.2.2.1.2.2',1,'2020-05-09 08:49:16'),(4,4,'ifDescr','infranet_priv','3','.1.3.6.1.2.1.2.2.1.2.3',1,'2020-05-09 08:49:16'),(4,4,'ifDescr','docker0','4','.1.3.6.1.2.1.2.2.1.2.4',1,'2020-05-09 08:49:16'),(4,4,'ifDescr','br_cacti_nw','40','.1.3.6.1.2.1.2.2.1.2.40',1,'2020-05-09 08:49:16'),(4,4,'ifDescr','vethe9d6747','48','.1.3.6.1.2.1.2.2.1.2.48',1,'2020-05-09 08:49:16'),(4,4,'ifDescr','veth5ab2656','50','.1.3.6.1.2.1.2.2.1.2.50',1,'2020-05-09 08:49:16'),(4,4,'ifDescr','veth8be16c5','52','.1.3.6.1.2.1.2.2.1.2.52',1,'2020-05-09 08:49:16'),(4,4,'ifDescr','vethfd503b8','54','.1.3.6.1.2.1.2.2.1.2.54',1,'2020-05-09 08:49:16'),(4,4,'ifDescr','veth8ec63d9','56','.1.3.6.1.2.1.2.2.1.2.56',1,'2020-05-09 08:49:16'),(4,4,'ifDescr','veth2267277','60','.1.3.6.1.2.1.2.2.1.2.60',1,'2020-05-09 08:49:16'),(4,4,'ifDescr','veth6b32003','62','.1.3.6.1.2.1.2.2.1.2.62',1,'2020-05-09 08:49:16'),(4,4,'ifHighSpeed','10','1','.1.3.6.1.2.1.31.1.1.1.15.1',1,'2020-05-09 08:49:16'),(4,4,'ifHighSpeed','10000','2','.1.3.6.1.2.1.31.1.1.1.15.2',1,'2020-05-09 08:49:16'),(4,4,'ifHighSpeed','0','3','.1.3.6.1.2.1.31.1.1.1.15.3',1,'2020-05-09 08:49:16'),(4,4,'ifHighSpeed','0','4','.1.3.6.1.2.1.31.1.1.1.15.4',1,'2020-05-09 08:49:16'),(4,4,'ifHighSpeed','0','40','.1.3.6.1.2.1.31.1.1.1.15.40',1,'2020-05-09 08:49:16'),(4,4,'ifHighSpeed','10000','48','.1.3.6.1.2.1.31.1.1.1.15.48',1,'2020-05-09 08:49:16'),(4,4,'ifHighSpeed','10000','50','.1.3.6.1.2.1.31.1.1.1.15.50',1,'2020-05-09 08:49:16'),(4,4,'ifHighSpeed','10000','52','.1.3.6.1.2.1.31.1.1.1.15.52',1,'2020-05-09 08:49:16'),(4,4,'ifHighSpeed','10000','54','.1.3.6.1.2.1.31.1.1.1.15.54',1,'2020-05-09 08:49:16'),(4,4,'ifHighSpeed','10000','56','.1.3.6.1.2.1.31.1.1.1.15.56',1,'2020-05-09 08:49:16'),(4,4,'ifHighSpeed','10000','60','.1.3.6.1.2.1.31.1.1.1.15.60',1,'2020-05-09 08:49:16'),(4,4,'ifHighSpeed','10000','62','.1.3.6.1.2.1.31.1.1.1.15.62',1,'2020-05-09 08:49:16'),(4,4,'ifHwAddr','','1','.1.3.6.1.2.1.2.2.1.6.1',1,'2020-05-09 08:49:16'),(4,4,'ifHwAddr','0:c:29:1f:3:70','2','.1.3.6.1.2.1.2.2.1.6.2',1,'2020-05-09 08:49:16'),(4,4,'ifHwAddr','2:42:7:a5:d9:55','3','.1.3.6.1.2.1.2.2.1.6.3',1,'2020-05-09 08:49:16'),(4,4,'ifHwAddr','2:42:70:27:d:94','4','.1.3.6.1.2.1.2.2.1.6.4',1,'2020-05-09 08:49:16'),(4,4,'ifHwAddr','2:42:8c:41:8:97','40','.1.3.6.1.2.1.2.2.1.6.40',1,'2020-05-09 08:49:16'),(4,4,'ifHwAddr','8a:94:46:c7:2d:f3','48','.1.3.6.1.2.1.2.2.1.6.48',1,'2020-05-09 08:49:16'),(4,4,'ifHwAddr','8a:ec:4a:ca:2e:e8','50','.1.3.6.1.2.1.2.2.1.6.50',1,'2020-05-09 08:49:16'),(4,4,'ifHwAddr','d6:58:da:f4:1c:7c','52','.1.3.6.1.2.1.2.2.1.6.52',1,'2020-05-09 08:49:16'),(4,4,'ifHwAddr','d6:46:7c:a7:12:ee','54','.1.3.6.1.2.1.2.2.1.6.54',1,'2020-05-09 08:49:16'),(4,4,'ifHwAddr','4a:1b:85:b7:2:5a','56','.1.3.6.1.2.1.2.2.1.6.56',1,'2020-05-09 08:49:16'),(4,4,'ifHwAddr','a2:f9:27:f2:a1:c2','60','.1.3.6.1.2.1.2.2.1.6.60',1,'2020-05-09 08:49:16'),(4,4,'ifHwAddr','e6:c2:5b:3:f:46','62','.1.3.6.1.2.1.2.2.1.6.62',1,'2020-05-09 08:49:16'),(4,4,'ifIndex','1','1','.1.3.6.1.2.1.2.2.1.1.1',1,'2020-05-09 08:49:16'),(4,4,'ifIndex','2','2','.1.3.6.1.2.1.2.2.1.1.2',1,'2020-05-09 08:49:16'),(4,4,'ifIndex','3','3','.1.3.6.1.2.1.2.2.1.1.3',1,'2020-05-09 08:49:16'),(4,4,'ifIndex','4','4','.1.3.6.1.2.1.2.2.1.1.4',1,'2020-05-09 08:49:16'),(4,4,'ifIndex','40','40','.1.3.6.1.2.1.2.2.1.1.40',1,'2020-05-09 08:49:16'),(4,4,'ifIndex','48','48','.1.3.6.1.2.1.2.2.1.1.48',1,'2020-05-09 08:49:16'),(4,4,'ifIndex','50','50','.1.3.6.1.2.1.2.2.1.1.50',1,'2020-05-09 08:49:16'),(4,4,'ifIndex','52','52','.1.3.6.1.2.1.2.2.1.1.52',1,'2020-05-09 08:49:16'),(4,4,'ifIndex','54','54','.1.3.6.1.2.1.2.2.1.1.54',1,'2020-05-09 08:49:16'),(4,4,'ifIndex','56','56','.1.3.6.1.2.1.2.2.1.1.56',1,'2020-05-09 08:49:16'),(4,4,'ifIndex','60','60','.1.3.6.1.2.1.2.2.1.1.60',1,'2020-05-09 08:49:16'),(4,4,'ifIndex','62','62','.1.3.6.1.2.1.2.2.1.1.62',1,'2020-05-09 08:49:16'),(4,4,'ifIP','127.0.0.1','1','.1.3.6.1.2.1.4.20.1.2.127.0.0.1',1,'2020-05-09 08:49:16'),(4,4,'ifIP','10.254.10.251','2','.1.3.6.1.2.1.4.20.1.2.10.254.10.251',1,'2020-05-09 08:49:16'),(4,4,'ifIP','172.18.0.1','3','.1.3.6.1.2.1.4.20.1.2.172.18.0.1',1,'2020-05-09 08:49:16'),(4,4,'ifIP','172.17.0.1','4','.1.3.6.1.2.1.4.20.1.2.172.17.0.1',1,'2020-05-09 08:49:16'),(4,4,'ifIP','172.22.0.1','40','.1.3.6.1.2.1.4.20.1.2.172.22.0.1',1,'2020-05-09 08:49:16'),(4,4,'ifName','lo','1','.1.3.6.1.2.1.31.1.1.1.1.1',1,'2020-05-09 08:49:16'),(4,4,'ifName','ens192','2','.1.3.6.1.2.1.31.1.1.1.1.2',1,'2020-05-09 08:49:16'),(4,4,'ifName','infranet_priv','3','.1.3.6.1.2.1.31.1.1.1.1.3',1,'2020-05-09 08:49:16'),(4,4,'ifName','docker0','4','.1.3.6.1.2.1.31.1.1.1.1.4',1,'2020-05-09 08:49:16'),(4,4,'ifName','br_cacti_nw','40','.1.3.6.1.2.1.31.1.1.1.1.40',1,'2020-05-09 08:49:16'),(4,4,'ifName','vethe9d6747','48','.1.3.6.1.2.1.31.1.1.1.1.48',1,'2020-05-09 08:49:16'),(4,4,'ifName','veth5ab2656','50','.1.3.6.1.2.1.31.1.1.1.1.50',1,'2020-05-09 08:49:16'),(4,4,'ifName','veth8be16c5','52','.1.3.6.1.2.1.31.1.1.1.1.52',1,'2020-05-09 08:49:16'),(4,4,'ifName','vethfd503b8','54','.1.3.6.1.2.1.31.1.1.1.1.54',1,'2020-05-09 08:49:16'),(4,4,'ifName','veth8ec63d9','56','.1.3.6.1.2.1.31.1.1.1.1.56',1,'2020-05-09 08:49:16'),(4,4,'ifName','veth2267277','60','.1.3.6.1.2.1.31.1.1.1.1.60',1,'2020-05-09 08:49:16'),(4,4,'ifName','veth6b32003','62','.1.3.6.1.2.1.31.1.1.1.1.62',1,'2020-05-09 08:49:16'),(4,4,'ifOperStatus','Up','1','.1.3.6.1.2.1.2.2.1.8.1',1,'2020-05-09 08:49:16'),(4,4,'ifOperStatus','Up','2','.1.3.6.1.2.1.2.2.1.8.2',1,'2020-05-09 08:49:16'),(4,4,'ifOperStatus','Up','3','.1.3.6.1.2.1.2.2.1.8.3',1,'2020-05-09 08:49:16'),(4,4,'ifOperStatus','Down','4','.1.3.6.1.2.1.2.2.1.8.4',1,'2020-05-09 08:49:16'),(4,4,'ifOperStatus','Up','40','.1.3.6.1.2.1.2.2.1.8.40',1,'2020-05-09 08:49:16'),(4,4,'ifOperStatus','Up','48','.1.3.6.1.2.1.2.2.1.8.48',1,'2020-05-09 08:49:16'),(4,4,'ifOperStatus','Up','50','.1.3.6.1.2.1.2.2.1.8.50',1,'2020-05-09 08:49:16'),(4,4,'ifOperStatus','Up','52','.1.3.6.1.2.1.2.2.1.8.52',1,'2020-05-09 08:49:16'),(4,4,'ifOperStatus','Up','54','.1.3.6.1.2.1.2.2.1.8.54',1,'2020-05-09 08:49:16'),(4,4,'ifOperStatus','Up','56','.1.3.6.1.2.1.2.2.1.8.56',1,'2020-05-09 08:49:16'),(4,4,'ifOperStatus','Up','60','.1.3.6.1.2.1.2.2.1.8.60',1,'2020-05-09 08:49:16'),(4,4,'ifOperStatus','Up','62','.1.3.6.1.2.1.2.2.1.8.62',1,'2020-05-09 08:49:16'),(4,4,'ifSpeed','10000000','1','.1.3.6.1.2.1.2.2.1.5.1',1,'2020-05-09 08:49:16'),(4,4,'ifSpeed','4294967295','2','.1.3.6.1.2.1.2.2.1.5.2',1,'2020-05-09 08:49:16'),(4,4,'ifSpeed','0','3','.1.3.6.1.2.1.2.2.1.5.3',1,'2020-05-09 08:49:16'),(4,4,'ifSpeed','0','4','.1.3.6.1.2.1.2.2.1.5.4',1,'2020-05-09 08:49:16'),(4,4,'ifSpeed','0','40','.1.3.6.1.2.1.2.2.1.5.40',1,'2020-05-09 08:49:16'),(4,4,'ifSpeed','4294967295','48','.1.3.6.1.2.1.2.2.1.5.48',1,'2020-05-09 08:49:16'),(4,4,'ifSpeed','4294967295','50','.1.3.6.1.2.1.2.2.1.5.50',1,'2020-05-09 08:49:16'),(4,4,'ifSpeed','4294967295','52','.1.3.6.1.2.1.2.2.1.5.52',1,'2020-05-09 08:49:16'),(4,4,'ifSpeed','4294967295','54','.1.3.6.1.2.1.2.2.1.5.54',1,'2020-05-09 08:49:16'),(4,4,'ifSpeed','4294967295','56','.1.3.6.1.2.1.2.2.1.5.56',1,'2020-05-09 08:49:16'),(4,4,'ifSpeed','4294967295','60','.1.3.6.1.2.1.2.2.1.5.60',1,'2020-05-09 08:49:16'),(4,4,'ifSpeed','4294967295','62','.1.3.6.1.2.1.2.2.1.5.62',1,'2020-05-09 08:49:16'),(4,4,'ifType','softwareLoopback','1','.1.3.6.1.2.1.2.2.1.3.1',1,'2020-05-09 08:49:16'),(4,4,'ifType','ethernetCsmacd','2','.1.3.6.1.2.1.2.2.1.3.2',1,'2020-05-09 08:49:16'),(4,4,'ifType','ethernetCsmacd','3','.1.3.6.1.2.1.2.2.1.3.3',1,'2020-05-09 08:49:16'),(4,4,'ifType','ethernetCsmacd','4','.1.3.6.1.2.1.2.2.1.3.4',1,'2020-05-09 08:49:16'),(4,4,'ifType','ethernetCsmacd','40','.1.3.6.1.2.1.2.2.1.3.40',1,'2020-05-09 08:49:16'),(4,4,'ifType','ethernetCsmacd','48','.1.3.6.1.2.1.2.2.1.3.48',1,'2020-05-09 08:49:16'),(4,4,'ifType','ethernetCsmacd','50','.1.3.6.1.2.1.2.2.1.3.50',1,'2020-05-09 08:49:16'),(4,4,'ifType','ethernetCsmacd','52','.1.3.6.1.2.1.2.2.1.3.52',1,'2020-05-09 08:49:16'),(4,4,'ifType','ethernetCsmacd','54','.1.3.6.1.2.1.2.2.1.3.54',1,'2020-05-09 08:49:16'),(4,4,'ifType','ethernetCsmacd','56','.1.3.6.1.2.1.2.2.1.3.56',1,'2020-05-09 08:49:16'),(4,4,'ifType','ethernetCsmacd','60','.1.3.6.1.2.1.2.2.1.3.60',1,'2020-05-09 08:49:16'),(4,4,'ifType','ethernetCsmacd','62','.1.3.6.1.2.1.2.2.1.3.62',1,'2020-05-09 08:49:16'),(4,7,'hrStorageAllocationUnits','1024','1','',1,'2020-05-09 08:49:17'),(4,7,'hrStorageAllocationUnits','1024','10','',1,'2020-05-09 08:49:17'),(4,7,'hrStorageAllocationUnits','1024','3','',1,'2020-05-09 08:49:17'),(4,7,'hrStorageAllocationUnits','4096','35','',1,'2020-05-09 08:49:17'),(4,7,'hrStorageAllocationUnits','4096','37','',1,'2020-05-09 08:49:17'),(4,7,'hrStorageAllocationUnits','4096','38','',1,'2020-05-09 08:49:17'),(4,7,'hrStorageAllocationUnits','4096','55','',1,'2020-05-09 08:49:17'),(4,7,'hrStorageAllocationUnits','1024','6','',1,'2020-05-09 08:49:17'),(4,7,'hrStorageAllocationUnits','4096','60','',1,'2020-05-09 08:49:17'),(4,7,'hrStorageAllocationUnits','4096','61','',1,'2020-05-09 08:49:17'),(4,7,'hrStorageAllocationUnits','1024','7','',1,'2020-05-09 08:49:17'),(4,7,'hrStorageAllocationUnits','4096','70','',1,'2020-05-09 08:49:17'),(4,7,'hrStorageAllocationUnits','4096','71','',1,'2020-05-09 08:49:17'),(4,7,'hrStorageAllocationUnits','4096','72','',1,'2020-05-09 08:49:17'),(4,7,'hrStorageAllocationUnits','4096','73','',1,'2020-05-09 08:49:17'),(4,7,'hrStorageAllocationUnits','4096','76','',1,'2020-05-09 08:49:17'),(4,7,'hrStorageAllocationUnits','4096','77','',1,'2020-05-09 08:49:17'),(4,7,'hrStorageAllocationUnits','4096','78','',1,'2020-05-09 08:49:17'),(4,7,'hrStorageAllocationUnits','1024','8','',1,'2020-05-09 08:49:17'),(4,7,'hrStorageAllocationUnits','4096','84','',1,'2020-05-09 08:49:17'),(4,7,'hrStorageAllocationUnits','4096','87','',1,'2020-05-09 08:49:17'),(4,7,'hrStorageDescr','Physical memory','1','',1,'2020-05-09 08:49:17'),(4,7,'hrStorageDescr','Swap space','10','',1,'2020-05-09 08:49:17'),(4,7,'hrStorageDescr','Virtual memory','3','',1,'2020-05-09 08:49:17'),(4,7,'hrStorageDescr','/dev/shm','35','',1,'2020-05-09 08:49:17'),(4,7,'hrStorageDescr','/run','37','',1,'2020-05-09 08:49:17'),(4,7,'hrStorageDescr','/sys/fs/cgroup','38','',1,'2020-05-09 08:49:17'),(4,7,'hrStorageDescr','/','55','',1,'2020-05-09 08:49:17'),(4,7,'hrStorageDescr','Memory buffers','6','',1,'2020-05-09 08:49:17'),(4,7,'hrStorageDescr','/boot','60','',1,'2020-05-09 08:49:17'),(4,7,'hrStorageDescr','/boot/efi','61','',1,'2020-05-09 08:49:17'),(4,7,'hrStorageDescr','Cached memory','7','',1,'2020-05-09 08:49:17'),(4,7,'hrStorageDescr','/var/lib/docker/containers/c67f8c1a01f36c28777812bc7c7be970610f0466cd7cfb0d1e56465b116cbba4/mounts/shm','70','',1,'2020-05-09 08:49:17'),(4,7,'hrStorageDescr','/var/lib/docker/containers/2ff8165cea9a4e7beed669c9f786aa8480f190dfa4d201794fb2e1f8baf5d917/mounts/shm','71','',1,'2020-05-09 08:49:17'),(4,7,'hrStorageDescr','/var/lib/docker/containers/2fb79ea3777adfa76628e774c53262237d75b7e80284cad4b2715b8810988660/mounts/shm','72','',1,'2020-05-09 08:49:17'),(4,7,'hrStorageDescr','/var/lib/docker/containers/1785a7ea0b4e8f770887df474635fe45b71de20ad7d2a2ad650ce2921a9382d8/mounts/shm','73','',1,'2020-05-09 08:49:17'),(4,7,'hrStorageDescr','/var/lib/docker/containers/5883eddda46307af4980f8ce20a13600a9de320de42ae69ec322978b4c40797c/mounts/shm','76','',1,'2020-05-09 08:49:17'),(4,7,'hrStorageDescr','/var/lib/docker/containers/ab44801623cb4b2a1f6113913db22b1b24a166cc19c08a32854a9ceb42bd1123/mounts/shm','77','',1,'2020-05-09 08:49:17'),(4,7,'hrStorageDescr','/var/lib/docker/containers/95ada5cb7a0aaa02d7889ae1ccc8925051bff90898d4bfb17ae89402403805b6/mounts/shm','78','',1,'2020-05-09 08:49:17'),(4,7,'hrStorageDescr','Shared memory','8','',1,'2020-05-09 08:49:17'),(4,7,'hrStorageDescr','/var/lib/docker/containers/829cdebe98c943618822f20a79876d0ba63586dfcc84ad8d20e65f310c8cf70a/mounts/shm','84','',1,'2020-05-09 08:49:17'),(4,7,'hrStorageDescr','/var/lib/docker/containers/f24a4aaa8f52143fa37f79e97e6dc8d51e93019d3c4dd52e4a481fa6de430840/mounts/shm','87','',1,'2020-05-09 08:49:17'),(4,7,'hrStorageIndex','1','1','',1,'2020-05-09 08:49:17'),(4,7,'hrStorageIndex','10','10','',1,'2020-05-09 08:49:17'),(4,7,'hrStorageIndex','3','3','',1,'2020-05-09 08:49:17'),(4,7,'hrStorageIndex','35','35','',1,'2020-05-09 08:49:17'),(4,7,'hrStorageIndex','37','37','',1,'2020-05-09 08:49:17'),(4,7,'hrStorageIndex','38','38','',1,'2020-05-09 08:49:17'),(4,7,'hrStorageIndex','55','55','',1,'2020-05-09 08:49:17'),(4,7,'hrStorageIndex','6','6','',1,'2020-05-09 08:49:17'),(4,7,'hrStorageIndex','60','60','',1,'2020-05-09 08:49:17'),(4,7,'hrStorageIndex','61','61','',1,'2020-05-09 08:49:17'),(4,7,'hrStorageIndex','7','7','',1,'2020-05-09 08:49:17'),(4,7,'hrStorageIndex','70','70','',1,'2020-05-09 08:49:17'),(4,7,'hrStorageIndex','71','71','',1,'2020-05-09 08:49:17'),(4,7,'hrStorageIndex','72','72','',1,'2020-05-09 08:49:17'),(4,7,'hrStorageIndex','73','73','',1,'2020-05-09 08:49:17'),(4,7,'hrStorageIndex','76','76','',1,'2020-05-09 08:49:17'),(4,7,'hrStorageIndex','77','77','',1,'2020-05-09 08:49:17'),(4,7,'hrStorageIndex','78','78','',1,'2020-05-09 08:49:17'),(4,7,'hrStorageIndex','8','8','',1,'2020-05-09 08:49:17'),(4,7,'hrStorageIndex','84','84','',1,'2020-05-09 08:49:17'),(4,7,'hrStorageIndex','87','87','',1,'2020-05-09 08:49:17'),(4,8,'hrProcessorFrwID','0','0','',1,'2020-05-09 08:49:18'),(4,8,'hrProcessorFrwID','1','1','',1,'2020-05-09 08:49:18'),(4,8,'hrProcessorFrwID','2','2','',1,'2020-05-09 08:49:18'),(4,8,'hrProcessorFrwID','3','3','',1,'2020-05-09 08:49:18'),(4,8,'hrProcessorFrwID','Total','4000','',1,'2020-05-09 08:49:18'),(4,9,'diskIODevice','sda','1','.1.3.6.1.4.1.2021.13.15.1.1.2.1',1,'2020-05-09 08:49:18'),(4,9,'diskIODevice','sda1','2','.1.3.6.1.4.1.2021.13.15.1.1.2.2',1,'2020-05-09 08:49:18'),(4,9,'diskIODevice','sda2','3','.1.3.6.1.4.1.2021.13.15.1.1.2.3',1,'2020-05-09 08:49:18'),(4,9,'diskIODevice','sda3','4','.1.3.6.1.4.1.2021.13.15.1.1.2.4',1,'2020-05-09 08:49:18'),(4,9,'diskIODevice','sr0','5','.1.3.6.1.4.1.2021.13.15.1.1.2.5',1,'2020-05-09 08:49:18'),(4,9,'diskIODevice','dm-0','6','.1.3.6.1.4.1.2021.13.15.1.1.2.6',1,'2020-05-09 08:49:18'),(4,9,'diskIODevice','dm-1','7','.1.3.6.1.4.1.2021.13.15.1.1.2.7',1,'2020-05-09 08:49:18'),(4,9,'diskIOIndex','1','1','.1.3.6.1.4.1.2021.13.15.1.1.1.1',1,'2020-05-09 08:49:18'),(4,9,'diskIOIndex','2','2','.1.3.6.1.4.1.2021.13.15.1.1.1.2',1,'2020-05-09 08:49:18'),(4,9,'diskIOIndex','3','3','.1.3.6.1.4.1.2021.13.15.1.1.1.3',1,'2020-05-09 08:49:18'),(4,9,'diskIOIndex','4','4','.1.3.6.1.4.1.2021.13.15.1.1.1.4',1,'2020-05-09 08:49:18'),(4,9,'diskIOIndex','5','5','.1.3.6.1.4.1.2021.13.15.1.1.1.5',1,'2020-05-09 08:49:18'),(4,9,'diskIOIndex','6','6','.1.3.6.1.4.1.2021.13.15.1.1.1.6',1,'2020-05-09 08:49:18'),(4,9,'diskIOIndex','7','7','.1.3.6.1.4.1.2021.13.15.1.1.1.7',1,'2020-05-09 08:49:18'),(5,4,'ifAdminStatus','Up','1','.1.3.6.1.2.1.2.2.1.7.1',1,'2020-05-09 08:51:27'),(5,4,'ifAdminStatus','Up','10','.1.3.6.1.2.1.2.2.1.7.10',1,'2020-05-09 08:51:27'),(5,4,'ifAdminStatus','Up','12','.1.3.6.1.2.1.2.2.1.7.12',1,'2020-05-09 08:51:27'),(5,4,'ifAdminStatus','Up','18','.1.3.6.1.2.1.2.2.1.7.18',1,'2020-05-09 08:51:27'),(5,4,'ifAdminStatus','Up','2','.1.3.6.1.2.1.2.2.1.7.2',1,'2020-05-09 08:51:27'),(5,4,'ifAdminStatus','Up','3','.1.3.6.1.2.1.2.2.1.7.3',1,'2020-05-09 08:51:27'),(5,4,'ifAdminStatus','Up','37','.1.3.6.1.2.1.2.2.1.7.37',1,'2020-05-09 08:51:27'),(5,4,'ifAdminStatus','Up','39','.1.3.6.1.2.1.2.2.1.7.39',1,'2020-05-09 08:51:27'),(5,4,'ifAdminStatus','Up','4','.1.3.6.1.2.1.2.2.1.7.4',1,'2020-05-09 08:51:27'),(5,4,'ifAdminStatus','Up','40','.1.3.6.1.2.1.2.2.1.7.40',1,'2020-05-09 08:51:27'),(5,4,'ifAdminStatus','Up','41','.1.3.6.1.2.1.2.2.1.7.41',1,'2020-05-09 08:51:27'),(5,4,'ifAdminStatus','Up','44','.1.3.6.1.2.1.2.2.1.7.44',1,'2020-05-09 08:51:27'),(5,4,'ifAdminStatus','Up','5','.1.3.6.1.2.1.2.2.1.7.5',1,'2020-05-09 08:51:27'),(5,4,'ifAdminStatus','Up','6','.1.3.6.1.2.1.2.2.1.7.6',1,'2020-05-09 08:51:27'),(5,4,'ifAdminStatus','Up','7','.1.3.6.1.2.1.2.2.1.7.7',1,'2020-05-09 08:51:27'),(5,4,'ifAdminStatus','Down','8','.1.3.6.1.2.1.2.2.1.7.8',1,'2020-05-09 08:51:27'),(5,4,'ifAlias','### DC_HyperVisor ###','1','.1.3.6.1.2.1.31.1.1.1.18.1',1,'2020-05-09 08:51:27'),(5,4,'ifAlias','### DC_Server ###','10','.1.3.6.1.2.1.31.1.1.1.18.10',1,'2020-05-09 08:51:27'),(5,4,'ifAlias','### loopback ###','12','.1.3.6.1.2.1.31.1.1.1.18.12',1,'2020-05-09 08:51:27'),(5,4,'ifAlias','','18','.1.3.6.1.2.1.31.1.1.1.18.18',1,'2020-05-09 08:51:27'),(5,4,'ifAlias','### NURO backup-port ###','2','.1.3.6.1.2.1.31.1.1.1.18.2',1,'2020-05-09 08:51:27'),(5,4,'ifAlias','### Local PC ###','3','.1.3.6.1.2.1.31.1.1.1.18.3',1,'2020-05-09 08:51:27'),(5,4,'ifAlias','### DC_NW_Management ###','37','.1.3.6.1.2.1.31.1.1.1.18.37',1,'2020-05-09 08:51:27'),(5,4,'ifAlias','### DC_3F_Management ###','39','.1.3.6.1.2.1.31.1.1.1.18.39',1,'2020-05-09 08:51:27'),(5,4,'ifAlias','### ESXi ###','4','.1.3.6.1.2.1.31.1.1.1.18.4',1,'2020-05-09 08:51:27'),(5,4,'ifAlias','### DC_3F_Wireless ###','40','.1.3.6.1.2.1.31.1.1.1.18.40',1,'2020-05-09 08:51:27'),(5,4,'ifAlias','### to FWdc01 routing interface ###','41','.1.3.6.1.2.1.31.1.1.1.18.41',1,'2020-05-09 08:51:27'),(5,4,'ifAlias','### DC_3F_Wired ###','44','.1.3.6.1.2.1.31.1.1.1.18.44',1,'2020-05-09 08:51:27'),(5,4,'ifAlias','### FWdc01.trust.PA200 ###','5','.1.3.6.1.2.1.31.1.1.1.18.5',1,'2020-05-09 08:51:27'),(5,4,'ifAlias','### FWdc01.mgmt.PA200 ###','6','.1.3.6.1.2.1.31.1.1.1.18.6',1,'2020-05-09 08:51:27'),(5,4,'ifAlias','','7','.1.3.6.1.2.1.31.1.1.1.18.7',1,'2020-05-09 08:51:27'),(5,4,'ifAlias','','8','.1.3.6.1.2.1.31.1.1.1.18.8',1,'2020-05-09 08:51:27'),(5,4,'ifDescr','GigabitEthernet0/4','1','.1.3.6.1.2.1.2.2.1.2.1',1,'2020-05-09 08:51:27'),(5,4,'ifDescr','Vlan10','10','.1.3.6.1.2.1.2.2.1.2.10',1,'2020-05-09 08:51:27'),(5,4,'ifDescr','Loopback0','12','.1.3.6.1.2.1.2.2.1.2.12',1,'2020-05-09 08:51:27'),(5,4,'ifDescr','NVI0','18','.1.3.6.1.2.1.2.2.1.2.18',1,'2020-05-09 08:51:27'),(5,4,'ifDescr','GigabitEthernet0/5','2','.1.3.6.1.2.1.2.2.1.2.2',1,'2020-05-09 08:51:27'),(5,4,'ifDescr','GigabitEthernet0/0','3','.1.3.6.1.2.1.2.2.1.2.3',1,'2020-05-09 08:51:27'),(5,4,'ifDescr','Vlan254','37','.1.3.6.1.2.1.2.2.1.2.37',1,'2020-05-09 08:51:27'),(5,4,'ifDescr','Vlan230','39','.1.3.6.1.2.1.2.2.1.2.39',1,'2020-05-09 08:51:27'),(5,4,'ifDescr','GigabitEthernet0/1','4','.1.3.6.1.2.1.2.2.1.2.4',1,'2020-05-09 08:51:27'),(5,4,'ifDescr','Vlan239','40','.1.3.6.1.2.1.2.2.1.2.40',1,'2020-05-09 08:51:27'),(5,4,'ifDescr','Vlan252','41','.1.3.6.1.2.1.2.2.1.2.41',1,'2020-05-09 08:51:27'),(5,4,'ifDescr','Vlan232','44','.1.3.6.1.2.1.2.2.1.2.44',1,'2020-05-09 08:51:27'),(5,4,'ifDescr','GigabitEthernet0/2','5','.1.3.6.1.2.1.2.2.1.2.5',1,'2020-05-09 08:51:27'),(5,4,'ifDescr','GigabitEthernet0/3','6','.1.3.6.1.2.1.2.2.1.2.6',1,'2020-05-09 08:51:27'),(5,4,'ifDescr','Null0','7','.1.3.6.1.2.1.2.2.1.2.7',1,'2020-05-09 08:51:27'),(5,4,'ifDescr','Vlan1','8','.1.3.6.1.2.1.2.2.1.2.8',1,'2020-05-09 08:51:27'),(5,4,'ifHighSpeed','100','1','.1.3.6.1.2.1.31.1.1.1.15.1',1,'2020-05-09 08:51:27'),(5,4,'ifHighSpeed','1000','10','.1.3.6.1.2.1.31.1.1.1.15.10',1,'2020-05-09 08:51:27'),(5,4,'ifHighSpeed','8000','12','.1.3.6.1.2.1.31.1.1.1.15.12',1,'2020-05-09 08:51:27'),(5,4,'ifHighSpeed','0','18','.1.3.6.1.2.1.31.1.1.1.15.18',1,'2020-05-09 08:51:27'),(5,4,'ifHighSpeed','100','2','.1.3.6.1.2.1.31.1.1.1.15.2',1,'2020-05-09 08:51:27'),(5,4,'ifHighSpeed','100','3','.1.3.6.1.2.1.31.1.1.1.15.3',1,'2020-05-09 08:51:27'),(5,4,'ifHighSpeed','1000','37','.1.3.6.1.2.1.31.1.1.1.15.37',1,'2020-05-09 08:51:27'),(5,4,'ifHighSpeed','1000','39','.1.3.6.1.2.1.31.1.1.1.15.39',1,'2020-05-09 08:51:27'),(5,4,'ifHighSpeed','1000','4','.1.3.6.1.2.1.31.1.1.1.15.4',1,'2020-05-09 08:51:27'),(5,4,'ifHighSpeed','1000','40','.1.3.6.1.2.1.31.1.1.1.15.40',1,'2020-05-09 08:51:27'),(5,4,'ifHighSpeed','1000','41','.1.3.6.1.2.1.31.1.1.1.15.41',1,'2020-05-09 08:51:27'),(5,4,'ifHighSpeed','1000','44','.1.3.6.1.2.1.31.1.1.1.15.44',1,'2020-05-09 08:51:27'),(5,4,'ifHighSpeed','1000','5','.1.3.6.1.2.1.31.1.1.1.15.5',1,'2020-05-09 08:51:27'),(5,4,'ifHighSpeed','100','6','.1.3.6.1.2.1.31.1.1.1.15.6',1,'2020-05-09 08:51:27'),(5,4,'ifHighSpeed','10000','7','.1.3.6.1.2.1.31.1.1.1.15.7',1,'2020-05-09 08:51:27'),(5,4,'ifHighSpeed','1000','8','.1.3.6.1.2.1.31.1.1.1.15.8',1,'2020-05-09 08:51:27'),(5,4,'ifHwAddr','cc:16:7e:54:e0:53','1','.1.3.6.1.2.1.2.2.1.6.1',1,'2020-05-09 08:51:27'),(5,4,'ifHwAddr','cc:16:7e:54:e0:40','10','.1.3.6.1.2.1.2.2.1.6.10',1,'2020-05-09 08:51:27'),(5,4,'ifHwAddr','','12','.1.3.6.1.2.1.2.2.1.6.12',1,'2020-05-09 08:51:27'),(5,4,'ifHwAddr','','18','.1.3.6.1.2.1.2.2.1.6.18',1,'2020-05-09 08:51:27'),(5,4,'ifHwAddr','cc:16:7e:54:e0:52','2','.1.3.6.1.2.1.2.2.1.6.2',1,'2020-05-09 08:51:27'),(5,4,'ifHwAddr','cc:16:7e:54:e0:40','3','.1.3.6.1.2.1.2.2.1.6.3',1,'2020-05-09 08:51:27'),(5,4,'ifHwAddr','cc:16:7e:54:e0:40','37','.1.3.6.1.2.1.2.2.1.6.37',1,'2020-05-09 08:51:27'),(5,4,'ifHwAddr','cc:16:7e:54:e0:40','39','.1.3.6.1.2.1.2.2.1.6.39',1,'2020-05-09 08:51:27'),(5,4,'ifHwAddr','cc:16:7e:54:e0:41','4','.1.3.6.1.2.1.2.2.1.6.4',1,'2020-05-09 08:51:27'),(5,4,'ifHwAddr','cc:16:7e:54:e0:40','40','.1.3.6.1.2.1.2.2.1.6.40',1,'2020-05-09 08:51:27'),(5,4,'ifHwAddr','cc:16:7e:54:e0:40','41','.1.3.6.1.2.1.2.2.1.6.41',1,'2020-05-09 08:51:27'),(5,4,'ifHwAddr','cc:16:7e:54:e0:40','44','.1.3.6.1.2.1.2.2.1.6.44',1,'2020-05-09 08:51:27'),(5,4,'ifHwAddr','cc:16:7e:54:e0:42','5','.1.3.6.1.2.1.2.2.1.6.5',1,'2020-05-09 08:51:27'),(5,4,'ifHwAddr','cc:16:7e:54:e0:43','6','.1.3.6.1.2.1.2.2.1.6.6',1,'2020-05-09 08:51:27'),(5,4,'ifHwAddr','','7','.1.3.6.1.2.1.2.2.1.6.7',1,'2020-05-09 08:51:27'),(5,4,'ifHwAddr','cc:16:7e:54:e0:40','8','.1.3.6.1.2.1.2.2.1.6.8',1,'2020-05-09 08:51:27'),(5,4,'ifIndex','1','1','.1.3.6.1.2.1.2.2.1.1.1',1,'2020-05-09 08:51:27'),(5,4,'ifIndex','10','10','.1.3.6.1.2.1.2.2.1.1.10',1,'2020-05-09 08:51:27'),(5,4,'ifIndex','12','12','.1.3.6.1.2.1.2.2.1.1.12',1,'2020-05-09 08:51:27'),(5,4,'ifIndex','18','18','.1.3.6.1.2.1.2.2.1.1.18',1,'2020-05-09 08:51:27'),(5,4,'ifIndex','2','2','.1.3.6.1.2.1.2.2.1.1.2',1,'2020-05-09 08:51:27'),(5,4,'ifIndex','3','3','.1.3.6.1.2.1.2.2.1.1.3',1,'2020-05-09 08:51:27'),(5,4,'ifIndex','37','37','.1.3.6.1.2.1.2.2.1.1.37',1,'2020-05-09 08:51:27'),(5,4,'ifIndex','39','39','.1.3.6.1.2.1.2.2.1.1.39',1,'2020-05-09 08:51:27'),(5,4,'ifIndex','4','4','.1.3.6.1.2.1.2.2.1.1.4',1,'2020-05-09 08:51:27'),(5,4,'ifIndex','40','40','.1.3.6.1.2.1.2.2.1.1.40',1,'2020-05-09 08:51:27'),(5,4,'ifIndex','41','41','.1.3.6.1.2.1.2.2.1.1.41',1,'2020-05-09 08:51:27'),(5,4,'ifIndex','44','44','.1.3.6.1.2.1.2.2.1.1.44',1,'2020-05-09 08:51:27'),(5,4,'ifIndex','5','5','.1.3.6.1.2.1.2.2.1.1.5',1,'2020-05-09 08:51:27'),(5,4,'ifIndex','6','6','.1.3.6.1.2.1.2.2.1.1.6',1,'2020-05-09 08:51:27'),(5,4,'ifIndex','7','7','.1.3.6.1.2.1.2.2.1.1.7',1,'2020-05-09 08:51:27'),(5,4,'ifIndex','8','8','.1.3.6.1.2.1.2.2.1.1.8',1,'2020-05-09 08:51:27'),(5,4,'ifIP','10.254.110.254','1','.1.3.6.1.2.1.4.20.1.2.10.254.110.254',1,'2020-05-09 08:51:27'),(5,4,'ifIP','10.254.10.254','10','.1.3.6.1.2.1.4.20.1.2.10.254.10.254',1,'2020-05-09 08:51:27'),(5,4,'ifIP','10.254.0.1','12','.1.3.6.1.2.1.4.20.1.2.10.254.0.1',1,'2020-05-09 08:51:27'),(5,4,'ifIP','192.168.1.253','2','.1.3.6.1.2.1.4.20.1.2.192.168.1.253',1,'2020-05-09 08:51:27'),(5,4,'ifIP','10.254.254.254','37','.1.3.6.1.2.1.4.20.1.2.10.254.254.254',1,'2020-05-09 08:51:27'),(5,4,'ifIP','10.254.230.254','39','.1.3.6.1.2.1.4.20.1.2.10.254.230.254',1,'2020-05-09 08:51:27'),(5,4,'ifIP','10.254.239.254','40','.1.3.6.1.2.1.4.20.1.2.10.254.239.254',1,'2020-05-09 08:51:27'),(5,4,'ifIP','10.254.252.254','41','.1.3.6.1.2.1.4.20.1.2.10.254.252.254',1,'2020-05-09 08:51:27'),(5,4,'ifIP','10.254.232.254','44','.1.3.6.1.2.1.4.20.1.2.10.254.232.254',1,'2020-05-09 08:51:27'),(5,4,'ifName','Gi0/4','1','.1.3.6.1.2.1.31.1.1.1.1.1',1,'2020-05-09 08:51:27'),(5,4,'ifName','Vl10','10','.1.3.6.1.2.1.31.1.1.1.1.10',1,'2020-05-09 08:51:27'),(5,4,'ifName','Lo0','12','.1.3.6.1.2.1.31.1.1.1.1.12',1,'2020-05-09 08:51:27'),(5,4,'ifName','NV0','18','.1.3.6.1.2.1.31.1.1.1.1.18',1,'2020-05-09 08:51:27'),(5,4,'ifName','Gi0/5','2','.1.3.6.1.2.1.31.1.1.1.1.2',1,'2020-05-09 08:51:27'),(5,4,'ifName','Gi0/0','3','.1.3.6.1.2.1.31.1.1.1.1.3',1,'2020-05-09 08:51:27'),(5,4,'ifName','Vl254','37','.1.3.6.1.2.1.31.1.1.1.1.37',1,'2020-05-09 08:51:27'),(5,4,'ifName','Vl230','39','.1.3.6.1.2.1.31.1.1.1.1.39',1,'2020-05-09 08:51:27'),(5,4,'ifName','Gi0/1','4','.1.3.6.1.2.1.31.1.1.1.1.4',1,'2020-05-09 08:51:27'),(5,4,'ifName','Vl239','40','.1.3.6.1.2.1.31.1.1.1.1.40',1,'2020-05-09 08:51:27'),(5,4,'ifName','Vl252','41','.1.3.6.1.2.1.31.1.1.1.1.41',1,'2020-05-09 08:51:27'),(5,4,'ifName','Vl232','44','.1.3.6.1.2.1.31.1.1.1.1.44',1,'2020-05-09 08:51:27'),(5,4,'ifName','Gi0/2','5','.1.3.6.1.2.1.31.1.1.1.1.5',1,'2020-05-09 08:51:27'),(5,4,'ifName','Gi0/3','6','.1.3.6.1.2.1.31.1.1.1.1.6',1,'2020-05-09 08:51:27'),(5,4,'ifName','Nu0','7','.1.3.6.1.2.1.31.1.1.1.1.7',1,'2020-05-09 08:51:27'),(5,4,'ifName','Vl1','8','.1.3.6.1.2.1.31.1.1.1.1.8',1,'2020-05-09 08:51:27'),(5,4,'ifOperStatus','Up','1','.1.3.6.1.2.1.2.2.1.8.1',1,'2020-05-09 08:51:27'),(5,4,'ifOperStatus','Up','10','.1.3.6.1.2.1.2.2.1.8.10',1,'2020-05-09 08:51:27'),(5,4,'ifOperStatus','Up','12','.1.3.6.1.2.1.2.2.1.8.12',1,'2020-05-09 08:51:27'),(5,4,'ifOperStatus','Up','18','.1.3.6.1.2.1.2.2.1.8.18',1,'2020-05-09 08:51:27'),(5,4,'ifOperStatus','Up','2','.1.3.6.1.2.1.2.2.1.8.2',1,'2020-05-09 08:51:27'),(5,4,'ifOperStatus','Down','3','.1.3.6.1.2.1.2.2.1.8.3',1,'2020-05-09 08:51:27'),(5,4,'ifOperStatus','Up','37','.1.3.6.1.2.1.2.2.1.8.37',1,'2020-05-09 08:51:27'),(5,4,'ifOperStatus','Down','39','.1.3.6.1.2.1.2.2.1.8.39',1,'2020-05-09 08:51:27'),(5,4,'ifOperStatus','Up','4','.1.3.6.1.2.1.2.2.1.8.4',1,'2020-05-09 08:51:27'),(5,4,'ifOperStatus','Down','40','.1.3.6.1.2.1.2.2.1.8.40',1,'2020-05-09 08:51:27'),(5,4,'ifOperStatus','Up','41','.1.3.6.1.2.1.2.2.1.8.41',1,'2020-05-09 08:51:27'),(5,4,'ifOperStatus','Down','44','.1.3.6.1.2.1.2.2.1.8.44',1,'2020-05-09 08:51:27'),(5,4,'ifOperStatus','Up','5','.1.3.6.1.2.1.2.2.1.8.5',1,'2020-05-09 08:51:27'),(5,4,'ifOperStatus','Up','6','.1.3.6.1.2.1.2.2.1.8.6',1,'2020-05-09 08:51:27'),(5,4,'ifOperStatus','Up','7','.1.3.6.1.2.1.2.2.1.8.7',1,'2020-05-09 08:51:27'),(5,4,'ifOperStatus','Down','8','.1.3.6.1.2.1.2.2.1.8.8',1,'2020-05-09 08:51:27'),(5,4,'ifSpeed','100000000','1','.1.3.6.1.2.1.2.2.1.5.1',1,'2020-05-09 08:51:27'),(5,4,'ifSpeed','1000000000','10','.1.3.6.1.2.1.2.2.1.5.10',1,'2020-05-09 08:51:27'),(5,4,'ifSpeed','4294967295','12','.1.3.6.1.2.1.2.2.1.5.12',1,'2020-05-09 08:51:27'),(5,4,'ifSpeed','56000','18','.1.3.6.1.2.1.2.2.1.5.18',1,'2020-05-09 08:51:27'),(5,4,'ifSpeed','100000000','2','.1.3.6.1.2.1.2.2.1.5.2',1,'2020-05-09 08:51:27'),(5,4,'ifSpeed','100000000','3','.1.3.6.1.2.1.2.2.1.5.3',1,'2020-05-09 08:51:27'),(5,4,'ifSpeed','1000000000','37','.1.3.6.1.2.1.2.2.1.5.37',1,'2020-05-09 08:51:27'),(5,4,'ifSpeed','1000000000','39','.1.3.6.1.2.1.2.2.1.5.39',1,'2020-05-09 08:51:27'),(5,4,'ifSpeed','1000000000','4','.1.3.6.1.2.1.2.2.1.5.4',1,'2020-05-09 08:51:27'),(5,4,'ifSpeed','1000000000','40','.1.3.6.1.2.1.2.2.1.5.40',1,'2020-05-09 08:51:27'),(5,4,'ifSpeed','1000000000','41','.1.3.6.1.2.1.2.2.1.5.41',1,'2020-05-09 08:51:27'),(5,4,'ifSpeed','1000000000','44','.1.3.6.1.2.1.2.2.1.5.44',1,'2020-05-09 08:51:27'),(5,4,'ifSpeed','1000000000','5','.1.3.6.1.2.1.2.2.1.5.5',1,'2020-05-09 08:51:27'),(5,4,'ifSpeed','100000000','6','.1.3.6.1.2.1.2.2.1.5.6',1,'2020-05-09 08:51:27'),(5,4,'ifSpeed','4294967295','7','.1.3.6.1.2.1.2.2.1.5.7',1,'2020-05-09 08:51:27'),(5,4,'ifSpeed','1000000000','8','.1.3.6.1.2.1.2.2.1.5.8',1,'2020-05-09 08:51:27'),(5,4,'ifType','ethernetCsmacd','1','.1.3.6.1.2.1.2.2.1.3.1',1,'2020-05-09 08:51:27'),(5,4,'ifType','propVirtual','10','.1.3.6.1.2.1.2.2.1.3.10',1,'2020-05-09 08:51:27'),(5,4,'ifType','softwareLoopback','12','.1.3.6.1.2.1.2.2.1.3.12',1,'2020-05-09 08:51:27'),(5,4,'ifType','other','18','.1.3.6.1.2.1.2.2.1.3.18',1,'2020-05-09 08:51:27'),(5,4,'ifType','ethernetCsmacd','2','.1.3.6.1.2.1.2.2.1.3.2',1,'2020-05-09 08:51:27'),(5,4,'ifType','ethernetCsmacd','3','.1.3.6.1.2.1.2.2.1.3.3',1,'2020-05-09 08:51:27'),(5,4,'ifType','propVirtual','37','.1.3.6.1.2.1.2.2.1.3.37',1,'2020-05-09 08:51:27'),(5,4,'ifType','propVirtual','39','.1.3.6.1.2.1.2.2.1.3.39',1,'2020-05-09 08:51:27'),(5,4,'ifType','ethernetCsmacd','4','.1.3.6.1.2.1.2.2.1.3.4',1,'2020-05-09 08:51:27'),(5,4,'ifType','propVirtual','40','.1.3.6.1.2.1.2.2.1.3.40',1,'2020-05-09 08:51:27'),(5,4,'ifType','propVirtual','41','.1.3.6.1.2.1.2.2.1.3.41',1,'2020-05-09 08:51:27'),(5,4,'ifType','propVirtual','44','.1.3.6.1.2.1.2.2.1.3.44',1,'2020-05-09 08:51:27'),(5,4,'ifType','ethernetCsmacd','5','.1.3.6.1.2.1.2.2.1.3.5',1,'2020-05-09 08:51:27'),(5,4,'ifType','ethernetCsmacd','6','.1.3.6.1.2.1.2.2.1.3.6',1,'2020-05-09 08:51:27'),(5,4,'ifType','other','7','.1.3.6.1.2.1.2.2.1.3.7',1,'2020-05-09 08:51:27'),(5,4,'ifType','propVirtual','8','.1.3.6.1.2.1.2.2.1.3.8',1,'2020-05-09 08:51:27'),(6,4,'ifAdminStatus','Down','1','.1.3.6.1.2.1.2.2.1.7.1',1,'2020-05-09 08:52:23'),(6,4,'ifAdminStatus','Up','101020011','.1.3.6.1.2.1.2.2.1.7.101020011',1,'2020-05-09 08:52:23'),(6,4,'ifAdminStatus','Up','101020016','.1.3.6.1.2.1.2.2.1.7.101020016',1,'2020-05-09 08:52:23'),(6,4,'ifAdminStatus','Up','101020252','.1.3.6.1.2.1.2.2.1.7.101020252',1,'2020-05-09 08:52:23'),(6,4,'ifAdminStatus','Up','101024011','.1.3.6.1.2.1.2.2.1.7.101024011',1,'2020-05-09 08:52:23'),(6,4,'ifAdminStatus','Up','101024016','.1.3.6.1.2.1.2.2.1.7.101024016',1,'2020-05-09 08:52:23'),(6,4,'ifAdminStatus','Down','2','.1.3.6.1.2.1.2.2.1.7.2',1,'2020-05-09 08:52:23'),(6,4,'ifAdminStatus','Up','200000000','.1.3.6.1.2.1.2.2.1.7.200000000',1,'2020-05-09 08:52:23'),(6,4,'ifAdminStatus','Up','3','.1.3.6.1.2.1.2.2.1.7.3',1,'2020-05-09 08:52:23'),(6,4,'ifAdminStatus','Up','300000000','.1.3.6.1.2.1.2.2.1.7.300000000',1,'2020-05-09 08:52:23'),(6,4,'ifAdminStatus','Up','300000001','.1.3.6.1.2.1.2.2.1.7.300000001',1,'2020-05-09 08:52:23'),(6,4,'ifAdminStatus','Up','300000044','.1.3.6.1.2.1.2.2.1.7.300000044',1,'2020-05-09 08:52:23'),(6,4,'ifAdminStatus','Up','300000064','.1.3.6.1.2.1.2.2.1.7.300000064',1,'2020-05-09 08:52:23'),(6,4,'ifAdminStatus','Up','4','.1.3.6.1.2.1.2.2.1.7.4',1,'2020-05-09 08:52:23'),(6,4,'ifAdminStatus','Up','400000000','.1.3.6.1.2.1.2.2.1.7.400000000',1,'2020-05-09 08:52:23'),(6,4,'ifAdminStatus','Up','400000200','.1.3.6.1.2.1.2.2.1.7.400000200',1,'2020-05-09 08:52:23'),(6,4,'ifAdminStatus','Up','400000206','.1.3.6.1.2.1.2.2.1.7.400000206',1,'2020-05-09 08:52:23'),(6,4,'ifAdminStatus','Up','400000210','.1.3.6.1.2.1.2.2.1.7.400000210',1,'2020-05-09 08:52:23'),(6,4,'ifAdminStatus','Up','400000216','.1.3.6.1.2.1.2.2.1.7.400000216',1,'2020-05-09 08:52:23'),(6,4,'ifAdminStatus','Up','400002255','.1.3.6.1.2.1.2.2.1.7.400002255',1,'2020-05-09 08:52:23'),(6,4,'ifAdminStatus','Up','5','.1.3.6.1.2.1.2.2.1.7.5',1,'2020-05-09 08:52:23'),(6,4,'ifAdminStatus','Down','6','.1.3.6.1.2.1.2.2.1.7.6',1,'2020-05-09 08:52:23'),(6,4,'ifAdminStatus','Down','7','.1.3.6.1.2.1.2.2.1.7.7',1,'2020-05-09 08:52:23'),(6,4,'ifAlias','','1','.1.3.6.1.2.1.31.1.1.1.18.1',1,'2020-05-09 08:52:23'),(6,4,'ifAlias','wlc_zTrust_v4_v6','101020011','.1.3.6.1.2.1.31.1.1.1.18.101020011',1,'2020-05-09 08:52:23'),(6,4,'ifAlias','wlc_zTrust_v6','101020016','.1.3.6.1.2.1.31.1.1.1.18.101020016',1,'2020-05-09 08:52:23'),(6,4,'ifAlias','Rdc01 Routing Interface','101020252','.1.3.6.1.2.1.31.1.1.1.18.101020252',1,'2020-05-09 08:52:23'),(6,4,'ifAlias','wlc_zGuest_v4_v6','101024011','.1.3.6.1.2.1.31.1.1.1.18.101024011',1,'2020-05-09 08:52:23'),(6,4,'ifAlias','wlc_zGuest_v6','101024016','.1.3.6.1.2.1.31.1.1.1.18.101024016',1,'2020-05-09 08:52:23'),(6,4,'ifAlias','','2','.1.3.6.1.2.1.31.1.1.1.18.2',1,'2020-05-09 08:52:23'),(6,4,'ifAlias','','200000000','.1.3.6.1.2.1.31.1.1.1.18.200000000',1,'2020-05-09 08:52:23'),(6,4,'ifAlias','','3','.1.3.6.1.2.1.31.1.1.1.18.3',1,'2020-05-09 08:52:23'),(6,4,'ifAlias','','300000000','.1.3.6.1.2.1.31.1.1.1.18.300000000',1,'2020-05-09 08:52:23'),(6,4,'ifAlias','Untrust ipsec interface','300000001','.1.3.6.1.2.1.31.1.1.1.18.300000001',1,'2020-05-09 08:52:23'),(6,4,'ifAlias','NAT44_for_internet','300000044','.1.3.6.1.2.1.31.1.1.1.18.300000044',1,'2020-05-09 08:52:23'),(6,4,'ifAlias','NAT64_for_Internet','300000064','.1.3.6.1.2.1.31.1.1.1.18.300000064',1,'2020-05-09 08:52:23'),(6,4,'ifAlias','Untrust','4','.1.3.6.1.2.1.31.1.1.1.18.4',1,'2020-05-09 08:52:23'),(6,4,'ifAlias','','400000000','.1.3.6.1.2.1.31.1.1.1.18.400000000',1,'2020-05-09 08:52:23'),(6,4,'ifAlias','','400000200','.1.3.6.1.2.1.31.1.1.1.18.400000200',1,'2020-05-09 08:52:23'),(6,4,'ifAlias','','400000206','.1.3.6.1.2.1.31.1.1.1.18.400000206',1,'2020-05-09 08:52:23'),(6,4,'ifAlias','','400000210','.1.3.6.1.2.1.31.1.1.1.18.400000210',1,'2020-05-09 08:52:23'),(6,4,'ifAlias','','400000216','.1.3.6.1.2.1.31.1.1.1.18.400000216',1,'2020-05-09 08:52:23'),(6,4,'ifAlias','GlobalProtect','400002255','.1.3.6.1.2.1.31.1.1.1.18.400002255',1,'2020-05-09 08:52:23'),(6,4,'ifAlias','Trust','5','.1.3.6.1.2.1.31.1.1.1.18.5',1,'2020-05-09 08:52:23'),(6,4,'ifAlias','','6','.1.3.6.1.2.1.31.1.1.1.18.6',1,'2020-05-09 08:52:23'),(6,4,'ifAlias','','7','.1.3.6.1.2.1.31.1.1.1.18.7',1,'2020-05-09 08:52:23'),(6,4,'ifDescr','ha1','1','.1.3.6.1.2.1.2.2.1.2.1',1,'2020-05-09 08:52:23'),(6,4,'ifDescr','ethernet1/2.11','101020011','.1.3.6.1.2.1.2.2.1.2.101020011',1,'2020-05-09 08:52:23'),(6,4,'ifDescr','ethernet1/2.16','101020016','.1.3.6.1.2.1.2.2.1.2.101020016',1,'2020-05-09 08:52:23'),(6,4,'ifDescr','ethernet1/2.252','101020252','.1.3.6.1.2.1.2.2.1.2.101020252',1,'2020-05-09 08:52:23'),(6,4,'ifDescr','ethernet1/2.4011','101024011','.1.3.6.1.2.1.2.2.1.2.101024011',1,'2020-05-09 08:52:23'),(6,4,'ifDescr','ethernet1/2.4016','101024016','.1.3.6.1.2.1.2.2.1.2.101024016',1,'2020-05-09 08:52:23'),(6,4,'ifDescr','ha2','2','.1.3.6.1.2.1.2.2.1.2.2',1,'2020-05-09 08:52:23'),(6,4,'ifDescr','vlan','200000000','.1.3.6.1.2.1.2.2.1.2.200000000',1,'2020-05-09 08:52:23'),(6,4,'ifDescr','mgmt','3','.1.3.6.1.2.1.2.2.1.2.3',1,'2020-05-09 08:52:23'),(6,4,'ifDescr','loopback','300000000','.1.3.6.1.2.1.2.2.1.2.300000000',1,'2020-05-09 08:52:23'),(6,4,'ifDescr','loopback.1','300000001','.1.3.6.1.2.1.2.2.1.2.300000001',1,'2020-05-09 08:52:23'),(6,4,'ifDescr','loopback.44','300000044','.1.3.6.1.2.1.2.2.1.2.300000044',1,'2020-05-09 08:52:23'),(6,4,'ifDescr','loopback.64','300000064','.1.3.6.1.2.1.2.2.1.2.300000064',1,'2020-05-09 08:52:23'),(6,4,'ifDescr','ethernet1/1','4','.1.3.6.1.2.1.2.2.1.2.4',1,'2020-05-09 08:52:23'),(6,4,'ifDescr','tunnel','400000000','.1.3.6.1.2.1.2.2.1.2.400000000',1,'2020-05-09 08:52:23'),(6,4,'ifDescr','tunnel.200','400000200','.1.3.6.1.2.1.2.2.1.2.400000200',1,'2020-05-09 08:52:23'),(6,4,'ifDescr','tunnel.206','400000206','.1.3.6.1.2.1.2.2.1.2.400000206',1,'2020-05-09 08:52:23'),(6,4,'ifDescr','tunnel.210','400000210','.1.3.6.1.2.1.2.2.1.2.400000210',1,'2020-05-09 08:52:23'),(6,4,'ifDescr','tunnel.216','400000216','.1.3.6.1.2.1.2.2.1.2.400000216',1,'2020-05-09 08:52:23'),(6,4,'ifDescr','tunnel.2255','400002255','.1.3.6.1.2.1.2.2.1.2.400002255',1,'2020-05-09 08:52:23'),(6,4,'ifDescr','ethernet1/2','5','.1.3.6.1.2.1.2.2.1.2.5',1,'2020-05-09 08:52:23'),(6,4,'ifDescr','ethernet1/3','6','.1.3.6.1.2.1.2.2.1.2.6',1,'2020-05-09 08:52:23'),(6,4,'ifDescr','ethernet1/4','7','.1.3.6.1.2.1.2.2.1.2.7',1,'2020-05-09 08:52:23'),(6,4,'ifHighSpeed','1000','1','.1.3.6.1.2.1.31.1.1.1.15.1',1,'2020-05-09 08:52:23'),(6,4,'ifHighSpeed','0','101020011','.1.3.6.1.2.1.31.1.1.1.15.101020011',1,'2020-05-09 08:52:23'),(6,4,'ifHighSpeed','0','101020016','.1.3.6.1.2.1.31.1.1.1.15.101020016',1,'2020-05-09 08:52:23'),(6,4,'ifHighSpeed','0','101020252','.1.3.6.1.2.1.31.1.1.1.15.101020252',1,'2020-05-09 08:52:23'),(6,4,'ifHighSpeed','0','101024011','.1.3.6.1.2.1.31.1.1.1.15.101024011',1,'2020-05-09 08:52:23'),(6,4,'ifHighSpeed','0','101024016','.1.3.6.1.2.1.31.1.1.1.15.101024016',1,'2020-05-09 08:52:23'),(6,4,'ifHighSpeed','1000','2','.1.3.6.1.2.1.31.1.1.1.15.2',1,'2020-05-09 08:52:23'),(6,4,'ifHighSpeed','0','200000000','.1.3.6.1.2.1.31.1.1.1.15.200000000',1,'2020-05-09 08:52:23'),(6,4,'ifHighSpeed','100','3','.1.3.6.1.2.1.31.1.1.1.15.3',1,'2020-05-09 08:52:23'),(6,4,'ifHighSpeed','0','300000000','.1.3.6.1.2.1.31.1.1.1.15.300000000',1,'2020-05-09 08:52:23'),(6,4,'ifHighSpeed','0','300000001','.1.3.6.1.2.1.31.1.1.1.15.300000001',1,'2020-05-09 08:52:23'),(6,4,'ifHighSpeed','0','300000044','.1.3.6.1.2.1.31.1.1.1.15.300000044',1,'2020-05-09 08:52:23'),(6,4,'ifHighSpeed','0','300000064','.1.3.6.1.2.1.31.1.1.1.15.300000064',1,'2020-05-09 08:52:23'),(6,4,'ifHighSpeed','1000','4','.1.3.6.1.2.1.31.1.1.1.15.4',1,'2020-05-09 08:52:23'),(6,4,'ifHighSpeed','0','400000000','.1.3.6.1.2.1.31.1.1.1.15.400000000',1,'2020-05-09 08:52:23'),(6,4,'ifHighSpeed','0','400000200','.1.3.6.1.2.1.31.1.1.1.15.400000200',1,'2020-05-09 08:52:23'),(6,4,'ifHighSpeed','0','400000206','.1.3.6.1.2.1.31.1.1.1.15.400000206',1,'2020-05-09 08:52:23'),(6,4,'ifHighSpeed','0','400000210','.1.3.6.1.2.1.31.1.1.1.15.400000210',1,'2020-05-09 08:52:23'),(6,4,'ifHighSpeed','0','400000216','.1.3.6.1.2.1.31.1.1.1.15.400000216',1,'2020-05-09 08:52:23'),(6,4,'ifHighSpeed','0','400002255','.1.3.6.1.2.1.31.1.1.1.15.400002255',1,'2020-05-09 08:52:23'),(6,4,'ifHighSpeed','1000','5','.1.3.6.1.2.1.31.1.1.1.15.5',1,'2020-05-09 08:52:23'),(6,4,'ifHighSpeed','1000','6','.1.3.6.1.2.1.31.1.1.1.15.6',1,'2020-05-09 08:52:23'),(6,4,'ifHighSpeed','1000','7','.1.3.6.1.2.1.31.1.1.1.15.7',1,'2020-05-09 08:52:23'),(6,4,'ifHwAddr','','1','.1.3.6.1.2.1.2.2.1.6.1',1,'2020-05-09 08:52:23'),(6,4,'ifHwAddr','','101020011','.1.3.6.1.2.1.2.2.1.6.101020011',1,'2020-05-09 08:52:23'),(6,4,'ifHwAddr','','101020016','.1.3.6.1.2.1.2.2.1.6.101020016',1,'2020-05-09 08:52:23'),(6,4,'ifHwAddr','','101020252','.1.3.6.1.2.1.2.2.1.6.101020252',1,'2020-05-09 08:52:23'),(6,4,'ifHwAddr','','101024011','.1.3.6.1.2.1.2.2.1.6.101024011',1,'2020-05-09 08:52:23'),(6,4,'ifHwAddr','','101024016','.1.3.6.1.2.1.2.2.1.6.101024016',1,'2020-05-09 08:52:23'),(6,4,'ifHwAddr','','2','.1.3.6.1.2.1.2.2.1.6.2',1,'2020-05-09 08:52:23'),(6,4,'ifHwAddr','','200000000','.1.3.6.1.2.1.2.2.1.6.200000000',1,'2020-05-09 08:52:23'),(6,4,'ifHwAddr','b4:c:25:f:df:0','3','.1.3.6.1.2.1.2.2.1.6.3',1,'2020-05-09 08:52:23'),(6,4,'ifHwAddr','','300000000','.1.3.6.1.2.1.2.2.1.6.300000000',1,'2020-05-09 08:52:23'),(6,4,'ifHwAddr','','300000001','.1.3.6.1.2.1.2.2.1.6.300000001',1,'2020-05-09 08:52:23'),(6,4,'ifHwAddr','','300000044','.1.3.6.1.2.1.2.2.1.6.300000044',1,'2020-05-09 08:52:23'),(6,4,'ifHwAddr','','300000064','.1.3.6.1.2.1.2.2.1.6.300000064',1,'2020-05-09 08:52:23'),(6,4,'ifHwAddr','b4:c:25:f:df:10','4','.1.3.6.1.2.1.2.2.1.6.4',1,'2020-05-09 08:52:23'),(6,4,'ifHwAddr','','400000000','.1.3.6.1.2.1.2.2.1.6.400000000',1,'2020-05-09 08:52:23'),(6,4,'ifHwAddr','','400000200','.1.3.6.1.2.1.2.2.1.6.400000200',1,'2020-05-09 08:52:23'),(6,4,'ifHwAddr','','400000206','.1.3.6.1.2.1.2.2.1.6.400000206',1,'2020-05-09 08:52:23'),(6,4,'ifHwAddr','','400000210','.1.3.6.1.2.1.2.2.1.6.400000210',1,'2020-05-09 08:52:23'),(6,4,'ifHwAddr','','400000216','.1.3.6.1.2.1.2.2.1.6.400000216',1,'2020-05-09 08:52:23'),(6,4,'ifHwAddr','','400002255','.1.3.6.1.2.1.2.2.1.6.400002255',1,'2020-05-09 08:52:23'),(6,4,'ifHwAddr','b4:c:25:f:df:11','5','.1.3.6.1.2.1.2.2.1.6.5',1,'2020-05-09 08:52:23'),(6,4,'ifHwAddr','','6','.1.3.6.1.2.1.2.2.1.6.6',1,'2020-05-09 08:52:23'),(6,4,'ifHwAddr','','7','.1.3.6.1.2.1.2.2.1.6.7',1,'2020-05-09 08:52:23'),(6,4,'ifIndex','1','1','.1.3.6.1.2.1.2.2.1.1.1',1,'2020-05-09 08:52:23'),(6,4,'ifIndex','101020011','101020011','.1.3.6.1.2.1.2.2.1.1.101020011',1,'2020-05-09 08:52:23'),(6,4,'ifIndex','101020016','101020016','.1.3.6.1.2.1.2.2.1.1.101020016',1,'2020-05-09 08:52:23'),(6,4,'ifIndex','101020252','101020252','.1.3.6.1.2.1.2.2.1.1.101020252',1,'2020-05-09 08:52:23'),(6,4,'ifIndex','101024011','101024011','.1.3.6.1.2.1.2.2.1.1.101024011',1,'2020-05-09 08:52:23'),(6,4,'ifIndex','101024016','101024016','.1.3.6.1.2.1.2.2.1.1.101024016',1,'2020-05-09 08:52:23'),(6,4,'ifIndex','2','2','.1.3.6.1.2.1.2.2.1.1.2',1,'2020-05-09 08:52:23'),(6,4,'ifIndex','200000000','200000000','.1.3.6.1.2.1.2.2.1.1.200000000',1,'2020-05-09 08:52:23'),(6,4,'ifIndex','3','3','.1.3.6.1.2.1.2.2.1.1.3',1,'2020-05-09 08:52:23'),(6,4,'ifIndex','300000000','300000000','.1.3.6.1.2.1.2.2.1.1.300000000',1,'2020-05-09 08:52:23'),(6,4,'ifIndex','300000001','300000001','.1.3.6.1.2.1.2.2.1.1.300000001',1,'2020-05-09 08:52:23'),(6,4,'ifIndex','300000044','300000044','.1.3.6.1.2.1.2.2.1.1.300000044',1,'2020-05-09 08:52:23'),(6,4,'ifIndex','300000064','300000064','.1.3.6.1.2.1.2.2.1.1.300000064',1,'2020-05-09 08:52:23'),(6,4,'ifIndex','4','4','.1.3.6.1.2.1.2.2.1.1.4',1,'2020-05-09 08:52:23'),(6,4,'ifIndex','400000000','400000000','.1.3.6.1.2.1.2.2.1.1.400000000',1,'2020-05-09 08:52:23'),(6,4,'ifIndex','400000200','400000200','.1.3.6.1.2.1.2.2.1.1.400000200',1,'2020-05-09 08:52:23'),(6,4,'ifIndex','400000206','400000206','.1.3.6.1.2.1.2.2.1.1.400000206',1,'2020-05-09 08:52:23'),(6,4,'ifIndex','400000210','400000210','.1.3.6.1.2.1.2.2.1.1.400000210',1,'2020-05-09 08:52:23'),(6,4,'ifIndex','400000216','400000216','.1.3.6.1.2.1.2.2.1.1.400000216',1,'2020-05-09 08:52:23'),(6,4,'ifIndex','400002255','400002255','.1.3.6.1.2.1.2.2.1.1.400002255',1,'2020-05-09 08:52:23'),(6,4,'ifIndex','5','5','.1.3.6.1.2.1.2.2.1.1.5',1,'2020-05-09 08:52:23'),(6,4,'ifIndex','6','6','.1.3.6.1.2.1.2.2.1.1.6',1,'2020-05-09 08:52:23'),(6,4,'ifIndex','7','7','.1.3.6.1.2.1.2.2.1.1.7',1,'2020-05-09 08:52:23'),(6,4,'ifName','ha1','1','.1.3.6.1.2.1.31.1.1.1.1.1',1,'2020-05-09 08:52:23'),(6,4,'ifName','ethernet1/2.11','101020011','.1.3.6.1.2.1.31.1.1.1.1.101020011',1,'2020-05-09 08:52:23'),(6,4,'ifName','ethernet1/2.16','101020016','.1.3.6.1.2.1.31.1.1.1.1.101020016',1,'2020-05-09 08:52:23'),(6,4,'ifName','ethernet1/2.252','101020252','.1.3.6.1.2.1.31.1.1.1.1.101020252',1,'2020-05-09 08:52:23'),(6,4,'ifName','ethernet1/2.4011','101024011','.1.3.6.1.2.1.31.1.1.1.1.101024011',1,'2020-05-09 08:52:23'),(6,4,'ifName','ethernet1/2.4016','101024016','.1.3.6.1.2.1.31.1.1.1.1.101024016',1,'2020-05-09 08:52:23'),(6,4,'ifName','ha2','2','.1.3.6.1.2.1.31.1.1.1.1.2',1,'2020-05-09 08:52:23'),(6,4,'ifName','vlan','200000000','.1.3.6.1.2.1.31.1.1.1.1.200000000',1,'2020-05-09 08:52:23'),(6,4,'ifName','mgmt','3','.1.3.6.1.2.1.31.1.1.1.1.3',1,'2020-05-09 08:52:23'),(6,4,'ifName','loopback','300000000','.1.3.6.1.2.1.31.1.1.1.1.300000000',1,'2020-05-09 08:52:23'),(6,4,'ifName','loopback.1','300000001','.1.3.6.1.2.1.31.1.1.1.1.300000001',1,'2020-05-09 08:52:23'),(6,4,'ifName','loopback.44','300000044','.1.3.6.1.2.1.31.1.1.1.1.300000044',1,'2020-05-09 08:52:23'),(6,4,'ifName','loopback.64','300000064','.1.3.6.1.2.1.31.1.1.1.1.300000064',1,'2020-05-09 08:52:23'),(6,4,'ifName','ethernet1/1','4','.1.3.6.1.2.1.31.1.1.1.1.4',1,'2020-05-09 08:52:23'),(6,4,'ifName','tunnel','400000000','.1.3.6.1.2.1.31.1.1.1.1.400000000',1,'2020-05-09 08:52:23'),(6,4,'ifName','tunnel.200','400000200','.1.3.6.1.2.1.31.1.1.1.1.400000200',1,'2020-05-09 08:52:23'),(6,4,'ifName','tunnel.206','400000206','.1.3.6.1.2.1.31.1.1.1.1.400000206',1,'2020-05-09 08:52:23'),(6,4,'ifName','tunnel.210','400000210','.1.3.6.1.2.1.31.1.1.1.1.400000210',1,'2020-05-09 08:52:23'),(6,4,'ifName','tunnel.216','400000216','.1.3.6.1.2.1.31.1.1.1.1.400000216',1,'2020-05-09 08:52:23'),(6,4,'ifName','tunnel.2255','400002255','.1.3.6.1.2.1.31.1.1.1.1.400002255',1,'2020-05-09 08:52:23'),(6,4,'ifName','ethernet1/2','5','.1.3.6.1.2.1.31.1.1.1.1.5',1,'2020-05-09 08:52:23'),(6,4,'ifName','ethernet1/3','6','.1.3.6.1.2.1.31.1.1.1.1.6',1,'2020-05-09 08:52:23'),(6,4,'ifName','ethernet1/4','7','.1.3.6.1.2.1.31.1.1.1.1.7',1,'2020-05-09 08:52:23'),(6,4,'ifOperStatus','Down','1','.1.3.6.1.2.1.2.2.1.8.1',1,'2020-05-09 08:52:23'),(6,4,'ifOperStatus','Up','101020011','.1.3.6.1.2.1.2.2.1.8.101020011',1,'2020-05-09 08:52:23'),(6,4,'ifOperStatus','Up','101020016','.1.3.6.1.2.1.2.2.1.8.101020016',1,'2020-05-09 08:52:23'),(6,4,'ifOperStatus','Up','101020252','.1.3.6.1.2.1.2.2.1.8.101020252',1,'2020-05-09 08:52:23'),(6,4,'ifOperStatus','Up','101024011','.1.3.6.1.2.1.2.2.1.8.101024011',1,'2020-05-09 08:52:23'),(6,4,'ifOperStatus','Up','101024016','.1.3.6.1.2.1.2.2.1.8.101024016',1,'2020-05-09 08:52:23'),(6,4,'ifOperStatus','Down','2','.1.3.6.1.2.1.2.2.1.8.2',1,'2020-05-09 08:52:23'),(6,4,'ifOperStatus','Up','200000000','.1.3.6.1.2.1.2.2.1.8.200000000',1,'2020-05-09 08:52:23'),(6,4,'ifOperStatus','Up','3','.1.3.6.1.2.1.2.2.1.8.3',1,'2020-05-09 08:52:23'),(6,4,'ifOperStatus','Up','300000000','.1.3.6.1.2.1.2.2.1.8.300000000',1,'2020-05-09 08:52:23'),(6,4,'ifOperStatus','Up','300000001','.1.3.6.1.2.1.2.2.1.8.300000001',1,'2020-05-09 08:52:23'),(6,4,'ifOperStatus','Up','300000044','.1.3.6.1.2.1.2.2.1.8.300000044',1,'2020-05-09 08:52:23'),(6,4,'ifOperStatus','Up','300000064','.1.3.6.1.2.1.2.2.1.8.300000064',1,'2020-05-09 08:52:23'),(6,4,'ifOperStatus','Up','4','.1.3.6.1.2.1.2.2.1.8.4',1,'2020-05-09 08:52:23'),(6,4,'ifOperStatus','Up','400000000','.1.3.6.1.2.1.2.2.1.8.400000000',1,'2020-05-09 08:52:23'),(6,4,'ifOperStatus','Up','400000200','.1.3.6.1.2.1.2.2.1.8.400000200',1,'2020-05-09 08:52:23'),(6,4,'ifOperStatus','Up','400000206','.1.3.6.1.2.1.2.2.1.8.400000206',1,'2020-05-09 08:52:23'),(6,4,'ifOperStatus','Up','400000210','.1.3.6.1.2.1.2.2.1.8.400000210',1,'2020-05-09 08:52:23'),(6,4,'ifOperStatus','Up','400000216','.1.3.6.1.2.1.2.2.1.8.400000216',1,'2020-05-09 08:52:23'),(6,4,'ifOperStatus','Up','400002255','.1.3.6.1.2.1.2.2.1.8.400002255',1,'2020-05-09 08:52:23'),(6,4,'ifOperStatus','Up','5','.1.3.6.1.2.1.2.2.1.8.5',1,'2020-05-09 08:52:23'),(6,4,'ifOperStatus','Down','6','.1.3.6.1.2.1.2.2.1.8.6',1,'2020-05-09 08:52:23'),(6,4,'ifOperStatus','Down','7','.1.3.6.1.2.1.2.2.1.8.7',1,'2020-05-09 08:52:23'),(6,4,'ifSpeed','1000000000','1','.1.3.6.1.2.1.2.2.1.5.1',1,'2020-05-09 08:52:23'),(6,4,'ifSpeed','1000000000','101020011','.1.3.6.1.2.1.2.2.1.5.101020011',1,'2020-05-09 08:52:23'),(6,4,'ifSpeed','1000000000','101020016','.1.3.6.1.2.1.2.2.1.5.101020016',1,'2020-05-09 08:52:23'),(6,4,'ifSpeed','1000000000','101020252','.1.3.6.1.2.1.2.2.1.5.101020252',1,'2020-05-09 08:52:23'),(6,4,'ifSpeed','1000000000','101024011','.1.3.6.1.2.1.2.2.1.5.101024011',1,'2020-05-09 08:52:23'),(6,4,'ifSpeed','1000000000','101024016','.1.3.6.1.2.1.2.2.1.5.101024016',1,'2020-05-09 08:52:23'),(6,4,'ifSpeed','1000000000','2','.1.3.6.1.2.1.2.2.1.5.2',1,'2020-05-09 08:52:23'),(6,4,'ifSpeed','0','200000000','.1.3.6.1.2.1.2.2.1.5.200000000',1,'2020-05-09 08:52:23'),(6,4,'ifSpeed','100000000','3','.1.3.6.1.2.1.2.2.1.5.3',1,'2020-05-09 08:52:23'),(6,4,'ifSpeed','0','300000000','.1.3.6.1.2.1.2.2.1.5.300000000',1,'2020-05-09 08:52:23'),(6,4,'ifSpeed','0','300000001','.1.3.6.1.2.1.2.2.1.5.300000001',1,'2020-05-09 08:52:23'),(6,4,'ifSpeed','0','300000044','.1.3.6.1.2.1.2.2.1.5.300000044',1,'2020-05-09 08:52:23'),(6,4,'ifSpeed','0','300000064','.1.3.6.1.2.1.2.2.1.5.300000064',1,'2020-05-09 08:52:23'),(6,4,'ifSpeed','1000000000','4','.1.3.6.1.2.1.2.2.1.5.4',1,'2020-05-09 08:52:23'),(6,4,'ifSpeed','0','400000000','.1.3.6.1.2.1.2.2.1.5.400000000',1,'2020-05-09 08:52:23'),(6,4,'ifSpeed','0','400000200','.1.3.6.1.2.1.2.2.1.5.400000200',1,'2020-05-09 08:52:23'),(6,4,'ifSpeed','0','400000206','.1.3.6.1.2.1.2.2.1.5.400000206',1,'2020-05-09 08:52:23'),(6,4,'ifSpeed','0','400000210','.1.3.6.1.2.1.2.2.1.5.400000210',1,'2020-05-09 08:52:23'),(6,4,'ifSpeed','0','400000216','.1.3.6.1.2.1.2.2.1.5.400000216',1,'2020-05-09 08:52:23'),(6,4,'ifSpeed','0','400002255','.1.3.6.1.2.1.2.2.1.5.400002255',1,'2020-05-09 08:52:23'),(6,4,'ifSpeed','1000000000','5','.1.3.6.1.2.1.2.2.1.5.5',1,'2020-05-09 08:52:23'),(6,4,'ifSpeed','1000000000','6','.1.3.6.1.2.1.2.2.1.5.6',1,'2020-05-09 08:52:23'),(6,4,'ifSpeed','1000000000','7','.1.3.6.1.2.1.2.2.1.5.7',1,'2020-05-09 08:52:23'),(6,4,'ifType','ethernetCsmacd','1','.1.3.6.1.2.1.2.2.1.3.1',1,'2020-05-09 08:52:23'),(6,4,'ifType','l3ipvlan','101020011','.1.3.6.1.2.1.2.2.1.3.101020011',1,'2020-05-09 08:52:23'),(6,4,'ifType','l3ipvlan','101020016','.1.3.6.1.2.1.2.2.1.3.101020016',1,'2020-05-09 08:52:23'),(6,4,'ifType','l3ipvlan','101020252','.1.3.6.1.2.1.2.2.1.3.101020252',1,'2020-05-09 08:52:23'),(6,4,'ifType','l3ipvlan','101024011','.1.3.6.1.2.1.2.2.1.3.101024011',1,'2020-05-09 08:52:23'),(6,4,'ifType','l3ipvlan','101024016','.1.3.6.1.2.1.2.2.1.3.101024016',1,'2020-05-09 08:52:23'),(6,4,'ifType','ethernetCsmacd','2','.1.3.6.1.2.1.2.2.1.3.2',1,'2020-05-09 08:52:23'),(6,4,'ifType','l2vlan','200000000','.1.3.6.1.2.1.2.2.1.3.200000000',1,'2020-05-09 08:52:23'),(6,4,'ifType','ethernetCsmacd','3','.1.3.6.1.2.1.2.2.1.3.3',1,'2020-05-09 08:52:23'),(6,4,'ifType','softwareLoopback','300000000','.1.3.6.1.2.1.2.2.1.3.300000000',1,'2020-05-09 08:52:23'),(6,4,'ifType','softwareLoopback','300000001','.1.3.6.1.2.1.2.2.1.3.300000001',1,'2020-05-09 08:52:23'),(6,4,'ifType','softwareLoopback','300000044','.1.3.6.1.2.1.2.2.1.3.300000044',1,'2020-05-09 08:52:23'),(6,4,'ifType','softwareLoopback','300000064','.1.3.6.1.2.1.2.2.1.3.300000064',1,'2020-05-09 08:52:23'),(6,4,'ifType','ethernetCsmacd','4','.1.3.6.1.2.1.2.2.1.3.4',1,'2020-05-09 08:52:23'),(6,4,'ifType','tunnel','400000000','.1.3.6.1.2.1.2.2.1.3.400000000',1,'2020-05-09 08:52:23'),(6,4,'ifType','tunnel','400000200','.1.3.6.1.2.1.2.2.1.3.400000200',1,'2020-05-09 08:52:23'),(6,4,'ifType','tunnel','400000206','.1.3.6.1.2.1.2.2.1.3.400000206',1,'2020-05-09 08:52:23'),(6,4,'ifType','tunnel','400000210','.1.3.6.1.2.1.2.2.1.3.400000210',1,'2020-05-09 08:52:23'),(6,4,'ifType','tunnel','400000216','.1.3.6.1.2.1.2.2.1.3.400000216',1,'2020-05-09 08:52:23'),(6,4,'ifType','tunnel','400002255','.1.3.6.1.2.1.2.2.1.3.400002255',1,'2020-05-09 08:52:23'),(6,4,'ifType','ethernetCsmacd','5','.1.3.6.1.2.1.2.2.1.3.5',1,'2020-05-09 08:52:23'),(6,4,'ifType','ethernetCsmacd','6','.1.3.6.1.2.1.2.2.1.3.6',1,'2020-05-09 08:52:23'),(6,4,'ifType','ethernetCsmacd','7','.1.3.6.1.2.1.2.2.1.3.7',1,'2020-05-09 08:52:23'),(6,7,'hrStorageAllocationUnits','128','1010','',1,'2020-05-09 08:52:24'),(6,7,'hrStorageAllocationUnits','2048','1011','',1,'2020-05-09 08:52:24'),(6,7,'hrStorageAllocationUnits','4561','1012','',1,'2020-05-09 08:52:24'),(6,7,'hrStorageAllocationUnits','1024','1020','',1,'2020-05-09 08:52:24'),(6,7,'hrStorageAllocationUnits','1024','1030','',1,'2020-05-09 08:52:24'),(6,7,'hrStorageAllocationUnits','1024','1040','',1,'2020-05-09 08:52:24'),(6,7,'hrStorageAllocationUnits','1024','1041','',1,'2020-05-09 08:52:24'),(6,7,'hrStorageAllocationUnits','1024','1043','',1,'2020-05-09 08:52:24'),(6,7,'hrStorageDescr','Slot-1 Data Processor-0 Packet Descriptors','1010','',1,'2020-05-09 08:52:24'),(6,7,'hrStorageDescr','Slot-1 Data Processor-0 Hardware Packet Buffers','1011','',1,'2020-05-09 08:52:24'),(6,7,'hrStorageDescr','Slot-1 Data Processor-0 Software Packet Buffers','1012','',1,'2020-05-09 08:52:24'),(6,7,'hrStorageDescr','Slot-1 Management Memory','1020','',1,'2020-05-09 08:52:24'),(6,7,'hrStorageDescr','Slot-1 Management Swap','1030','',1,'2020-05-09 08:52:24'),(6,7,'hrStorageDescr','Slot-1 Management Config Partition','1040','',1,'2020-05-09 08:52:24'),(6,7,'hrStorageDescr','Slot-1 Management Log Partition','1041','',1,'2020-05-09 08:52:24'),(6,7,'hrStorageDescr','Slot-1 Management Root Partition','1043','',1,'2020-05-09 08:52:24'),(6,7,'hrStorageIndex','1010','1010','',1,'2020-05-09 08:52:24'),(6,7,'hrStorageIndex','1011','1011','',1,'2020-05-09 08:52:24'),(6,7,'hrStorageIndex','1012','1012','',1,'2020-05-09 08:52:24'),(6,7,'hrStorageIndex','1020','1020','',1,'2020-05-09 08:52:24'),(6,7,'hrStorageIndex','1030','1030','',1,'2020-05-09 08:52:24'),(6,7,'hrStorageIndex','1040','1040','',1,'2020-05-09 08:52:24'),(6,7,'hrStorageIndex','1041','1041','',1,'2020-05-09 08:52:24'),(6,7,'hrStorageIndex','1043','1043','',1,'2020-05-09 08:52:24'),(6,8,'hrProcessorFrwID','0','0','',1,'2020-05-09 08:52:24'),(6,8,'hrProcessorFrwID','1','1','',1,'2020-05-09 08:52:24'),(6,8,'hrProcessorFrwID','Total','4000','',1,'2020-05-09 08:52:24'),(7,4,'ifAdminStatus','Up','1','.1.3.6.1.2.1.2.2.1.7.1',1,'2020-05-09 08:57:15'),(7,4,'ifAdminStatus','Up','2','.1.3.6.1.2.1.2.2.1.7.2',1,'2020-05-09 08:57:15'),(7,4,'ifAdminStatus','Up','3','.1.3.6.1.2.1.2.2.1.7.3',1,'2020-05-09 08:57:15'),(7,4,'ifAdminStatus','Up','4','.1.3.6.1.2.1.2.2.1.7.4',1,'2020-05-09 08:57:15'),(7,4,'ifAdminStatus','Up','5','.1.3.6.1.2.1.2.2.1.7.5',1,'2020-05-09 08:57:15'),(7,4,'ifAdminStatus','Up','6','.1.3.6.1.2.1.2.2.1.7.6',1,'2020-05-09 08:57:15'),(7,4,'ifAdminStatus','Up','7','.1.3.6.1.2.1.2.2.1.7.7',1,'2020-05-09 08:57:15'),(7,4,'ifAdminStatus','Up','8','.1.3.6.1.2.1.2.2.1.7.8',1,'2020-05-09 08:57:15'),(7,4,'ifAdminStatus','Up','9','.1.3.6.1.2.1.2.2.1.7.9',1,'2020-05-09 08:57:15'),(7,4,'ifAlias','05:04.0','1','.1.3.6.1.2.1.31.1.1.1.18.1',1,'2020-05-09 08:57:15'),(7,4,'ifAlias','05:04.1','2','.1.3.6.1.2.1.31.1.1.1.18.2',1,'2020-05-09 08:57:15'),(7,4,'ifAlias','07:04.0','3','.1.3.6.1.2.1.31.1.1.1.18.3',1,'2020-05-09 08:57:15'),(7,4,'ifAlias','07:04.1','4','.1.3.6.1.2.1.31.1.1.1.18.4',1,'2020-05-09 08:57:15'),(7,4,'ifAlias','00:25.0','5','.1.3.6.1.2.1.31.1.1.1.18.5',1,'2020-05-09 08:57:15'),(7,4,'ifAlias','08:00.0','6','.1.3.6.1.2.1.31.1.1.1.18.6',1,'2020-05-09 08:57:15'),(7,4,'ifAlias','vSwitch0','7','.1.3.6.1.2.1.31.1.1.1.18.7',1,'2020-05-09 08:57:15'),(7,4,'ifAlias','vSwitchData','8','.1.3.6.1.2.1.31.1.1.1.18.8',1,'2020-05-09 08:57:15'),(7,4,'ifAlias','vmk0-vSwitch0','9','.1.3.6.1.2.1.31.1.1.1.18.9',1,'2020-05-09 08:57:15'),(7,4,'ifDescr','Device vmnic2 at 05:04.0 tg3','1','.1.3.6.1.2.1.2.2.1.2.1',1,'2020-05-09 08:57:15'),(7,4,'ifDescr','Device vmnic3 at 05:04.1 tg3','2','.1.3.6.1.2.1.2.2.1.2.2',1,'2020-05-09 08:57:15'),(7,4,'ifDescr','Device vmnic4 at 07:04.0 tg3','3','.1.3.6.1.2.1.2.2.1.2.3',1,'2020-05-09 08:57:15'),(7,4,'ifDescr','Device vmnic5 at 07:04.1 tg3','4','.1.3.6.1.2.1.2.2.1.2.4',1,'2020-05-09 08:57:15'),(7,4,'ifDescr','Device vmnic0 at 00:25.0 ne1000','5','.1.3.6.1.2.1.2.2.1.2.5',1,'2020-05-09 08:57:15'),(7,4,'ifDescr','Device vmnic1 at 08:00.0 ne1000','6','.1.3.6.1.2.1.2.2.1.2.6',1,'2020-05-09 08:57:15'),(7,4,'ifDescr','Traditional Virtual VMware switch: vSwitch0','7','.1.3.6.1.2.1.2.2.1.2.7',1,'2020-05-09 08:57:15'),(7,4,'ifDescr','Traditional Virtual VMware switch: vSwitchData','8','.1.3.6.1.2.1.2.2.1.2.8',1,'2020-05-09 08:57:15'),(7,4,'ifDescr','Virtual interface: vmk0 on vswitch vSwitch0 portgroup: Management Network','9','.1.3.6.1.2.1.2.2.1.2.9',1,'2020-05-09 08:57:15'),(7,4,'ifHighSpeed','0','1','.1.3.6.1.2.1.31.1.1.1.15.1',1,'2020-05-09 08:57:15'),(7,4,'ifHighSpeed','0','2','.1.3.6.1.2.1.31.1.1.1.15.2',1,'2020-05-09 08:57:15'),(7,4,'ifHighSpeed','0','3','.1.3.6.1.2.1.31.1.1.1.15.3',1,'2020-05-09 08:57:15'),(7,4,'ifHighSpeed','0','4','.1.3.6.1.2.1.31.1.1.1.15.4',1,'2020-05-09 08:57:15'),(7,4,'ifHighSpeed','100','5','.1.3.6.1.2.1.31.1.1.1.15.5',1,'2020-05-09 08:57:15'),(7,4,'ifHighSpeed','1000','6','.1.3.6.1.2.1.31.1.1.1.15.6',1,'2020-05-09 08:57:15'),(7,4,'ifHighSpeed','0','7','.1.3.6.1.2.1.31.1.1.1.15.7',1,'2020-05-09 08:57:15'),(7,4,'ifHighSpeed','0','8','.1.3.6.1.2.1.31.1.1.1.15.8',1,'2020-05-09 08:57:15'),(7,4,'ifHighSpeed','0','9','.1.3.6.1.2.1.31.1.1.1.15.9',1,'2020-05-09 08:57:15'),(7,4,'ifHwAddr','0:0:77:b5:90:dc','1','.1.3.6.1.2.1.2.2.1.6.1',1,'2020-05-09 08:57:15'),(7,4,'ifHwAddr','0:0:77:b5:90:dd','2','.1.3.6.1.2.1.2.2.1.6.2',1,'2020-05-09 08:57:15'),(7,4,'ifHwAddr','0:0:77:b5:90:de','3','.1.3.6.1.2.1.2.2.1.6.3',1,'2020-05-09 08:57:15'),(7,4,'ifHwAddr','0:0:77:b5:90:df','4','.1.3.6.1.2.1.2.2.1.6.4',1,'2020-05-09 08:57:15'),(7,4,'ifHwAddr','90:1b:e:2d:ce:68','5','.1.3.6.1.2.1.2.2.1.6.5',1,'2020-05-09 08:57:15'),(7,4,'ifHwAddr','90:1b:e:30:16:53','6','.1.3.6.1.2.1.2.2.1.6.6',1,'2020-05-09 08:57:15'),(7,4,'ifHwAddr','90:1b:e:2d:ce:68','7','.1.3.6.1.2.1.2.2.1.6.7',1,'2020-05-09 08:57:15'),(7,4,'ifHwAddr','90:1b:e:30:16:53','8','.1.3.6.1.2.1.2.2.1.6.8',1,'2020-05-09 08:57:15'),(7,4,'ifHwAddr','90:1b:e:2d:ce:68','9','.1.3.6.1.2.1.2.2.1.6.9',1,'2020-05-09 08:57:15'),(7,4,'ifIndex','1','1','.1.3.6.1.2.1.2.2.1.1.1',1,'2020-05-09 08:57:15'),(7,4,'ifIndex','2','2','.1.3.6.1.2.1.2.2.1.1.2',1,'2020-05-09 08:57:15'),(7,4,'ifIndex','3','3','.1.3.6.1.2.1.2.2.1.1.3',1,'2020-05-09 08:57:15'),(7,4,'ifIndex','4','4','.1.3.6.1.2.1.2.2.1.1.4',1,'2020-05-09 08:57:15'),(7,4,'ifIndex','5','5','.1.3.6.1.2.1.2.2.1.1.5',1,'2020-05-09 08:57:15'),(7,4,'ifIndex','6','6','.1.3.6.1.2.1.2.2.1.1.6',1,'2020-05-09 08:57:15'),(7,4,'ifIndex','7','7','.1.3.6.1.2.1.2.2.1.1.7',1,'2020-05-09 08:57:15'),(7,4,'ifIndex','8','8','.1.3.6.1.2.1.2.2.1.1.8',1,'2020-05-09 08:57:15'),(7,4,'ifIndex','9','9','.1.3.6.1.2.1.2.2.1.1.9',1,'2020-05-09 08:57:15'),(7,4,'ifName','vmnic2','1','.1.3.6.1.2.1.31.1.1.1.1.1',1,'2020-05-09 08:57:15'),(7,4,'ifName','vmnic3','2','.1.3.6.1.2.1.31.1.1.1.1.2',1,'2020-05-09 08:57:15'),(7,4,'ifName','vmnic4','3','.1.3.6.1.2.1.31.1.1.1.1.3',1,'2020-05-09 08:57:15'),(7,4,'ifName','vmnic5','4','.1.3.6.1.2.1.31.1.1.1.1.4',1,'2020-05-09 08:57:15'),(7,4,'ifName','vmnic0','5','.1.3.6.1.2.1.31.1.1.1.1.5',1,'2020-05-09 08:57:15'),(7,4,'ifName','vmnic1','6','.1.3.6.1.2.1.31.1.1.1.1.6',1,'2020-05-09 08:57:15'),(7,4,'ifName','vSwitch0','7','.1.3.6.1.2.1.31.1.1.1.1.7',1,'2020-05-09 08:57:15'),(7,4,'ifName','vSwitchData','8','.1.3.6.1.2.1.31.1.1.1.1.8',1,'2020-05-09 08:57:15'),(7,4,'ifName','vmk0','9','.1.3.6.1.2.1.31.1.1.1.1.9',1,'2020-05-09 08:57:15'),(7,4,'ifOperStatus','Down','1','.1.3.6.1.2.1.2.2.1.8.1',1,'2020-05-09 08:57:15'),(7,4,'ifOperStatus','Down','2','.1.3.6.1.2.1.2.2.1.8.2',1,'2020-05-09 08:57:15'),(7,4,'ifOperStatus','Down','3','.1.3.6.1.2.1.2.2.1.8.3',1,'2020-05-09 08:57:15'),(7,4,'ifOperStatus','Down','4','.1.3.6.1.2.1.2.2.1.8.4',1,'2020-05-09 08:57:15'),(7,4,'ifOperStatus','Up','5','.1.3.6.1.2.1.2.2.1.8.5',1,'2020-05-09 08:57:15'),(7,4,'ifOperStatus','Up','6','.1.3.6.1.2.1.2.2.1.8.6',1,'2020-05-09 08:57:15'),(7,4,'ifOperStatus','Up','7','.1.3.6.1.2.1.2.2.1.8.7',1,'2020-05-09 08:57:15'),(7,4,'ifOperStatus','Up','8','.1.3.6.1.2.1.2.2.1.8.8',1,'2020-05-09 08:57:15'),(7,4,'ifOperStatus','Up','9','.1.3.6.1.2.1.2.2.1.8.9',1,'2020-05-09 08:57:15'),(7,4,'ifSpeed','0','1','.1.3.6.1.2.1.2.2.1.5.1',1,'2020-05-09 08:57:15'),(7,4,'ifSpeed','0','2','.1.3.6.1.2.1.2.2.1.5.2',1,'2020-05-09 08:57:15'),(7,4,'ifSpeed','0','3','.1.3.6.1.2.1.2.2.1.5.3',1,'2020-05-09 08:57:15'),(7,4,'ifSpeed','0','4','.1.3.6.1.2.1.2.2.1.5.4',1,'2020-05-09 08:57:15'),(7,4,'ifSpeed','100000000','5','.1.3.6.1.2.1.2.2.1.5.5',1,'2020-05-09 08:57:15'),(7,4,'ifSpeed','1000000000','6','.1.3.6.1.2.1.2.2.1.5.6',1,'2020-05-09 08:57:15'),(7,4,'ifSpeed','0','7','.1.3.6.1.2.1.2.2.1.5.7',1,'2020-05-09 08:57:15'),(7,4,'ifSpeed','0','8','.1.3.6.1.2.1.2.2.1.5.8',1,'2020-05-09 08:57:15'),(7,4,'ifSpeed','0','9','.1.3.6.1.2.1.2.2.1.5.9',1,'2020-05-09 08:57:15'),(7,4,'ifType','ethernetCsmacd','1','.1.3.6.1.2.1.2.2.1.3.1',1,'2020-05-09 08:57:15'),(7,4,'ifType','ethernetCsmacd','2','.1.3.6.1.2.1.2.2.1.3.2',1,'2020-05-09 08:57:15'),(7,4,'ifType','ethernetCsmacd','3','.1.3.6.1.2.1.2.2.1.3.3',1,'2020-05-09 08:57:15'),(7,4,'ifType','ethernetCsmacd','4','.1.3.6.1.2.1.2.2.1.3.4',1,'2020-05-09 08:57:15'),(7,4,'ifType','ethernetCsmacd','5','.1.3.6.1.2.1.2.2.1.3.5',1,'2020-05-09 08:57:15'),(7,4,'ifType','ethernetCsmacd','6','.1.3.6.1.2.1.2.2.1.3.6',1,'2020-05-09 08:57:15'),(7,4,'ifType','propMultiplexor','7','.1.3.6.1.2.1.2.2.1.3.7',1,'2020-05-09 08:57:15'),(7,4,'ifType','propMultiplexor','8','.1.3.6.1.2.1.2.2.1.3.8',1,'2020-05-09 08:57:15'),(7,4,'ifType','vmwareVirtualNic','9','.1.3.6.1.2.1.2.2.1.3.9',1,'2020-05-09 08:57:15'),(7,7,'hrStorageAllocationUnits','4096','1','',1,'2020-05-09 08:57:15'),(7,7,'hrStorageAllocationUnits','4096','2','',1,'2020-05-09 08:57:15'),(7,7,'hrStorageAllocationUnits','8192','3','',1,'2020-05-09 08:57:15'),(7,7,'hrStorageAllocationUnits','1048576','4','',1,'2020-05-09 08:57:15'),(7,7,'hrStorageAllocationUnits','1024','5','',1,'2020-05-09 08:57:15'),(7,7,'hrStorageDescr','/vmfs/volumes/74d44de3-badab4a7-4ea4-c38aabcedd47','1','',1,'2020-05-09 08:57:15'),(7,7,'hrStorageDescr','/vmfs/volumes/d6898cea-deace11e-3ef6-8232f41fae8e','2','',1,'2020-05-09 08:57:15'),(7,7,'hrStorageDescr','/vmfs/volumes/5e1e4c55-b17bae26-c5a6-000077b590dc','3','',1,'2020-05-09 08:57:15'),(7,7,'hrStorageDescr','/vmfs/volumes/5adb3f0e-3610b08a-4dcb-901b0e2dce68','4','',1,'2020-05-09 08:57:15'),(7,7,'hrStorageDescr','Real Memory','5','',1,'2020-05-09 08:57:15'),(7,7,'hrStorageIndex','1','1','',1,'2020-05-09 08:57:15'),(7,7,'hrStorageIndex','2','2','',1,'2020-05-09 08:57:15'),(7,7,'hrStorageIndex','3','3','',1,'2020-05-09 08:57:15'),(7,7,'hrStorageIndex','4','4','',1,'2020-05-09 08:57:15'),(7,7,'hrStorageIndex','5','5','',1,'2020-05-09 08:57:15'),(7,8,'hrProcessorFrwID','0','0','',1,'2020-05-09 08:57:16'),(7,8,'hrProcessorFrwID','1','1','',1,'2020-05-09 08:57:16'),(7,8,'hrProcessorFrwID','2','2','',1,'2020-05-09 08:57:16'),(7,8,'hrProcessorFrwID','3','3','',1,'2020-05-09 08:57:16'),(7,8,'hrProcessorFrwID','4','4','',1,'2020-05-09 08:57:16'),(7,8,'hrProcessorFrwID','Total','4000','',1,'2020-05-09 08:57:16'),(7,8,'hrProcessorFrwID','5','5','',1,'2020-05-09 08:57:16'),(7,8,'hrProcessorFrwID','6','6','',1,'2020-05-09 08:57:16'),(7,8,'hrProcessorFrwID','7','7','',1,'2020-05-09 08:57:16'),(8,4,'ifAdminStatus','Down','1','.1.3.6.1.2.1.2.2.1.7.1',1,'2020-05-13 00:12:33'),(8,4,'ifAdminStatus','Up','10','.1.3.6.1.2.1.2.2.1.7.10',1,'2020-05-13 00:12:33'),(8,4,'ifAdminStatus','Up','11','.1.3.6.1.2.1.2.2.1.7.11',1,'2020-05-13 00:12:33'),(8,4,'ifAdminStatus','Up','12','.1.3.6.1.2.1.2.2.1.7.12',1,'2020-05-13 00:12:33'),(8,4,'ifAdminStatus','Down','13','.1.3.6.1.2.1.2.2.1.7.13',1,'2020-05-13 00:12:33'),(8,4,'ifAdminStatus','Up','14','.1.3.6.1.2.1.2.2.1.7.14',1,'2020-05-13 00:12:33'),(8,4,'ifAdminStatus','Up','15','.1.3.6.1.2.1.2.2.1.7.15',1,'2020-05-13 00:12:33'),(8,4,'ifAdminStatus','Up','16','.1.3.6.1.2.1.2.2.1.7.16',1,'2020-05-13 00:12:33'),(8,4,'ifAdminStatus','Down','17','.1.3.6.1.2.1.2.2.1.7.17',1,'2020-05-13 00:12:33'),(8,4,'ifAdminStatus','Down','18','.1.3.6.1.2.1.2.2.1.7.18',1,'2020-05-13 00:12:33'),(8,4,'ifAdminStatus','Down','19','.1.3.6.1.2.1.2.2.1.7.19',1,'2020-05-13 00:12:33'),(8,4,'ifAdminStatus','Down','2','.1.3.6.1.2.1.2.2.1.7.2',1,'2020-05-13 00:12:33'),(8,4,'ifAdminStatus','Down','20','.1.3.6.1.2.1.2.2.1.7.20',1,'2020-05-13 00:12:33'),(8,4,'ifAdminStatus','Up','21','.1.3.6.1.2.1.2.2.1.7.21',1,'2020-05-13 00:12:33'),(8,4,'ifAdminStatus','Down','3','.1.3.6.1.2.1.2.2.1.7.3',1,'2020-05-13 00:12:33'),(8,4,'ifAdminStatus','Up','4','.1.3.6.1.2.1.2.2.1.7.4',1,'2020-05-13 00:12:33'),(8,4,'ifAdminStatus','Up','43','.1.3.6.1.2.1.2.2.1.7.43',1,'2020-05-13 00:12:33'),(8,4,'ifAdminStatus','Up','44','.1.3.6.1.2.1.2.2.1.7.44',1,'2020-05-13 00:12:33'),(8,4,'ifAdminStatus','Up','45','.1.3.6.1.2.1.2.2.1.7.45',1,'2020-05-13 00:12:33'),(8,4,'ifAdminStatus','Up','46','.1.3.6.1.2.1.2.2.1.7.46',1,'2020-05-13 00:12:33'),(8,4,'ifAdminStatus','Up','47','.1.3.6.1.2.1.2.2.1.7.47',1,'2020-05-13 00:12:33'),(8,4,'ifAdminStatus','Up','48','.1.3.6.1.2.1.2.2.1.7.48',1,'2020-05-13 00:12:33'),(8,4,'ifAdminStatus','Up','49','.1.3.6.1.2.1.2.2.1.7.49',1,'2020-05-13 00:12:33'),(8,4,'ifAdminStatus','Up','5','.1.3.6.1.2.1.2.2.1.7.5',1,'2020-05-13 00:12:33'),(8,4,'ifAdminStatus','Up','52','.1.3.6.1.2.1.2.2.1.7.52',1,'2020-05-13 00:12:33'),(8,4,'ifAdminStatus','Up','6','.1.3.6.1.2.1.2.2.1.7.6',1,'2020-05-13 00:12:33'),(8,4,'ifAdminStatus','Up','7','.1.3.6.1.2.1.2.2.1.7.7',1,'2020-05-13 00:12:33'),(8,4,'ifAdminStatus','Up','8','.1.3.6.1.2.1.2.2.1.7.8',1,'2020-05-13 00:12:33'),(8,4,'ifAdminStatus','Up','9','.1.3.6.1.2.1.2.2.1.7.9',1,'2020-05-13 00:12:33'),(8,4,'ifAlias','','1','.1.3.6.1.2.1.31.1.1.1.18.1',1,'2020-05-13 00:12:33'),(8,4,'ifAlias','### OpenWRT-WZR450 ###','10','.1.3.6.1.2.1.31.1.1.1.18.10',1,'2020-05-13 00:12:33'),(8,4,'ifAlias','### work port for ipv4 ###','11','.1.3.6.1.2.1.31.1.1.1.18.11',1,'2020-05-13 00:12:33'),(8,4,'ifAlias','','12','.1.3.6.1.2.1.31.1.1.1.18.12',1,'2020-05-13 00:12:33'),(8,4,'ifAlias','','13','.1.3.6.1.2.1.31.1.1.1.18.13',1,'2020-05-13 00:12:33'),(8,4,'ifAlias','','14','.1.3.6.1.2.1.31.1.1.1.18.14',1,'2020-05-13 00:12:33'),(8,4,'ifAlias','','15','.1.3.6.1.2.1.31.1.1.1.18.15',1,'2020-05-13 00:12:33'),(8,4,'ifAlias','','16','.1.3.6.1.2.1.31.1.1.1.18.16',1,'2020-05-13 00:12:33'),(8,4,'ifAlias','','17','.1.3.6.1.2.1.31.1.1.1.18.17',1,'2020-05-13 00:12:33'),(8,4,'ifAlias','','18','.1.3.6.1.2.1.31.1.1.1.18.18',1,'2020-05-13 00:12:33'),(8,4,'ifAlias','','19','.1.3.6.1.2.1.31.1.1.1.18.19',1,'2020-05-13 00:12:33'),(8,4,'ifAlias','','2','.1.3.6.1.2.1.31.1.1.1.18.2',1,'2020-05-13 00:12:33'),(8,4,'ifAlias','','20','.1.3.6.1.2.1.31.1.1.1.18.20',1,'2020-05-13 00:12:33'),(8,4,'ifAlias','### loopback ###','21','.1.3.6.1.2.1.31.1.1.1.18.21',1,'2020-05-13 00:12:33'),(8,4,'ifAlias','','3','.1.3.6.1.2.1.31.1.1.1.18.3',1,'2020-05-13 00:12:33'),(8,4,'ifAlias','','4','.1.3.6.1.2.1.31.1.1.1.18.4',1,'2020-05-13 00:12:33'),(8,4,'ifAlias','### to DC VPN ###','43','.1.3.6.1.2.1.31.1.1.1.18.43',1,'2020-05-13 00:12:33'),(8,4,'ifAlias','### BO_2F_Management ###','44','.1.3.6.1.2.1.31.1.1.1.18.44',1,'2020-05-13 00:12:33'),(8,4,'ifAlias','### BO_2F_WiredDevice ###','45','.1.3.6.1.2.1.31.1.1.1.18.45',1,'2020-05-13 00:12:33'),(8,4,'ifAlias','','46','.1.3.6.1.2.1.31.1.1.1.18.46',1,'2020-05-13 00:12:33'),(8,4,'ifAlias','### BO_2F_WirelessDevice ###','47','.1.3.6.1.2.1.31.1.1.1.18.47',1,'2020-05-13 00:12:33'),(8,4,'ifAlias','### IPSec ipv6 ###','48','.1.3.6.1.2.1.31.1.1.1.18.48',1,'2020-05-13 00:12:33'),(8,4,'ifAlias','','49','.1.3.6.1.2.1.31.1.1.1.18.49',1,'2020-05-13 00:12:33'),(8,4,'ifAlias','','5','.1.3.6.1.2.1.31.1.1.1.18.5',1,'2020-05-13 00:12:33'),(8,4,'ifAlias','*** Internet ***','52','.1.3.6.1.2.1.31.1.1.1.18.52',1,'2020-05-13 00:12:33'),(8,4,'ifAlias','','6','.1.3.6.1.2.1.31.1.1.1.18.6',1,'2020-05-13 00:12:33'),(8,4,'ifAlias','','7','.1.3.6.1.2.1.31.1.1.1.18.7',1,'2020-05-13 00:12:33'),(8,4,'ifAlias','','8','.1.3.6.1.2.1.31.1.1.1.18.8',1,'2020-05-13 00:12:33'),(8,4,'ifAlias','','9','.1.3.6.1.2.1.31.1.1.1.18.9',1,'2020-05-13 00:12:33'),(8,4,'ifDescr','BRI0','1','.1.3.6.1.2.1.2.2.1.2.1',1,'2020-05-13 00:12:33'),(8,4,'ifDescr','FastEthernet6','10','.1.3.6.1.2.1.2.2.1.2.10',1,'2020-05-13 00:12:33'),(8,4,'ifDescr','FastEthernet7','11','.1.3.6.1.2.1.2.2.1.2.11',1,'2020-05-13 00:12:33'),(8,4,'ifDescr','FastEthernet8','12','.1.3.6.1.2.1.2.2.1.2.12',1,'2020-05-13 00:12:33'),(8,4,'ifDescr','GigabitEthernet0','13','.1.3.6.1.2.1.2.2.1.2.13',1,'2020-05-13 00:12:33'),(8,4,'ifDescr','VoIP-Null0','14','.1.3.6.1.2.1.2.2.1.2.14',1,'2020-05-13 00:12:33'),(8,4,'ifDescr','Null0','15','.1.3.6.1.2.1.2.2.1.2.15',1,'2020-05-13 00:12:33'),(8,4,'ifDescr','Vlan1','16','.1.3.6.1.2.1.2.2.1.2.16',1,'2020-05-13 00:12:33'),(8,4,'ifDescr','BRI0-Physical','17','.1.3.6.1.2.1.2.2.1.2.17',1,'2020-05-13 00:12:33'),(8,4,'ifDescr','BRI0-Signaling','18','.1.3.6.1.2.1.2.2.1.2.18',1,'2020-05-13 00:12:33'),(8,4,'ifDescr','BRI0:1-Bearer Channel','19','.1.3.6.1.2.1.2.2.1.2.19',1,'2020-05-13 00:12:33'),(8,4,'ifDescr','BRI0:1','2','.1.3.6.1.2.1.2.2.1.2.2',1,'2020-05-13 00:12:33'),(8,4,'ifDescr','BRI0:2-Bearer Channel','20','.1.3.6.1.2.1.2.2.1.2.20',1,'2020-05-13 00:12:33'),(8,4,'ifDescr','Loopback0','21','.1.3.6.1.2.1.2.2.1.2.21',1,'2020-05-13 00:12:33'),(8,4,'ifDescr','BRI0:2','3','.1.3.6.1.2.1.2.2.1.2.3',1,'2020-05-13 00:12:33'),(8,4,'ifDescr','FastEthernet0','4','.1.3.6.1.2.1.2.2.1.2.4',1,'2020-05-13 00:12:33'),(8,4,'ifDescr','Tunnel210','43','.1.3.6.1.2.1.2.2.1.2.43',1,'2020-05-13 00:12:33'),(8,4,'ifDescr','Vlan3020','44','.1.3.6.1.2.1.2.2.1.2.44',1,'2020-05-13 00:12:33'),(8,4,'ifDescr','Vlan3022','45','.1.3.6.1.2.1.2.2.1.2.45',1,'2020-05-13 00:12:33'),(8,4,'ifDescr','Vlan3026','46','.1.3.6.1.2.1.2.2.1.2.46',1,'2020-05-13 00:12:33'),(8,4,'ifDescr','Vlan3029','47','.1.3.6.1.2.1.2.2.1.2.47',1,'2020-05-13 00:12:33'),(8,4,'ifDescr','Tunnel216','48','.1.3.6.1.2.1.2.2.1.2.48',1,'2020-05-13 00:12:33'),(8,4,'ifDescr','GMPLS0','49','.1.3.6.1.2.1.2.2.1.2.49',1,'2020-05-13 00:12:33'),(8,4,'ifDescr','FastEthernet1','5','.1.3.6.1.2.1.2.2.1.2.5',1,'2020-05-13 00:12:33'),(8,4,'ifDescr','Vlan999','52','.1.3.6.1.2.1.2.2.1.2.52',1,'2020-05-13 00:12:33'),(8,4,'ifDescr','FastEthernet2','6','.1.3.6.1.2.1.2.2.1.2.6',1,'2020-05-13 00:12:33'),(8,4,'ifDescr','FastEthernet3','7','.1.3.6.1.2.1.2.2.1.2.7',1,'2020-05-13 00:12:33'),(8,4,'ifDescr','FastEthernet4','8','.1.3.6.1.2.1.2.2.1.2.8',1,'2020-05-13 00:12:33'),(8,4,'ifDescr','FastEthernet5','9','.1.3.6.1.2.1.2.2.1.2.9',1,'2020-05-13 00:12:33'),(8,4,'ifHighSpeed','0','1','.1.3.6.1.2.1.31.1.1.1.15.1',1,'2020-05-13 00:12:33'),(8,4,'ifHighSpeed','100','10','.1.3.6.1.2.1.31.1.1.1.15.10',1,'2020-05-13 00:12:33'),(8,4,'ifHighSpeed','100','11','.1.3.6.1.2.1.31.1.1.1.15.11',1,'2020-05-13 00:12:33'),(8,4,'ifHighSpeed','100','12','.1.3.6.1.2.1.31.1.1.1.15.12',1,'2020-05-13 00:12:33'),(8,4,'ifHighSpeed','1000','13','.1.3.6.1.2.1.31.1.1.1.15.13',1,'2020-05-13 00:12:33'),(8,4,'ifHighSpeed','10000','14','.1.3.6.1.2.1.31.1.1.1.15.14',1,'2020-05-13 00:12:33'),(8,4,'ifHighSpeed','10000','15','.1.3.6.1.2.1.31.1.1.1.15.15',1,'2020-05-13 00:12:33'),(8,4,'ifHighSpeed','100','16','.1.3.6.1.2.1.31.1.1.1.15.16',1,'2020-05-13 00:12:33'),(8,4,'ifHighSpeed','0','17','.1.3.6.1.2.1.31.1.1.1.15.17',1,'2020-05-13 00:12:33'),(8,4,'ifHighSpeed','0','18','.1.3.6.1.2.1.31.1.1.1.15.18',1,'2020-05-13 00:12:33'),(8,4,'ifHighSpeed','0','19','.1.3.6.1.2.1.31.1.1.1.15.19',1,'2020-05-13 00:12:33'),(8,4,'ifHighSpeed','0','2','.1.3.6.1.2.1.31.1.1.1.15.2',1,'2020-05-13 00:12:33'),(8,4,'ifHighSpeed','0','20','.1.3.6.1.2.1.31.1.1.1.15.20',1,'2020-05-13 00:12:33'),(8,4,'ifHighSpeed','8000','21','.1.3.6.1.2.1.31.1.1.1.15.21',1,'2020-05-13 00:12:33'),(8,4,'ifHighSpeed','0','3','.1.3.6.1.2.1.31.1.1.1.15.3',1,'2020-05-13 00:12:33'),(8,4,'ifHighSpeed','100','4','.1.3.6.1.2.1.31.1.1.1.15.4',1,'2020-05-13 00:12:33'),(8,4,'ifHighSpeed','0','43','.1.3.6.1.2.1.31.1.1.1.15.43',1,'2020-05-13 00:12:33'),(8,4,'ifHighSpeed','100','44','.1.3.6.1.2.1.31.1.1.1.15.44',1,'2020-05-13 00:12:33'),(8,4,'ifHighSpeed','100','45','.1.3.6.1.2.1.31.1.1.1.15.45',1,'2020-05-13 00:12:33'),(8,4,'ifHighSpeed','100','46','.1.3.6.1.2.1.31.1.1.1.15.46',1,'2020-05-13 00:12:33'),(8,4,'ifHighSpeed','100','47','.1.3.6.1.2.1.31.1.1.1.15.47',1,'2020-05-13 00:12:33'),(8,4,'ifHighSpeed','0','48','.1.3.6.1.2.1.31.1.1.1.15.48',1,'2020-05-13 00:12:33'),(8,4,'ifHighSpeed','0','49','.1.3.6.1.2.1.31.1.1.1.15.49',1,'2020-05-13 00:12:33'),(8,4,'ifHighSpeed','100','5','.1.3.6.1.2.1.31.1.1.1.15.5',1,'2020-05-13 00:12:33'),(8,4,'ifHighSpeed','100','52','.1.3.6.1.2.1.31.1.1.1.15.52',1,'2020-05-13 00:12:33'),(8,4,'ifHighSpeed','100','6','.1.3.6.1.2.1.31.1.1.1.15.6',1,'2020-05-13 00:12:33'),(8,4,'ifHighSpeed','100','7','.1.3.6.1.2.1.31.1.1.1.15.7',1,'2020-05-13 00:12:33'),(8,4,'ifHighSpeed','100','8','.1.3.6.1.2.1.31.1.1.1.15.8',1,'2020-05-13 00:12:33'),(8,4,'ifHighSpeed','100','9','.1.3.6.1.2.1.31.1.1.1.15.9',1,'2020-05-13 00:12:33'),(8,4,'ifHwAddr','','1','.1.3.6.1.2.1.2.2.1.6.1',1,'2020-05-13 00:12:33'),(8,4,'ifHwAddr','fc:99:47:b7:5b:17','10','.1.3.6.1.2.1.2.2.1.6.10',1,'2020-05-13 00:12:33'),(8,4,'ifHwAddr','fc:99:47:b7:5b:18','11','.1.3.6.1.2.1.2.2.1.6.11',1,'2020-05-13 00:12:33'),(8,4,'ifHwAddr','fc:99:47:b7:5b:19','12','.1.3.6.1.2.1.2.2.1.6.12',1,'2020-05-13 00:12:33'),(8,4,'ifHwAddr','fc:99:47:b7:5b:29','13','.1.3.6.1.2.1.2.2.1.6.13',1,'2020-05-13 00:12:33'),(8,4,'ifHwAddr','','14','.1.3.6.1.2.1.2.2.1.6.14',1,'2020-05-13 00:12:33'),(8,4,'ifHwAddr','','15','.1.3.6.1.2.1.2.2.1.6.15',1,'2020-05-13 00:12:33'),(8,4,'ifHwAddr','fc:99:47:b7:5b:11','16','.1.3.6.1.2.1.2.2.1.6.16',1,'2020-05-13 00:12:33'),(8,4,'ifHwAddr','','17','.1.3.6.1.2.1.2.2.1.6.17',1,'2020-05-13 00:12:33'),(8,4,'ifHwAddr','','18','.1.3.6.1.2.1.2.2.1.6.18',1,'2020-05-13 00:12:33'),(8,4,'ifHwAddr','','19','.1.3.6.1.2.1.2.2.1.6.19',1,'2020-05-13 00:12:33'),(8,4,'ifHwAddr','','2','.1.3.6.1.2.1.2.2.1.6.2',1,'2020-05-13 00:12:33'),(8,4,'ifHwAddr','','20','.1.3.6.1.2.1.2.2.1.6.20',1,'2020-05-13 00:12:33'),(8,4,'ifHwAddr','','21','.1.3.6.1.2.1.2.2.1.6.21',1,'2020-05-13 00:12:33'),(8,4,'ifHwAddr','','3','.1.3.6.1.2.1.2.2.1.6.3',1,'2020-05-13 00:12:33'),(8,4,'ifHwAddr','fc:99:47:b7:5b:11','4','.1.3.6.1.2.1.2.2.1.6.4',1,'2020-05-13 00:12:33'),(8,4,'ifHwAddr','','43','.1.3.6.1.2.1.2.2.1.6.43',1,'2020-05-13 00:12:33'),(8,4,'ifHwAddr','fc:99:47:b7:5b:11','44','.1.3.6.1.2.1.2.2.1.6.44',1,'2020-05-13 00:12:33'),(8,4,'ifHwAddr','fc:99:47:b7:5b:11','45','.1.3.6.1.2.1.2.2.1.6.45',1,'2020-05-13 00:12:33'),(8,4,'ifHwAddr','fc:99:47:b7:5b:11','46','.1.3.6.1.2.1.2.2.1.6.46',1,'2020-05-13 00:12:33'),(8,4,'ifHwAddr','fc:99:47:b7:5b:11','47','.1.3.6.1.2.1.2.2.1.6.47',1,'2020-05-13 00:12:33'),(8,4,'ifHwAddr','','48','.1.3.6.1.2.1.2.2.1.6.48',1,'2020-05-13 00:12:33'),(8,4,'ifHwAddr','','49','.1.3.6.1.2.1.2.2.1.6.49',1,'2020-05-13 00:12:33'),(8,4,'ifHwAddr','fc:99:47:b7:5b:12','5','.1.3.6.1.2.1.2.2.1.6.5',1,'2020-05-13 00:12:33'),(8,4,'ifHwAddr','fc:99:47:b7:5b:11','52','.1.3.6.1.2.1.2.2.1.6.52',1,'2020-05-13 00:12:33'),(8,4,'ifHwAddr','fc:99:47:b7:5b:13','6','.1.3.6.1.2.1.2.2.1.6.6',1,'2020-05-13 00:12:33'),(8,4,'ifHwAddr','fc:99:47:b7:5b:14','7','.1.3.6.1.2.1.2.2.1.6.7',1,'2020-05-13 00:12:33'),(8,4,'ifHwAddr','fc:99:47:b7:5b:15','8','.1.3.6.1.2.1.2.2.1.6.8',1,'2020-05-13 00:12:33'),(8,4,'ifHwAddr','fc:99:47:b7:5b:16','9','.1.3.6.1.2.1.2.2.1.6.9',1,'2020-05-13 00:12:33'),(8,4,'ifIndex','1','1','.1.3.6.1.2.1.2.2.1.1.1',1,'2020-05-13 00:12:33'),(8,4,'ifIndex','10','10','.1.3.6.1.2.1.2.2.1.1.10',1,'2020-05-13 00:12:33'),(8,4,'ifIndex','11','11','.1.3.6.1.2.1.2.2.1.1.11',1,'2020-05-13 00:12:33'),(8,4,'ifIndex','12','12','.1.3.6.1.2.1.2.2.1.1.12',1,'2020-05-13 00:12:33'),(8,4,'ifIndex','13','13','.1.3.6.1.2.1.2.2.1.1.13',1,'2020-05-13 00:12:33'),(8,4,'ifIndex','14','14','.1.3.6.1.2.1.2.2.1.1.14',1,'2020-05-13 00:12:33'),(8,4,'ifIndex','15','15','.1.3.6.1.2.1.2.2.1.1.15',1,'2020-05-13 00:12:33'),(8,4,'ifIndex','16','16','.1.3.6.1.2.1.2.2.1.1.16',1,'2020-05-13 00:12:33'),(8,4,'ifIndex','17','17','.1.3.6.1.2.1.2.2.1.1.17',1,'2020-05-13 00:12:33'),(8,4,'ifIndex','18','18','.1.3.6.1.2.1.2.2.1.1.18',1,'2020-05-13 00:12:33'),(8,4,'ifIndex','19','19','.1.3.6.1.2.1.2.2.1.1.19',1,'2020-05-13 00:12:33'),(8,4,'ifIndex','2','2','.1.3.6.1.2.1.2.2.1.1.2',1,'2020-05-13 00:12:33'),(8,4,'ifIndex','20','20','.1.3.6.1.2.1.2.2.1.1.20',1,'2020-05-13 00:12:33'),(8,4,'ifIndex','21','21','.1.3.6.1.2.1.2.2.1.1.21',1,'2020-05-13 00:12:33'),(8,4,'ifIndex','3','3','.1.3.6.1.2.1.2.2.1.1.3',1,'2020-05-13 00:12:33'),(8,4,'ifIndex','4','4','.1.3.6.1.2.1.2.2.1.1.4',1,'2020-05-13 00:12:33'),(8,4,'ifIndex','43','43','.1.3.6.1.2.1.2.2.1.1.43',1,'2020-05-13 00:12:33'),(8,4,'ifIndex','44','44','.1.3.6.1.2.1.2.2.1.1.44',1,'2020-05-13 00:12:33'),(8,4,'ifIndex','45','45','.1.3.6.1.2.1.2.2.1.1.45',1,'2020-05-13 00:12:33'),(8,4,'ifIndex','46','46','.1.3.6.1.2.1.2.2.1.1.46',1,'2020-05-13 00:12:33'),(8,4,'ifIndex','47','47','.1.3.6.1.2.1.2.2.1.1.47',1,'2020-05-13 00:12:33'),(8,4,'ifIndex','48','48','.1.3.6.1.2.1.2.2.1.1.48',1,'2020-05-13 00:12:33'),(8,4,'ifIndex','49','49','.1.3.6.1.2.1.2.2.1.1.49',1,'2020-05-13 00:12:33'),(8,4,'ifIndex','5','5','.1.3.6.1.2.1.2.2.1.1.5',1,'2020-05-13 00:12:33'),(8,4,'ifIndex','52','52','.1.3.6.1.2.1.2.2.1.1.52',1,'2020-05-13 00:12:33'),(8,4,'ifIndex','6','6','.1.3.6.1.2.1.2.2.1.1.6',1,'2020-05-13 00:12:33'),(8,4,'ifIndex','7','7','.1.3.6.1.2.1.2.2.1.1.7',1,'2020-05-13 00:12:33'),(8,4,'ifIndex','8','8','.1.3.6.1.2.1.2.2.1.1.8',1,'2020-05-13 00:12:33'),(8,4,'ifIndex','9','9','.1.3.6.1.2.1.2.2.1.1.9',1,'2020-05-13 00:12:33'),(8,4,'ifIP','192.168.11.2','16','.1.3.6.1.2.1.4.20.1.2.192.168.11.2',1,'2020-05-13 00:12:33'),(8,4,'ifIP','10.101.0.1','21','.1.3.6.1.2.1.4.20.1.2.10.101.0.1',1,'2020-05-13 00:12:33'),(8,4,'ifIP','10.101.20.1','44','.1.3.6.1.2.1.4.20.1.2.10.101.20.1',1,'2020-05-13 00:12:33'),(8,4,'ifIP','10.101.22.1','45','.1.3.6.1.2.1.4.20.1.2.10.101.22.1',1,'2020-05-13 00:12:33'),(8,4,'ifIP','10.101.26.1','46','.1.3.6.1.2.1.4.20.1.2.10.101.26.1',1,'2020-05-13 00:12:33'),(8,4,'ifIP','10.101.29.1','47','.1.3.6.1.2.1.4.20.1.2.10.101.29.1',1,'2020-05-13 00:12:33'),(8,4,'ifIP','10.13.138.21','52','.1.3.6.1.2.1.4.20.1.2.10.13.138.21',1,'2020-05-13 00:12:33'),(8,4,'ifName','BR0','1','.1.3.6.1.2.1.31.1.1.1.1.1',1,'2020-05-13 00:12:33'),(8,4,'ifName','Fa6','10','.1.3.6.1.2.1.31.1.1.1.1.10',1,'2020-05-13 00:12:33'),(8,4,'ifName','Fa7','11','.1.3.6.1.2.1.31.1.1.1.1.11',1,'2020-05-13 00:12:33'),(8,4,'ifName','Fa8','12','.1.3.6.1.2.1.31.1.1.1.1.12',1,'2020-05-13 00:12:33'),(8,4,'ifName','Gi0','13','.1.3.6.1.2.1.31.1.1.1.1.13',1,'2020-05-13 00:12:33'),(8,4,'ifName','Vo0','14','.1.3.6.1.2.1.31.1.1.1.1.14',1,'2020-05-13 00:12:33'),(8,4,'ifName','Nu0','15','.1.3.6.1.2.1.31.1.1.1.1.15',1,'2020-05-13 00:12:33'),(8,4,'ifName','Vl1','16','.1.3.6.1.2.1.31.1.1.1.1.16',1,'2020-05-13 00:12:33'),(8,4,'ifName','BR0','17','.1.3.6.1.2.1.31.1.1.1.1.17',1,'2020-05-13 00:12:33'),(8,4,'ifName','BR0','18','.1.3.6.1.2.1.31.1.1.1.1.18',1,'2020-05-13 00:12:33'),(8,4,'ifName','BR0:1','19','.1.3.6.1.2.1.31.1.1.1.1.19',1,'2020-05-13 00:12:33'),(8,4,'ifName','BR0:1','2','.1.3.6.1.2.1.31.1.1.1.1.2',1,'2020-05-13 00:12:33'),(8,4,'ifName','BR0:2','20','.1.3.6.1.2.1.31.1.1.1.1.20',1,'2020-05-13 00:12:33'),(8,4,'ifName','Lo0','21','.1.3.6.1.2.1.31.1.1.1.1.21',1,'2020-05-13 00:12:33'),(8,4,'ifName','BR0:2','3','.1.3.6.1.2.1.31.1.1.1.1.3',1,'2020-05-13 00:12:33'),(8,4,'ifName','Fa0','4','.1.3.6.1.2.1.31.1.1.1.1.4',1,'2020-05-13 00:12:33'),(8,4,'ifName','Tu210','43','.1.3.6.1.2.1.31.1.1.1.1.43',1,'2020-05-13 00:12:33'),(8,4,'ifName','Vl3020','44','.1.3.6.1.2.1.31.1.1.1.1.44',1,'2020-05-13 00:12:33'),(8,4,'ifName','Vl3022','45','.1.3.6.1.2.1.31.1.1.1.1.45',1,'2020-05-13 00:12:33'),(8,4,'ifName','Vl3026','46','.1.3.6.1.2.1.31.1.1.1.1.46',1,'2020-05-13 00:12:33'),(8,4,'ifName','Vl3029','47','.1.3.6.1.2.1.31.1.1.1.1.47',1,'2020-05-13 00:12:33'),(8,4,'ifName','Tu216','48','.1.3.6.1.2.1.31.1.1.1.1.48',1,'2020-05-13 00:12:33'),(8,4,'ifName','GM0','49','.1.3.6.1.2.1.31.1.1.1.1.49',1,'2020-05-13 00:12:33'),(8,4,'ifName','Fa1','5','.1.3.6.1.2.1.31.1.1.1.1.5',1,'2020-05-13 00:12:33'),(8,4,'ifName','Vl999','52','.1.3.6.1.2.1.31.1.1.1.1.52',1,'2020-05-13 00:12:33'),(8,4,'ifName','Fa2','6','.1.3.6.1.2.1.31.1.1.1.1.6',1,'2020-05-13 00:12:33'),(8,4,'ifName','Fa3','7','.1.3.6.1.2.1.31.1.1.1.1.7',1,'2020-05-13 00:12:33'),(8,4,'ifName','Fa4','8','.1.3.6.1.2.1.31.1.1.1.1.8',1,'2020-05-13 00:12:33'),(8,4,'ifName','Fa5','9','.1.3.6.1.2.1.31.1.1.1.1.9',1,'2020-05-13 00:12:33'),(8,4,'ifOperStatus','Down','1','.1.3.6.1.2.1.2.2.1.8.1',1,'2020-05-13 00:12:33'),(8,4,'ifOperStatus','Up','10','.1.3.6.1.2.1.2.2.1.8.10',1,'2020-05-13 00:12:33'),(8,4,'ifOperStatus','Down','11','.1.3.6.1.2.1.2.2.1.8.11',1,'2020-05-13 00:12:33'),(8,4,'ifOperStatus','Down','12','.1.3.6.1.2.1.2.2.1.8.12',1,'2020-05-13 00:12:33'),(8,4,'ifOperStatus','Down','13','.1.3.6.1.2.1.2.2.1.8.13',1,'2020-05-13 00:12:33'),(8,4,'ifOperStatus','Up','14','.1.3.6.1.2.1.2.2.1.8.14',1,'2020-05-13 00:12:33'),(8,4,'ifOperStatus','Up','15','.1.3.6.1.2.1.2.2.1.8.15',1,'2020-05-13 00:12:33'),(8,4,'ifOperStatus','Down','16','.1.3.6.1.2.1.2.2.1.8.16',1,'2020-05-13 00:12:33'),(8,4,'ifOperStatus','Down','17','.1.3.6.1.2.1.2.2.1.8.17',1,'2020-05-13 00:12:33'),(8,4,'ifOperStatus','Down','18','.1.3.6.1.2.1.2.2.1.8.18',1,'2020-05-13 00:12:33'),(8,4,'ifOperStatus','Down','19','.1.3.6.1.2.1.2.2.1.8.19',1,'2020-05-13 00:12:33'),(8,4,'ifOperStatus','Down','2','.1.3.6.1.2.1.2.2.1.8.2',1,'2020-05-13 00:12:33'),(8,4,'ifOperStatus','Down','20','.1.3.6.1.2.1.2.2.1.8.20',1,'2020-05-13 00:12:33'),(8,4,'ifOperStatus','Up','21','.1.3.6.1.2.1.2.2.1.8.21',1,'2020-05-13 00:12:33'),(8,4,'ifOperStatus','Down','3','.1.3.6.1.2.1.2.2.1.8.3',1,'2020-05-13 00:12:33'),(8,4,'ifOperStatus','Up','4','.1.3.6.1.2.1.2.2.1.8.4',1,'2020-05-13 00:12:33'),(8,4,'ifOperStatus','Up','43','.1.3.6.1.2.1.2.2.1.8.43',1,'2020-05-13 00:12:33'),(8,4,'ifOperStatus','Down','44','.1.3.6.1.2.1.2.2.1.8.44',1,'2020-05-13 00:12:33'),(8,4,'ifOperStatus','Down','45','.1.3.6.1.2.1.2.2.1.8.45',1,'2020-05-13 00:12:33'),(8,4,'ifOperStatus','Down','46','.1.3.6.1.2.1.2.2.1.8.46',1,'2020-05-13 00:12:33'),(8,4,'ifOperStatus','Up','47','.1.3.6.1.2.1.2.2.1.8.47',1,'2020-05-13 00:12:33'),(8,4,'ifOperStatus','Down','48','.1.3.6.1.2.1.2.2.1.8.48',1,'2020-05-13 00:12:33'),(8,4,'ifOperStatus','Up','49','.1.3.6.1.2.1.2.2.1.8.49',1,'2020-05-13 00:12:33'),(8,4,'ifOperStatus','Down','5','.1.3.6.1.2.1.2.2.1.8.5',1,'2020-05-13 00:12:33'),(8,4,'ifOperStatus','Up','52','.1.3.6.1.2.1.2.2.1.8.52',1,'2020-05-13 00:12:33'),(8,4,'ifOperStatus','Down','6','.1.3.6.1.2.1.2.2.1.8.6',1,'2020-05-13 00:12:33'),(8,4,'ifOperStatus','Down','7','.1.3.6.1.2.1.2.2.1.8.7',1,'2020-05-13 00:12:33'),(8,4,'ifOperStatus','Down','8','.1.3.6.1.2.1.2.2.1.8.8',1,'2020-05-13 00:12:33'),(8,4,'ifOperStatus','Down','9','.1.3.6.1.2.1.2.2.1.8.9',1,'2020-05-13 00:12:33'),(8,4,'ifSpeed','16000','1','.1.3.6.1.2.1.2.2.1.5.1',1,'2020-05-13 00:12:33'),(8,4,'ifSpeed','100000000','10','.1.3.6.1.2.1.2.2.1.5.10',1,'2020-05-13 00:12:33'),(8,4,'ifSpeed','100000000','11','.1.3.6.1.2.1.2.2.1.5.11',1,'2020-05-13 00:12:33'),(8,4,'ifSpeed','100000000','12','.1.3.6.1.2.1.2.2.1.5.12',1,'2020-05-13 00:12:33'),(8,4,'ifSpeed','1000000000','13','.1.3.6.1.2.1.2.2.1.5.13',1,'2020-05-13 00:12:33'),(8,4,'ifSpeed','4294967295','14','.1.3.6.1.2.1.2.2.1.5.14',1,'2020-05-13 00:12:33'),(8,4,'ifSpeed','4294967295','15','.1.3.6.1.2.1.2.2.1.5.15',1,'2020-05-13 00:12:33'),(8,4,'ifSpeed','100000000','16','.1.3.6.1.2.1.2.2.1.5.16',1,'2020-05-13 00:12:33'),(8,4,'ifSpeed','144000','17','.1.3.6.1.2.1.2.2.1.5.17',1,'2020-05-13 00:12:33'),(8,4,'ifSpeed','16000','18','.1.3.6.1.2.1.2.2.1.5.18',1,'2020-05-13 00:12:33'),(8,4,'ifSpeed','64000','19','.1.3.6.1.2.1.2.2.1.5.19',1,'2020-05-13 00:12:33'),(8,4,'ifSpeed','64000','2','.1.3.6.1.2.1.2.2.1.5.2',1,'2020-05-13 00:12:33'),(8,4,'ifSpeed','64000','20','.1.3.6.1.2.1.2.2.1.5.20',1,'2020-05-13 00:12:33'),(8,4,'ifSpeed','4294967295','21','.1.3.6.1.2.1.2.2.1.5.21',1,'2020-05-13 00:12:33'),(8,4,'ifSpeed','64000','3','.1.3.6.1.2.1.2.2.1.5.3',1,'2020-05-13 00:12:33'),(8,4,'ifSpeed','100000000','4','.1.3.6.1.2.1.2.2.1.5.4',1,'2020-05-13 00:12:33'),(8,4,'ifSpeed','100000','43','.1.3.6.1.2.1.2.2.1.5.43',1,'2020-05-13 00:12:33'),(8,4,'ifSpeed','100000000','44','.1.3.6.1.2.1.2.2.1.5.44',1,'2020-05-13 00:12:33'),(8,4,'ifSpeed','100000000','45','.1.3.6.1.2.1.2.2.1.5.45',1,'2020-05-13 00:12:33'),(8,4,'ifSpeed','100000000','46','.1.3.6.1.2.1.2.2.1.5.46',1,'2020-05-13 00:12:33'),(8,4,'ifSpeed','100000000','47','.1.3.6.1.2.1.2.2.1.5.47',1,'2020-05-13 00:12:33'),(8,4,'ifSpeed','100000','48','.1.3.6.1.2.1.2.2.1.5.48',1,'2020-05-13 00:12:33'),(8,4,'ifSpeed','9000','49','.1.3.6.1.2.1.2.2.1.5.49',1,'2020-05-13 00:12:33'),(8,4,'ifSpeed','100000000','5','.1.3.6.1.2.1.2.2.1.5.5',1,'2020-05-13 00:12:33'),(8,4,'ifSpeed','100000000','52','.1.3.6.1.2.1.2.2.1.5.52',1,'2020-05-13 00:12:33'),(8,4,'ifSpeed','100000000','6','.1.3.6.1.2.1.2.2.1.5.6',1,'2020-05-13 00:12:33'),(8,4,'ifSpeed','100000000','7','.1.3.6.1.2.1.2.2.1.5.7',1,'2020-05-13 00:12:33'),(8,4,'ifSpeed','100000000','8','.1.3.6.1.2.1.2.2.1.5.8',1,'2020-05-13 00:12:33'),(8,4,'ifSpeed','100000000','9','.1.3.6.1.2.1.2.2.1.5.9',1,'2020-05-13 00:12:33'),(8,4,'ifType','lapd','1','.1.3.6.1.2.1.2.2.1.3.1',1,'2020-05-13 00:12:33'),(8,4,'ifType','ethernetCsmacd','10','.1.3.6.1.2.1.2.2.1.3.10',1,'2020-05-13 00:12:33'),(8,4,'ifType','ethernetCsmacd','11','.1.3.6.1.2.1.2.2.1.3.11',1,'2020-05-13 00:12:33'),(8,4,'ifType','ethernetCsmacd','12','.1.3.6.1.2.1.2.2.1.3.12',1,'2020-05-13 00:12:33'),(8,4,'ifType','ethernetCsmacd','13','.1.3.6.1.2.1.2.2.1.3.13',1,'2020-05-13 00:12:33'),(8,4,'ifType','other','14','.1.3.6.1.2.1.2.2.1.3.14',1,'2020-05-13 00:12:33'),(8,4,'ifType','other','15','.1.3.6.1.2.1.2.2.1.3.15',1,'2020-05-13 00:12:33'),(8,4,'ifType','propVirtual','16','.1.3.6.1.2.1.2.2.1.3.16',1,'2020-05-13 00:12:33'),(8,4,'ifType','isdns','17','.1.3.6.1.2.1.2.2.1.3.17',1,'2020-05-13 00:12:33'),(8,4,'ifType','isdn','18','.1.3.6.1.2.1.2.2.1.3.18',1,'2020-05-13 00:12:33'),(8,4,'ifType','ds0','19','.1.3.6.1.2.1.2.2.1.3.19',1,'2020-05-13 00:12:33'),(8,4,'ifType','propPointToPointSerial','2','.1.3.6.1.2.1.2.2.1.3.2',1,'2020-05-13 00:12:33'),(8,4,'ifType','ds0','20','.1.3.6.1.2.1.2.2.1.3.20',1,'2020-05-13 00:12:33'),(8,4,'ifType','softwareLoopback','21','.1.3.6.1.2.1.2.2.1.3.21',1,'2020-05-13 00:12:33'),(8,4,'ifType','propPointToPointSerial','3','.1.3.6.1.2.1.2.2.1.3.3',1,'2020-05-13 00:12:33'),(8,4,'ifType','ethernetCsmacd','4','.1.3.6.1.2.1.2.2.1.3.4',1,'2020-05-13 00:12:33'),(8,4,'ifType','tunnel','43','.1.3.6.1.2.1.2.2.1.3.43',1,'2020-05-13 00:12:33'),(8,4,'ifType','propVirtual','44','.1.3.6.1.2.1.2.2.1.3.44',1,'2020-05-13 00:12:33'),(8,4,'ifType','propVirtual','45','.1.3.6.1.2.1.2.2.1.3.45',1,'2020-05-13 00:12:33'),(8,4,'ifType','propVirtual','46','.1.3.6.1.2.1.2.2.1.3.46',1,'2020-05-13 00:12:33'),(8,4,'ifType','propVirtual','47','.1.3.6.1.2.1.2.2.1.3.47',1,'2020-05-13 00:12:33'),(8,4,'ifType','tunnel','48','.1.3.6.1.2.1.2.2.1.3.48',1,'2020-05-13 00:12:33'),(8,4,'ifType','other','49','.1.3.6.1.2.1.2.2.1.3.49',1,'2020-05-13 00:12:33'),(8,4,'ifType','ethernetCsmacd','5','.1.3.6.1.2.1.2.2.1.3.5',1,'2020-05-13 00:12:33'),(8,4,'ifType','propVirtual','52','.1.3.6.1.2.1.2.2.1.3.52',1,'2020-05-13 00:12:33'),(8,4,'ifType','ethernetCsmacd','6','.1.3.6.1.2.1.2.2.1.3.6',1,'2020-05-13 00:12:33'),(8,4,'ifType','ethernetCsmacd','7','.1.3.6.1.2.1.2.2.1.3.7',1,'2020-05-13 00:12:33'),(8,4,'ifType','ethernetCsmacd','8','.1.3.6.1.2.1.2.2.1.3.8',1,'2020-05-13 00:12:33'),(8,4,'ifType','ethernetCsmacd','9','.1.3.6.1.2.1.2.2.1.3.9',1,'2020-05-13 00:12:33'),(9,4,'ifAdminStatus','Up','1','.1.3.6.1.2.1.2.2.1.7.1',1,'2020-05-15 00:50:18'),(9,4,'ifAdminStatus','Up','2','.1.3.6.1.2.1.2.2.1.7.2',1,'2020-05-15 00:50:18'),(9,4,'ifAdminStatus','Up','5','.1.3.6.1.2.1.2.2.1.7.5',1,'2020-05-15 00:50:18'),(9,4,'ifAdminStatus','Up','6','.1.3.6.1.2.1.2.2.1.7.6',1,'2020-05-15 00:50:18'),(9,4,'ifAdminStatus','Up','7','.1.3.6.1.2.1.2.2.1.7.7',1,'2020-05-15 00:50:18'),(9,4,'ifAlias','','1','.1.3.6.1.2.1.31.1.1.1.18.1',1,'2020-05-15 00:50:18'),(9,4,'ifAlias','','2','.1.3.6.1.2.1.31.1.1.1.18.2',1,'2020-05-15 00:50:18'),(9,4,'ifAlias','','5','.1.3.6.1.2.1.31.1.1.1.18.5',1,'2020-05-15 00:50:18'),(9,4,'ifAlias','','6','.1.3.6.1.2.1.31.1.1.1.18.6',1,'2020-05-15 00:50:18'),(9,4,'ifAlias','','7','.1.3.6.1.2.1.31.1.1.1.18.7',1,'2020-05-15 00:50:18'),(9,4,'ifDescr','lo','1','.1.3.6.1.2.1.2.2.1.2.1',1,'2020-05-15 00:50:18'),(9,4,'ifDescr','eth0','2','.1.3.6.1.2.1.2.2.1.2.2',1,'2020-05-15 00:50:18'),(9,4,'ifDescr','br-lan','5','.1.3.6.1.2.1.2.2.1.2.5',1,'2020-05-15 00:50:18'),(9,4,'ifDescr','eth0.1','6','.1.3.6.1.2.1.2.2.1.2.6',1,'2020-05-15 00:50:18'),(9,4,'ifDescr','Device 168c:0030','7','.1.3.6.1.2.1.2.2.1.2.7',1,'2020-05-15 00:50:18'),(9,4,'ifHighSpeed','10','1','.1.3.6.1.2.1.31.1.1.1.15.1',1,'2020-05-15 00:50:18'),(9,4,'ifHighSpeed','1000','2','.1.3.6.1.2.1.31.1.1.1.15.2',1,'2020-05-15 00:50:18'),(9,4,'ifHighSpeed','0','5','.1.3.6.1.2.1.31.1.1.1.15.5',1,'2020-05-15 00:50:18'),(9,4,'ifHighSpeed','1000','6','.1.3.6.1.2.1.31.1.1.1.15.6',1,'2020-05-15 00:50:18'),(9,4,'ifHighSpeed','0','7','.1.3.6.1.2.1.31.1.1.1.15.7',1,'2020-05-15 00:50:18'),(9,4,'ifHwAddr','','1','.1.3.6.1.2.1.2.2.1.6.1',1,'2020-05-15 00:50:18'),(9,4,'ifHwAddr','10:6f:3f:4b:58:6e','2','.1.3.6.1.2.1.2.2.1.6.2',1,'2020-05-15 00:50:18'),(9,4,'ifHwAddr','10:6f:3f:4b:58:6e','5','.1.3.6.1.2.1.2.2.1.6.5',1,'2020-05-15 00:50:18'),(9,4,'ifHwAddr','10:6f:3f:4b:58:6e','6','.1.3.6.1.2.1.2.2.1.6.6',1,'2020-05-15 00:50:18'),(9,4,'ifHwAddr','10:6f:3f:4b:58:6e','7','.1.3.6.1.2.1.2.2.1.6.7',1,'2020-05-15 00:50:18'),(9,4,'ifIndex','1','1','.1.3.6.1.2.1.2.2.1.1.1',1,'2020-05-15 00:50:18'),(9,4,'ifIndex','2','2','.1.3.6.1.2.1.2.2.1.1.2',1,'2020-05-15 00:50:18'),(9,4,'ifIndex','5','5','.1.3.6.1.2.1.2.2.1.1.5',1,'2020-05-15 00:50:18'),(9,4,'ifIndex','6','6','.1.3.6.1.2.1.2.2.1.1.6',1,'2020-05-15 00:50:18'),(9,4,'ifIndex','7','7','.1.3.6.1.2.1.2.2.1.1.7',1,'2020-05-15 00:50:18'),(9,4,'ifIP','127.0.0.1','1','.1.3.6.1.2.1.4.20.1.2.127.0.0.1',1,'2020-05-15 00:50:18'),(9,4,'ifIP','10.101.29.253','5','.1.3.6.1.2.1.4.20.1.2.10.101.29.253',1,'2020-05-15 00:50:18'),(9,4,'ifName','lo','1','.1.3.6.1.2.1.31.1.1.1.1.1',1,'2020-05-15 00:50:18'),(9,4,'ifName','eth0','2','.1.3.6.1.2.1.31.1.1.1.1.2',1,'2020-05-15 00:50:18'),(9,4,'ifName','br-lan','5','.1.3.6.1.2.1.31.1.1.1.1.5',1,'2020-05-15 00:50:18'),(9,4,'ifName','eth0.1','6','.1.3.6.1.2.1.31.1.1.1.1.6',1,'2020-05-15 00:50:18'),(9,4,'ifName','wlan0','7','.1.3.6.1.2.1.31.1.1.1.1.7',1,'2020-05-15 00:50:18'),(9,4,'ifOperStatus','Up','1','.1.3.6.1.2.1.2.2.1.8.1',1,'2020-05-15 00:50:18'),(9,4,'ifOperStatus','Up','2','.1.3.6.1.2.1.2.2.1.8.2',1,'2020-05-15 00:50:18'),(9,4,'ifOperStatus','Up','5','.1.3.6.1.2.1.2.2.1.8.5',1,'2020-05-15 00:50:18'),(9,4,'ifOperStatus','Up','6','.1.3.6.1.2.1.2.2.1.8.6',1,'2020-05-15 00:50:18'),(9,4,'ifOperStatus','Up','7','.1.3.6.1.2.1.2.2.1.8.7',1,'2020-05-15 00:50:18'),(9,4,'ifSpeed','10000000','1','.1.3.6.1.2.1.2.2.1.5.1',1,'2020-05-15 00:50:18'),(9,4,'ifSpeed','1000000000','2','.1.3.6.1.2.1.2.2.1.5.2',1,'2020-05-15 00:50:18'),(9,4,'ifSpeed','0','5','.1.3.6.1.2.1.2.2.1.5.5',1,'2020-05-15 00:50:18'),(9,4,'ifSpeed','1000000000','6','.1.3.6.1.2.1.2.2.1.5.6',1,'2020-05-15 00:50:18'),(9,4,'ifSpeed','0','7','.1.3.6.1.2.1.2.2.1.5.7',1,'2020-05-15 00:50:18'),(9,4,'ifType','softwareLoopback','1','.1.3.6.1.2.1.2.2.1.3.1',1,'2020-05-15 00:50:18'),(9,4,'ifType','ethernetCsmacd','2','.1.3.6.1.2.1.2.2.1.3.2',1,'2020-05-15 00:50:18'),(9,4,'ifType','ethernetCsmacd','5','.1.3.6.1.2.1.2.2.1.3.5',1,'2020-05-15 00:50:18'),(9,4,'ifType','ethernetCsmacd','6','.1.3.6.1.2.1.2.2.1.3.6',1,'2020-05-15 00:50:18'),(9,4,'ifType','ethernetCsmacd','7','.1.3.6.1.2.1.2.2.1.3.7',1,'2020-05-15 00:50:18'),(9,7,'hrStorageAllocationUnits','1024','1','',1,'2020-05-15 00:50:19'),(9,7,'hrStorageAllocationUnits','1024','10','',1,'2020-05-15 00:50:19'),(9,7,'hrStorageAllocationUnits','1024','3','',1,'2020-05-15 00:50:19'),(9,7,'hrStorageAllocationUnits','262144','31','',1,'2020-05-15 00:50:19'),(9,7,'hrStorageAllocationUnits','4096','32','',1,'2020-05-15 00:50:19'),(9,7,'hrStorageAllocationUnits','4096','33','',1,'2020-05-15 00:50:19'),(9,7,'hrStorageAllocationUnits','1024','6','',1,'2020-05-15 00:50:19'),(9,7,'hrStorageAllocationUnits','1024','7','',1,'2020-05-15 00:50:19'),(9,7,'hrStorageAllocationUnits','1024','8','',1,'2020-05-15 00:50:19'),(9,7,'hrStorageDescr','Physical memory','1','',1,'2020-05-15 00:50:19'),(9,7,'hrStorageDescr','Swap space','10','',1,'2020-05-15 00:50:19'),(9,7,'hrStorageDescr','Virtual memory','3','',1,'2020-05-15 00:50:19'),(9,7,'hrStorageDescr','/rom','31','',1,'2020-05-15 00:50:19'),(9,7,'hrStorageDescr','/overlay','32','',1,'2020-05-15 00:50:19'),(9,7,'hrStorageDescr','/','33','',1,'2020-05-15 00:50:19'),(9,7,'hrStorageDescr','Memory buffers','6','',1,'2020-05-15 00:50:19'),(9,7,'hrStorageDescr','Cached memory','7','',1,'2020-05-15 00:50:19'),(9,7,'hrStorageDescr','Shared memory','8','',1,'2020-05-15 00:50:19'),(9,7,'hrStorageIndex','1','1','',1,'2020-05-15 00:50:19'),(9,7,'hrStorageIndex','10','10','',1,'2020-05-15 00:50:19'),(9,7,'hrStorageIndex','3','3','',1,'2020-05-15 00:50:19'),(9,7,'hrStorageIndex','31','31','',1,'2020-05-15 00:50:19'),(9,7,'hrStorageIndex','32','32','',1,'2020-05-15 00:50:19'),(9,7,'hrStorageIndex','33','33','',1,'2020-05-15 00:50:19'),(9,7,'hrStorageIndex','6','6','',1,'2020-05-15 00:50:19'),(9,7,'hrStorageIndex','7','7','',1,'2020-05-15 00:50:19'),(9,7,'hrStorageIndex','8','8','',1,'2020-05-15 00:50:19'),(9,8,'hrProcessorFrwID','0','0','',1,'2020-05-15 00:50:21'),(9,8,'hrProcessorFrwID','Total','4000','',1,'2020-05-15 00:50:21'),(10,4,'ifAdminStatus','Up','1','.1.3.6.1.2.1.2.2.1.7.1',1,'2020-05-15 00:50:13'),(10,4,'ifAdminStatus','Up','11','.1.3.6.1.2.1.2.2.1.7.11',1,'2020-05-15 00:50:13'),(10,4,'ifAdminStatus','Up','12','.1.3.6.1.2.1.2.2.1.7.12',1,'2020-05-15 00:50:13'),(10,4,'ifAdminStatus','Up','13','.1.3.6.1.2.1.2.2.1.7.13',1,'2020-05-15 00:50:13'),(10,4,'ifAdminStatus','Up','2','.1.3.6.1.2.1.2.2.1.7.2',1,'2020-05-15 00:50:13'),(10,4,'ifAdminStatus','Down','3','.1.3.6.1.2.1.2.2.1.7.3',1,'2020-05-15 00:50:13'),(10,4,'ifAdminStatus','Down','5','.1.3.6.1.2.1.2.2.1.7.5',1,'2020-05-15 00:50:13'),(10,4,'ifAlias','','1','.1.3.6.1.2.1.31.1.1.1.18.1',1,'2020-05-15 00:50:13'),(10,4,'ifAlias','','11','.1.3.6.1.2.1.31.1.1.1.18.11',1,'2020-05-15 00:50:13'),(10,4,'ifAlias','','12','.1.3.6.1.2.1.31.1.1.1.18.12',1,'2020-05-15 00:50:13'),(10,4,'ifAlias','','13','.1.3.6.1.2.1.31.1.1.1.18.13',1,'2020-05-15 00:50:13'),(10,4,'ifAlias','','2','.1.3.6.1.2.1.31.1.1.1.18.2',1,'2020-05-15 00:50:13'),(10,4,'ifAlias','','3','.1.3.6.1.2.1.31.1.1.1.18.3',1,'2020-05-15 00:50:13'),(10,4,'ifAlias','','5','.1.3.6.1.2.1.31.1.1.1.18.5',1,'2020-05-15 00:50:13'),(10,4,'ifDescr','lo','1','.1.3.6.1.2.1.2.2.1.2.1',1,'2020-05-15 00:50:13'),(10,4,'ifDescr','br-lan','11','.1.3.6.1.2.1.2.2.1.2.11',1,'2020-05-15 00:50:13'),(10,4,'ifDescr','eth0.1','12','.1.3.6.1.2.1.2.2.1.2.12',1,'2020-05-15 00:50:13'),(10,4,'ifDescr','Device 168c:0029','13','.1.3.6.1.2.1.2.2.1.2.13',1,'2020-05-15 00:50:13'),(10,4,'ifDescr','eth0','2','.1.3.6.1.2.1.2.2.1.2.2',1,'2020-05-15 00:50:13'),(10,4,'ifDescr','eth1','3','.1.3.6.1.2.1.2.2.1.2.3',1,'2020-05-15 00:50:13'),(10,4,'ifDescr','Device 168c:0029','5','.1.3.6.1.2.1.2.2.1.2.5',1,'2020-05-15 00:50:13'),(10,4,'ifHighSpeed','10','1','.1.3.6.1.2.1.31.1.1.1.15.1',1,'2020-05-15 00:50:13'),(10,4,'ifHighSpeed','0','11','.1.3.6.1.2.1.31.1.1.1.15.11',1,'2020-05-15 00:50:13'),(10,4,'ifHighSpeed','1000','12','.1.3.6.1.2.1.31.1.1.1.15.12',1,'2020-05-15 00:50:13'),(10,4,'ifHighSpeed','0','13','.1.3.6.1.2.1.31.1.1.1.15.13',1,'2020-05-15 00:50:13'),(10,4,'ifHighSpeed','1000','2','.1.3.6.1.2.1.31.1.1.1.15.2',1,'2020-05-15 00:50:13'),(10,4,'ifHighSpeed','10','3','.1.3.6.1.2.1.31.1.1.1.15.3',1,'2020-05-15 00:50:13'),(10,4,'ifHighSpeed','0','5','.1.3.6.1.2.1.31.1.1.1.15.5',1,'2020-05-15 00:50:13'),(10,4,'ifHwAddr','','1','.1.3.6.1.2.1.2.2.1.6.1',1,'2020-05-15 00:50:13'),(10,4,'ifHwAddr','4c:e6:76:f9:dd:ba','11','.1.3.6.1.2.1.2.2.1.6.11',1,'2020-05-15 00:50:13'),(10,4,'ifHwAddr','4c:e6:76:f9:dd:ba','12','.1.3.6.1.2.1.2.2.1.6.12',1,'2020-05-15 00:50:13'),(10,4,'ifHwAddr','4c:e6:76:f9:dd:bb','13','.1.3.6.1.2.1.2.2.1.6.13',1,'2020-05-15 00:50:13'),(10,4,'ifHwAddr','4c:e6:76:f9:dd:ba','2','.1.3.6.1.2.1.2.2.1.6.2',1,'2020-05-15 00:50:13'),(10,4,'ifHwAddr','4c:e6:76:f9:dd:bc','3','.1.3.6.1.2.1.2.2.1.6.3',1,'2020-05-15 00:50:13'),(10,4,'ifHwAddr','4c:e6:76:f9:dd:ba','5','.1.3.6.1.2.1.2.2.1.6.5',1,'2020-05-15 00:50:13'),(10,4,'ifIndex','1','1','.1.3.6.1.2.1.2.2.1.1.1',1,'2020-05-15 00:50:13'),(10,4,'ifIndex','11','11','.1.3.6.1.2.1.2.2.1.1.11',1,'2020-05-15 00:50:13'),(10,4,'ifIndex','12','12','.1.3.6.1.2.1.2.2.1.1.12',1,'2020-05-15 00:50:13'),(10,4,'ifIndex','13','13','.1.3.6.1.2.1.2.2.1.1.13',1,'2020-05-15 00:50:13'),(10,4,'ifIndex','2','2','.1.3.6.1.2.1.2.2.1.1.2',1,'2020-05-15 00:50:13'),(10,4,'ifIndex','3','3','.1.3.6.1.2.1.2.2.1.1.3',1,'2020-05-15 00:50:13'),(10,4,'ifIndex','5','5','.1.3.6.1.2.1.2.2.1.1.5',1,'2020-05-15 00:50:13'),(10,4,'ifIP','127.0.0.1','1','.1.3.6.1.2.1.4.20.1.2.127.0.0.1',1,'2020-05-15 00:50:13'),(10,4,'ifIP','10.101.29.252','11','.1.3.6.1.2.1.4.20.1.2.10.101.29.252',1,'2020-05-15 00:50:13'),(10,4,'ifName','lo','1','.1.3.6.1.2.1.31.1.1.1.1.1',1,'2020-05-15 00:50:13'),(10,4,'ifName','br-lan','11','.1.3.6.1.2.1.31.1.1.1.1.11',1,'2020-05-15 00:50:13'),(10,4,'ifName','eth0.1','12','.1.3.6.1.2.1.31.1.1.1.1.12',1,'2020-05-15 00:50:13'),(10,4,'ifName','wlan1','13','.1.3.6.1.2.1.31.1.1.1.1.13',1,'2020-05-15 00:50:13'),(10,4,'ifName','eth0','2','.1.3.6.1.2.1.31.1.1.1.1.2',1,'2020-05-15 00:50:13'),(10,4,'ifName','eth1','3','.1.3.6.1.2.1.31.1.1.1.1.3',1,'2020-05-15 00:50:13'),(10,4,'ifName','wlan0','5','.1.3.6.1.2.1.31.1.1.1.1.5',1,'2020-05-15 00:50:13'),(10,4,'ifOperStatus','Up','1','.1.3.6.1.2.1.2.2.1.8.1',1,'2020-05-15 00:50:13'),(10,4,'ifOperStatus','Up','11','.1.3.6.1.2.1.2.2.1.8.11',1,'2020-05-15 00:50:13'),(10,4,'ifOperStatus','Up','12','.1.3.6.1.2.1.2.2.1.8.12',1,'2020-05-15 00:50:13'),(10,4,'ifOperStatus','Up','13','.1.3.6.1.2.1.2.2.1.8.13',1,'2020-05-15 00:50:13'),(10,4,'ifOperStatus','Up','2','.1.3.6.1.2.1.2.2.1.8.2',1,'2020-05-15 00:50:13'),(10,4,'ifOperStatus','Down','3','.1.3.6.1.2.1.2.2.1.8.3',1,'2020-05-15 00:50:13'),(10,4,'ifOperStatus','Down','5','.1.3.6.1.2.1.2.2.1.8.5',1,'2020-05-15 00:50:13'),(10,4,'ifSpeed','10000000','1','.1.3.6.1.2.1.2.2.1.5.1',1,'2020-05-15 00:50:13'),(10,4,'ifSpeed','0','11','.1.3.6.1.2.1.2.2.1.5.11',1,'2020-05-15 00:50:13'),(10,4,'ifSpeed','1000000000','12','.1.3.6.1.2.1.2.2.1.5.12',1,'2020-05-15 00:50:13'),(10,4,'ifSpeed','0','13','.1.3.6.1.2.1.2.2.1.5.13',1,'2020-05-15 00:50:13'),(10,4,'ifSpeed','1000000000','2','.1.3.6.1.2.1.2.2.1.5.2',1,'2020-05-15 00:50:13'),(10,4,'ifSpeed','10000000','3','.1.3.6.1.2.1.2.2.1.5.3',1,'2020-05-15 00:50:13'),(10,4,'ifSpeed','0','5','.1.3.6.1.2.1.2.2.1.5.5',1,'2020-05-15 00:50:13'),(10,4,'ifType','softwareLoopback','1','.1.3.6.1.2.1.2.2.1.3.1',1,'2020-05-15 00:50:13'),(10,4,'ifType','ethernetCsmacd','11','.1.3.6.1.2.1.2.2.1.3.11',1,'2020-05-15 00:50:13'),(10,4,'ifType','ethernetCsmacd','12','.1.3.6.1.2.1.2.2.1.3.12',1,'2020-05-15 00:50:13'),(10,4,'ifType','ethernetCsmacd','13','.1.3.6.1.2.1.2.2.1.3.13',1,'2020-05-15 00:50:13'),(10,4,'ifType','ethernetCsmacd','2','.1.3.6.1.2.1.2.2.1.3.2',1,'2020-05-15 00:50:13'),(10,4,'ifType','ethernetCsmacd','3','.1.3.6.1.2.1.2.2.1.3.3',1,'2020-05-15 00:50:13'),(10,4,'ifType','ethernetCsmacd','5','.1.3.6.1.2.1.2.2.1.3.5',1,'2020-05-15 00:50:13'),(10,7,'hrStorageAllocationUnits','1024','1','',1,'2020-05-15 00:50:14'),(10,7,'hrStorageAllocationUnits','1024','10','',1,'2020-05-15 00:50:14'),(10,7,'hrStorageAllocationUnits','1024','3','',1,'2020-05-15 00:50:14'),(10,7,'hrStorageAllocationUnits','262144','31','',1,'2020-05-15 00:50:14'),(10,7,'hrStorageAllocationUnits','4096','32','',1,'2020-05-15 00:50:14'),(10,7,'hrStorageAllocationUnits','4096','33','',1,'2020-05-15 00:50:14'),(10,7,'hrStorageAllocationUnits','1024','6','',1,'2020-05-15 00:50:14'),(10,7,'hrStorageAllocationUnits','1024','7','',1,'2020-05-15 00:50:14'),(10,7,'hrStorageAllocationUnits','1024','8','',1,'2020-05-15 00:50:14'),(10,7,'hrStorageDescr','Physical memory','1','',1,'2020-05-15 00:50:14'),(10,7,'hrStorageDescr','Swap space','10','',1,'2020-05-15 00:50:14'),(10,7,'hrStorageDescr','Virtual memory','3','',1,'2020-05-15 00:50:14'),(10,7,'hrStorageDescr','/rom','31','',1,'2020-05-15 00:50:14'),(10,7,'hrStorageDescr','/overlay','32','',1,'2020-05-15 00:50:14'),(10,7,'hrStorageDescr','/','33','',1,'2020-05-15 00:50:14'),(10,7,'hrStorageDescr','Memory buffers','6','',1,'2020-05-15 00:50:14'),(10,7,'hrStorageDescr','Cached memory','7','',1,'2020-05-15 00:50:14'),(10,7,'hrStorageDescr','Shared memory','8','',1,'2020-05-15 00:50:14'),(10,7,'hrStorageIndex','1','1','',1,'2020-05-15 00:50:14'),(10,7,'hrStorageIndex','10','10','',1,'2020-05-15 00:50:14'),(10,7,'hrStorageIndex','3','3','',1,'2020-05-15 00:50:14'),(10,7,'hrStorageIndex','31','31','',1,'2020-05-15 00:50:14'),(10,7,'hrStorageIndex','32','32','',1,'2020-05-15 00:50:14'),(10,7,'hrStorageIndex','33','33','',1,'2020-05-15 00:50:14'),(10,7,'hrStorageIndex','6','6','',1,'2020-05-15 00:50:14'),(10,7,'hrStorageIndex','7','7','',1,'2020-05-15 00:50:14'),(10,7,'hrStorageIndex','8','8','',1,'2020-05-15 00:50:14'),(10,8,'hrProcessorFrwID','0','0','',1,'2020-05-15 00:50:16'),(10,8,'hrProcessorFrwID','Total','4000','',1,'2020-05-15 00:50:16');
/*!40000 ALTER TABLE `host_snmp_cache` ENABLE KEYS */;
UNLOCK TABLES;

--
-- Table structure for table `host_snmp_query`
--

DROP TABLE IF EXISTS `host_snmp_query`;
/*!40101 SET @saved_cs_client     = @@character_set_client */;
/*!40101 SET character_set_client = utf8 */;
CREATE TABLE `host_snmp_query` (
  `host_id` mediumint(8) unsigned NOT NULL DEFAULT 0,
  `snmp_query_id` mediumint(8) unsigned NOT NULL DEFAULT 0,
  `sort_field` varchar(50) COLLATE utf8mb4_unicode_ci NOT NULL DEFAULT '',
  `title_format` varchar(50) COLLATE utf8mb4_unicode_ci NOT NULL DEFAULT '',
  `reindex_method` tinyint(3) unsigned NOT NULL DEFAULT 0,
  PRIMARY KEY (`host_id`,`snmp_query_id`),
  KEY `host_id` (`host_id`)
) ENGINE=InnoDB DEFAULT CHARSET=utf8mb4 COLLATE=utf8mb4_unicode_ci ROW_FORMAT=DYNAMIC;
/*!40101 SET character_set_client = @saved_cs_client */;

--
-- Dumping data for table `host_snmp_query`
--

LOCK TABLES `host_snmp_query` WRITE;
/*!40000 ALTER TABLE `host_snmp_query` DISABLE KEYS */;
INSERT INTO `host_snmp_query` VALUES (1,5,'dskDevice','|query_dskDevice|',1),(3,4,'ifName','|query_ifName|',1),(3,7,'hrStorageDescr','|query_hrStorageDescr|',1),(3,8,'hrProcessorFrwID','CPU#|query_hrProcessorFrwID|',1),(4,4,'ifName','|query_ifName|',1),(4,6,'dskPath','',1),(4,7,'hrStorageDescr','|query_hrStorageDescr|',1),(4,8,'hrProcessorFrwID','CPU#|query_hrProcessorFrwID|',1),(4,9,'diskIODevice','|query_diskIODevice|',1),(5,4,'ifName','|query_ifName|',1),(6,4,'ifName','|query_ifName|',1),(6,6,'dskPath','',1),(6,7,'hrStorageDescr','|query_hrStorageDescr|',1),(6,8,'hrProcessorFrwID','CPU#|query_hrProcessorFrwID|',1),(6,9,'diskIODevice','',1),(7,4,'ifName','|query_ifName|',1),(7,6,'dskPath','',1),(7,7,'hrStorageDescr','|query_hrStorageDescr|',1),(7,8,'hrProcessorFrwID','CPU#|query_hrProcessorFrwID|',1),(7,9,'diskIODevice','',1),(8,4,'ifDescr','|query_ifDescr|',1),(9,4,'ifName','|query_ifName|',1),(9,6,'dskPath','',1),(9,7,'hrStorageDescr','|query_hrStorageDescr|',1),(9,8,'hrProcessorFrwID','CPU#|query_hrProcessorFrwID|',1),(9,9,'diskIODevice','',1),(10,4,'ifName','|query_ifName|',1),(10,6,'dskPath','',1),(10,7,'hrStorageDescr','|query_hrStorageDescr|',1),(10,8,'hrProcessorFrwID','CPU#|query_hrProcessorFrwID|',1),(10,9,'diskIODevice','',1);
/*!40000 ALTER TABLE `host_snmp_query` ENABLE KEYS */;
UNLOCK TABLES;

--
-- Table structure for table `host_template`
--

DROP TABLE IF EXISTS `host_template`;
/*!40101 SET @saved_cs_client     = @@character_set_client */;
/*!40101 SET character_set_client = utf8 */;
CREATE TABLE `host_template` (
  `id` mediumint(8) unsigned NOT NULL AUTO_INCREMENT,
  `hash` varchar(32) COLLATE utf8mb4_unicode_ci NOT NULL DEFAULT '',
  `name` varchar(100) COLLATE utf8mb4_unicode_ci NOT NULL DEFAULT '',
  PRIMARY KEY (`id`),
  KEY `name` (`name`)
) ENGINE=InnoDB AUTO_INCREMENT=7 DEFAULT CHARSET=utf8mb4 COLLATE=utf8mb4_unicode_ci ROW_FORMAT=DYNAMIC;
/*!40101 SET character_set_client = @saved_cs_client */;

--
-- Dumping data for table `host_template`
--

LOCK TABLES `host_template` WRITE;
/*!40000 ALTER TABLE `host_template` DISABLE KEYS */;
INSERT INTO `host_template` VALUES (1,'bd1c482a581a40e96348657977e33b75','Cacti Stats'),(2,'cae6a879f86edacb2471055783bec6d0','Cisco Router'),(3,'4855b0e3e553085ed57219690285f91f','Generic SNMP Device'),(4,'2d3e47f416738c2d22c87c40218cc55e','Local Linux Machine'),(5,'07d3fe6a52915f99e642d22e27d967a4','Net-SNMP Device'),(6,'5b8300be607dce4f030b026a381b91cd','Windows Device');
/*!40000 ALTER TABLE `host_template` ENABLE KEYS */;
UNLOCK TABLES;

--
-- Table structure for table `host_template_graph`
--

DROP TABLE IF EXISTS `host_template_graph`;
/*!40101 SET @saved_cs_client     = @@character_set_client */;
/*!40101 SET character_set_client = utf8 */;
CREATE TABLE `host_template_graph` (
  `host_template_id` mediumint(8) unsigned NOT NULL DEFAULT 0,
  `graph_template_id` mediumint(8) unsigned NOT NULL DEFAULT 0,
  PRIMARY KEY (`host_template_id`,`graph_template_id`),
  KEY `host_template_id` (`host_template_id`)
) ENGINE=InnoDB DEFAULT CHARSET=utf8mb4 COLLATE=utf8mb4_unicode_ci ROW_FORMAT=DYNAMIC;
/*!40101 SET character_set_client = @saved_cs_client */;

--
-- Dumping data for table `host_template_graph`
--

LOCK TABLES `host_template_graph` WRITE;
/*!40000 ALTER TABLE `host_template_graph` DISABLE KEYS */;
INSERT INTO `host_template_graph` VALUES (1,1),(1,2),(1,3),(1,4),(1,5),(1,6),(1,7),(1,8),(1,9),(1,10),(1,11),(1,12),(1,13),(1,14),(1,15),(1,16),(1,17),(1,18),(1,19),(1,20),(1,21),(1,22),(2,33),(2,34),(2,35),(3,34),(3,35),(3,46),(3,47),(4,48),(4,49),(4,50),(4,51),(5,34),(5,35),(5,53),(5,54),(5,55),(5,56),(5,57),(5,58),(5,59),(5,60),(5,61),(6,34),(6,35),(6,55),(6,56);
/*!40000 ALTER TABLE `host_template_graph` ENABLE KEYS */;
UNLOCK TABLES;

--
-- Table structure for table `host_template_snmp_query`
--

DROP TABLE IF EXISTS `host_template_snmp_query`;
/*!40101 SET @saved_cs_client     = @@character_set_client */;
/*!40101 SET character_set_client = utf8 */;
CREATE TABLE `host_template_snmp_query` (
  `host_template_id` mediumint(8) unsigned NOT NULL DEFAULT 0,
  `snmp_query_id` mediumint(8) unsigned NOT NULL DEFAULT 0,
  PRIMARY KEY (`host_template_id`,`snmp_query_id`),
  KEY `host_template_id` (`host_template_id`)
) ENGINE=InnoDB DEFAULT CHARSET=utf8mb4 COLLATE=utf8mb4_unicode_ci ROW_FORMAT=DYNAMIC;
/*!40101 SET character_set_client = @saved_cs_client */;

--
-- Dumping data for table `host_template_snmp_query`
--

LOCK TABLES `host_template_snmp_query` WRITE;
/*!40000 ALTER TABLE `host_template_snmp_query` DISABLE KEYS */;
INSERT INTO `host_template_snmp_query` VALUES (1,1),(1,2),(1,3),(2,4),(3,4),(4,5),(5,4),(5,6),(5,7),(5,8),(5,9),(6,4),(6,7),(6,8);
/*!40000 ALTER TABLE `host_template_snmp_query` ENABLE KEYS */;
UNLOCK TABLES;

--
-- Table structure for table `plugin_config`
--

DROP TABLE IF EXISTS `plugin_config`;
/*!40101 SET @saved_cs_client     = @@character_set_client */;
/*!40101 SET character_set_client = utf8 */;
CREATE TABLE `plugin_config` (
  `id` mediumint(8) unsigned NOT NULL AUTO_INCREMENT,
  `directory` varchar(32) COLLATE utf8mb4_unicode_ci NOT NULL DEFAULT '',
  `name` varchar(64) COLLATE utf8mb4_unicode_ci NOT NULL DEFAULT '',
  `status` tinyint(2) NOT NULL DEFAULT 0,
  `author` varchar(64) COLLATE utf8mb4_unicode_ci NOT NULL DEFAULT '',
  `webpage` varchar(255) COLLATE utf8mb4_unicode_ci NOT NULL DEFAULT '',
  `version` varchar(8) COLLATE utf8mb4_unicode_ci NOT NULL DEFAULT '',
  PRIMARY KEY (`id`),
  KEY `status` (`status`),
  KEY `directory` (`directory`)
) ENGINE=InnoDB AUTO_INCREMENT=19 DEFAULT CHARSET=utf8mb4 COLLATE=utf8mb4_unicode_ci ROW_FORMAT=DYNAMIC;
/*!40101 SET character_set_client = @saved_cs_client */;

--
-- Dumping data for table `plugin_config`
--

LOCK TABLES `plugin_config` WRITE;
/*!40000 ALTER TABLE `plugin_config` DISABLE KEYS */;
INSERT INTO `plugin_config` VALUES (16,'rrdcalendar','display graphs in calendar format.',1,'bashaway','https://github.com/bashaway/rrdcalendar','0.5'),(18,'haruca','half ability router utility and config archiver',1,'bashaway','http://www.prosper2.org/devwiki/index.php?haruca','0.4');
/*!40000 ALTER TABLE `plugin_config` ENABLE KEYS */;
UNLOCK TABLES;

--
-- Table structure for table `plugin_db_changes`
--

DROP TABLE IF EXISTS `plugin_db_changes`;
/*!40101 SET @saved_cs_client     = @@character_set_client */;
/*!40101 SET character_set_client = utf8 */;
CREATE TABLE `plugin_db_changes` (
  `id` mediumint(8) unsigned NOT NULL AUTO_INCREMENT,
  `plugin` varchar(16) COLLATE utf8mb4_unicode_ci NOT NULL DEFAULT '',
  `table` varchar(64) COLLATE utf8mb4_unicode_ci NOT NULL DEFAULT '',
  `column` varchar(64) COLLATE utf8mb4_unicode_ci NOT NULL,
  `method` varchar(16) COLLATE utf8mb4_unicode_ci NOT NULL DEFAULT '',
  PRIMARY KEY (`id`),
  KEY `plugin` (`plugin`),
  KEY `method` (`method`)
) ENGINE=InnoDB AUTO_INCREMENT=34 DEFAULT CHARSET=utf8mb4 COLLATE=utf8mb4_unicode_ci ROW_FORMAT=DYNAMIC;
/*!40101 SET character_set_client = @saved_cs_client */;

--
-- Dumping data for table `plugin_db_changes`
--

LOCK TABLES `plugin_db_changes` WRITE;
/*!40000 ALTER TABLE `plugin_db_changes` DISABLE KEYS */;
INSERT INTO `plugin_db_changes` VALUES (23,'haruca','plugin_haruca_host','','create'),(24,'haruca','plugin_haruca_office','','create'),(25,'haruca','plugin_haruca_category','','create'),(26,'haruca','plugin_haruca_logtype','','create'),(27,'haruca','plugin_haruca_cat_get_log','','create'),(28,'haruca','plugin_haruca_log','','create'),(29,'haruca','plugin_haruca_logold','','create'),(30,'haruca','plugin_haruca_rtt','','create'),(31,'haruca','plugin_haruca_traplog','','create'),(32,'haruca','plugin_haruca_traptype','','create'),(33,'haruca','plugin_haruca_settings','','create');
/*!40000 ALTER TABLE `plugin_db_changes` ENABLE KEYS */;
UNLOCK TABLES;

--
-- Table structure for table `plugin_haruca_cat_get_log`
--

DROP TABLE IF EXISTS `plugin_haruca_cat_get_log`;
/*!40101 SET @saved_cs_client     = @@character_set_client */;
/*!40101 SET character_set_client = utf8 */;
CREATE TABLE `plugin_haruca_cat_get_log` (
  `categorycode` mediumint(8) unsigned NOT NULL,
  `logtypecode` tinyint(3) unsigned NOT NULL,
  `available` tinyint(1) unsigned NOT NULL DEFAULT 1
) ENGINE=MyISAM DEFAULT CHARSET=utf8mb4 COLLATE=utf8mb4_unicode_ci COMMENT='haruca_cat_get_log';
/*!40101 SET character_set_client = @saved_cs_client */;

--
-- Dumping data for table `plugin_haruca_cat_get_log`
--

LOCK TABLES `plugin_haruca_cat_get_log` WRITE;
/*!40000 ALTER TABLE `plugin_haruca_cat_get_log` DISABLE KEYS */;
/*!40000 ALTER TABLE `plugin_haruca_cat_get_log` ENABLE KEYS */;
UNLOCK TABLES;

--
-- Table structure for table `plugin_haruca_category`
--

DROP TABLE IF EXISTS `plugin_haruca_category`;
/*!40101 SET @saved_cs_client     = @@character_set_client */;
/*!40101 SET character_set_client = utf8 */;
CREATE TABLE `plugin_haruca_category` (
  `categorycode` mediumint(8) unsigned NOT NULL AUTO_INCREMENT,
  `categoryname` varchar(32) COLLATE utf8mb4_unicode_ci NOT NULL,
  `login_method` varchar(32) COLLATE utf8mb4_unicode_ci DEFAULT NULL,
  `prepare_cmd` varchar(32) COLLATE utf8mb4_unicode_ci DEFAULT NULL,
  `enable_cmd` varchar(32) COLLATE utf8mb4_unicode_ci DEFAULT NULL,
  `uid_prompt` varchar(32) COLLATE utf8mb4_unicode_ci DEFAULT NULL,
  `pwd_prompt` varchar(32) COLLATE utf8mb4_unicode_ci DEFAULT NULL,
  `en_prompt` varchar(32) COLLATE utf8mb4_unicode_ci DEFAULT NULL,
  `username` varchar(32) COLLATE utf8mb4_unicode_ci DEFAULT NULL,
  `vtypass` varchar(32) COLLATE utf8mb4_unicode_ci DEFAULT NULL,
  `enable` varchar(32) COLLATE utf8mb4_unicode_ci DEFAULT NULL,
  PRIMARY KEY (`categorycode`)
) ENGINE=MyISAM AUTO_INCREMENT=5 DEFAULT CHARSET=utf8mb4 COLLATE=utf8mb4_unicode_ci COMMENT='haruca_category';
/*!40101 SET character_set_client = @saved_cs_client */;

--
-- Dumping data for table `plugin_haruca_category`
--

LOCK TABLES `plugin_haruca_category` WRITE;
/*!40000 ALTER TABLE `plugin_haruca_category` DISABLE KEYS */;
INSERT INTO `plugin_haruca_category` VALUES (1,'SNMPONLY',NULL,NULL,NULL,NULL,NULL,NULL,NULL,NULL,NULL),(2,'telnet_nouser','telnet','term len 0','enable',NULL,'Password:','Password:',NULL,'password','enable'),(3,'telnet_user','telnet','term len 0','enable','Username:','Password:','Password:','user','password','enable'),(4,'ssh_user','ssh','term len 0','enable','Username:','Password:','Password:','user','password','enable');
/*!40000 ALTER TABLE `plugin_haruca_category` ENABLE KEYS */;
UNLOCK TABLES;

--
-- Table structure for table `plugin_haruca_host`
--

DROP TABLE IF EXISTS `plugin_haruca_host`;
/*!40101 SET @saved_cs_client     = @@character_set_client */;
/*!40101 SET character_set_client = utf8 */;
CREATE TABLE `plugin_haruca_host` (
  `id` mediumint(8) unsigned NOT NULL,
  `categorycode` mediumint(8) unsigned DEFAULT NULL,
  `officecode` mediumint(8) unsigned DEFAULT NULL,
  `model` varchar(32) COLLATE utf8mb4_unicode_ci DEFAULT NULL,
  `version` varchar(32) COLLATE utf8mb4_unicode_ci DEFAULT NULL,
  `serial` varchar(32) COLLATE utf8mb4_unicode_ci DEFAULT NULL,
  PRIMARY KEY (`id`)
) ENGINE=MyISAM DEFAULT CHARSET=utf8mb4 COLLATE=utf8mb4_unicode_ci COMMENT='haruca_host';
/*!40101 SET character_set_client = @saved_cs_client */;

--
-- Dumping data for table `plugin_haruca_host`
--

LOCK TABLES `plugin_haruca_host` WRITE;
/*!40000 ALTER TABLE `plugin_haruca_host` DISABLE KEYS */;
INSERT INTO `plugin_haruca_host` VALUES (1,1,1,NULL,NULL,NULL),(3,1,1,NULL,NULL,NULL),(4,1,1,NULL,NULL,NULL),(5,1,1,NULL,NULL,NULL),(6,1,1,NULL,NULL,NULL),(7,1,1,NULL,NULL,NULL),(8,1,1,NULL,NULL,NULL),(9,1,1,NULL,NULL,NULL),(10,1,1,NULL,NULL,NULL);
/*!40000 ALTER TABLE `plugin_haruca_host` ENABLE KEYS */;
UNLOCK TABLES;

--
-- Table structure for table `plugin_haruca_log`
--

DROP TABLE IF EXISTS `plugin_haruca_log`;
/*!40101 SET @saved_cs_client     = @@character_set_client */;
/*!40101 SET character_set_client = utf8 */;
CREATE TABLE `plugin_haruca_log` (
  `hostcode` smallint(5) unsigned NOT NULL,
  `logtypecode` tinyint(3) unsigned NOT NULL,
  `gettime` timestamp NOT NULL DEFAULT current_timestamp() ON UPDATE current_timestamp(),
  `value` mediumtext COLLATE utf8mb4_unicode_ci NOT NULL
) ENGINE=MyISAM DEFAULT CHARSET=utf8mb4 COLLATE=utf8mb4_unicode_ci COMMENT='haruca_log';
/*!40101 SET character_set_client = @saved_cs_client */;

--
-- Dumping data for table `plugin_haruca_log`
--

LOCK TABLES `plugin_haruca_log` WRITE;
/*!40000 ALTER TABLE `plugin_haruca_log` DISABLE KEYS */;
/*!40000 ALTER TABLE `plugin_haruca_log` ENABLE KEYS */;
UNLOCK TABLES;

--
-- Table structure for table `plugin_haruca_logold`
--

DROP TABLE IF EXISTS `plugin_haruca_logold`;
/*!40101 SET @saved_cs_client     = @@character_set_client */;
/*!40101 SET character_set_client = utf8 */;
CREATE TABLE `plugin_haruca_logold` (
  `hostcode` smallint(5) unsigned NOT NULL,
  `logtypecode` tinyint(3) unsigned NOT NULL,
  `gettime` timestamp NOT NULL DEFAULT current_timestamp() ON UPDATE current_timestamp(),
  `value` mediumblob NOT NULL
) ENGINE=MyISAM DEFAULT CHARSET=utf8mb4 COLLATE=utf8mb4_unicode_ci COMMENT='haruca_logold';
/*!40101 SET character_set_client = @saved_cs_client */;

--
-- Dumping data for table `plugin_haruca_logold`
--

LOCK TABLES `plugin_haruca_logold` WRITE;
/*!40000 ALTER TABLE `plugin_haruca_logold` DISABLE KEYS */;
/*!40000 ALTER TABLE `plugin_haruca_logold` ENABLE KEYS */;
UNLOCK TABLES;

--
-- Table structure for table `plugin_haruca_logtype`
--

DROP TABLE IF EXISTS `plugin_haruca_logtype`;
/*!40101 SET @saved_cs_client     = @@character_set_client */;
/*!40101 SET character_set_client = utf8 */;
CREATE TABLE `plugin_haruca_logtype` (
  `logtypecode` tinyint(3) unsigned NOT NULL AUTO_INCREMENT,
  `logname` varchar(16) COLLATE utf8mb4_unicode_ci NOT NULL,
  `loggetcmd` varchar(256) COLLATE utf8mb4_unicode_ci NOT NULL,
  `ignore_str` varchar(256) COLLATE utf8mb4_unicode_ci DEFAULT NULL,
  `diffcheck` tinyint(4) NOT NULL,
  `cycle` tinyint(4) NOT NULL,
  PRIMARY KEY (`logtypecode`)
) ENGINE=MyISAM AUTO_INCREMENT=6 DEFAULT CHARSET=utf8mb4 COLLATE=utf8mb4_unicode_ci COMMENT='haruca_logtype';
/*!40101 SET character_set_client = @saved_cs_client */;

--
-- Dumping data for table `plugin_haruca_logtype`
--

LOCK TABLES `plugin_haruca_logtype` WRITE;
/*!40000 ALTER TABLE `plugin_haruca_logtype` DISABLE KEYS */;
INSERT INTO `plugin_haruca_logtype` VALUES (1,'start','show start','Using..*out of..*bytes|^ *!',1,7),(2,'run','show run','Using..*out of..*bytes|^ *!|ntp clock-period|Current configuration',1,7),(3,'logging','show logging',NULL,0,7),(4,'inter','show inter',NULL,0,7),(5,'tech','show tech',NULL,0,7);
/*!40000 ALTER TABLE `plugin_haruca_logtype` ENABLE KEYS */;
UNLOCK TABLES;

--
-- Table structure for table `plugin_haruca_office`
--

DROP TABLE IF EXISTS `plugin_haruca_office`;
/*!40101 SET @saved_cs_client     = @@character_set_client */;
/*!40101 SET character_set_client = utf8 */;
CREATE TABLE `plugin_haruca_office` (
  `officecode` mediumint(8) unsigned NOT NULL AUTO_INCREMENT,
  `officename` varchar(32) COLLATE utf8mb4_unicode_ci NOT NULL,
  `officeaddress` varchar(128) COLLATE utf8mb4_unicode_ci NOT NULL,
  PRIMARY KEY (`officecode`)
) ENGINE=MyISAM AUTO_INCREMENT=2 DEFAULT CHARSET=utf8mb4 COLLATE=utf8mb4_unicode_ci COMMENT='haruca_office';
/*!40101 SET character_set_client = @saved_cs_client */;

--
-- Dumping data for table `plugin_haruca_office`
--

LOCK TABLES `plugin_haruca_office` WRITE;
/*!40000 ALTER TABLE `plugin_haruca_office` DISABLE KEYS */;
INSERT INTO `plugin_haruca_office` VALUES (1,'NODATA','NODATA');
/*!40000 ALTER TABLE `plugin_haruca_office` ENABLE KEYS */;
UNLOCK TABLES;

--
-- Table structure for table `plugin_haruca_rtt`
--

DROP TABLE IF EXISTS `plugin_haruca_rtt`;
/*!40101 SET @saved_cs_client     = @@character_set_client */;
/*!40101 SET character_set_client = utf8 */;
CREATE TABLE `plugin_haruca_rtt` (
  `hostcode` smallint(5) unsigned NOT NULL DEFAULT 0,
  `gettime` timestamp NOT NULL DEFAULT current_timestamp() ON UPDATE current_timestamp(),
  `value` smallint(6) NOT NULL DEFAULT 0
) ENGINE=MyISAM DEFAULT CHARSET=utf8mb4 COLLATE=utf8mb4_unicode_ci COMMENT='haruca_rtt';
/*!40101 SET character_set_client = @saved_cs_client */;

--
-- Dumping data for table `plugin_haruca_rtt`
--

LOCK TABLES `plugin_haruca_rtt` WRITE;
/*!40000 ALTER TABLE `plugin_haruca_rtt` DISABLE KEYS */;
/*!40000 ALTER TABLE `plugin_haruca_rtt` ENABLE KEYS */;
UNLOCK TABLES;

--
-- Table structure for table `plugin_haruca_settings`
--

DROP TABLE IF EXISTS `plugin_haruca_settings`;
/*!40101 SET @saved_cs_client     = @@character_set_client */;
/*!40101 SET character_set_client = utf8 */;
CREATE TABLE `plugin_haruca_settings` (
  `item` varchar(100) COLLATE utf8mb4_unicode_ci NOT NULL,
  `value` varchar(100) COLLATE utf8mb4_unicode_ci DEFAULT NULL
) ENGINE=MyISAM DEFAULT CHARSET=utf8mb4 COLLATE=utf8mb4_unicode_ci COMMENT='haruca_settings';
/*!40101 SET character_set_client = @saved_cs_client */;

--
-- Dumping data for table `plugin_haruca_settings`
--

LOCK TABLES `plugin_haruca_settings` WRITE;
/*!40000 ALTER TABLE `plugin_haruca_settings` DISABLE KEYS */;
INSERT INTO `plugin_haruca_settings` VALUES ('lastupdate_period','7'),('proc_per_thread','10'),('alert_smtp_server','127.0.0.1'),('alert_email_to_address','example@example.com'),('alert_email_from_name','haruca alert'),('alert_email_from_address','example@example.com'),('alert_ipmsg_address',''),('alert_ipmsg_port','2425'),('reload_period','30');
/*!40000 ALTER TABLE `plugin_haruca_settings` ENABLE KEYS */;
UNLOCK TABLES;

--
-- Table structure for table `plugin_haruca_traplog`
--

DROP TABLE IF EXISTS `plugin_haruca_traplog`;
/*!40101 SET @saved_cs_client     = @@character_set_client */;
/*!40101 SET character_set_client = utf8 */;
CREATE TABLE `plugin_haruca_traplog` (
  `hostcode` smallint(5) unsigned NOT NULL DEFAULT 0,
  `oidstring` varchar(50) COLLATE utf8mb4_unicode_ci NOT NULL,
  `gettime` timestamp NOT NULL DEFAULT current_timestamp() ON UPDATE current_timestamp(),
  `target` varchar(500) COLLATE utf8mb4_unicode_ci DEFAULT NULL,
  `summary` varchar(500) COLLATE utf8mb4_unicode_ci DEFAULT NULL,
  `description` varchar(50) COLLATE utf8mb4_unicode_ci DEFAULT NULL,
  `address` varchar(20) COLLATE utf8mb4_unicode_ci DEFAULT NULL
) ENGINE=MyISAM DEFAULT CHARSET=utf8mb4 COLLATE=utf8mb4_unicode_ci COMMENT='haruca_traplog';
/*!40101 SET character_set_client = @saved_cs_client */;

--
-- Dumping data for table `plugin_haruca_traplog`
--

LOCK TABLES `plugin_haruca_traplog` WRITE;
/*!40000 ALTER TABLE `plugin_haruca_traplog` DISABLE KEYS */;
/*!40000 ALTER TABLE `plugin_haruca_traplog` ENABLE KEYS */;
UNLOCK TABLES;

--
-- Table structure for table `plugin_haruca_traptype`
--

DROP TABLE IF EXISTS `plugin_haruca_traptype`;
/*!40101 SET @saved_cs_client     = @@character_set_client */;
/*!40101 SET character_set_client = utf8 */;
CREATE TABLE `plugin_haruca_traptype` (
  `oidstring` varchar(50) COLLATE utf8mb4_unicode_ci NOT NULL,
  `trapname` varchar(50) COLLATE utf8mb4_unicode_ci NOT NULL,
  `target` varchar(500) COLLATE utf8mb4_unicode_ci DEFAULT NULL,
  `summary` varchar(500) COLLATE utf8mb4_unicode_ci DEFAULT NULL,
  `available` tinyint(1) unsigned NOT NULL DEFAULT 1,
  `alertmail` tinyint(1) unsigned NOT NULL DEFAULT 0
) ENGINE=MyISAM DEFAULT CHARSET=utf8mb4 COLLATE=utf8mb4_unicode_ci COMMENT='haruca_traptype';
/*!40101 SET character_set_client = @saved_cs_client */;

--
-- Dumping data for table `plugin_haruca_traptype`
--

LOCK TABLES `plugin_haruca_traptype` WRITE;
/*!40000 ALTER TABLE `plugin_haruca_traptype` DISABLE KEYS */;
INSERT INTO `plugin_haruca_traptype` VALUES ('pingfail','PingFail',NULL,NULL,1,0),('pingsuccess','PingSuccess',NULL,NULL,1,0),('.1.3.6.1.6.3.1.1.5.1','ColdStart',NULL,'.1.3.6.1.4.1.9.2.1.2',1,0),('.1.3.6.1.6.3.1.1.5.2','WarmStart',NULL,'.1.3.6.1.4.1.9.2.1.2',1,0),('.1.3.6.1.6.3.1.1.5.3','LinkDown','.1.3.6.1.2.1.2.2.1.2','.1.3.6.1.4.1.9.2.2.1.1.20',1,0),('.1.3.6.1.6.3.1.1.5.4','LinkUp','.1.3.6.1.2.1.2.2.1.2','.1.3.6.1.4.1.9.2.2.1.1.20',1,0),('.1.3.6.1.4.1.9.0.1','TelnetLogin',NULL,'.1.3.6.1.4.1.9.2.6.1.1.1.$IP.$NUM.',0,0),('.1.3.6.1.4.1.9.9.43.2.0.1','ConfigChange',NULL,NULL,0,0);
/*!40000 ALTER TABLE `plugin_haruca_traptype` ENABLE KEYS */;
UNLOCK TABLES;

--
-- Table structure for table `plugin_hooks`
--

DROP TABLE IF EXISTS `plugin_hooks`;
/*!40101 SET @saved_cs_client     = @@character_set_client */;
/*!40101 SET character_set_client = utf8 */;
CREATE TABLE `plugin_hooks` (
  `id` mediumint(8) unsigned NOT NULL AUTO_INCREMENT,
  `name` varchar(32) COLLATE utf8mb4_unicode_ci NOT NULL DEFAULT '',
  `hook` varchar(64) COLLATE utf8mb4_unicode_ci NOT NULL DEFAULT '',
  `file` varchar(255) COLLATE utf8mb4_unicode_ci NOT NULL DEFAULT '',
  `function` varchar(128) COLLATE utf8mb4_unicode_ci NOT NULL DEFAULT '',
  `status` int(8) NOT NULL DEFAULT 0,
  PRIMARY KEY (`id`),
  KEY `hook` (`hook`),
  KEY `status` (`status`)
) ENGINE=InnoDB AUTO_INCREMENT=97 DEFAULT CHARSET=utf8mb4 COLLATE=utf8mb4_unicode_ci ROW_FORMAT=DYNAMIC;
/*!40101 SET character_set_client = @saved_cs_client */;

--
-- Dumping data for table `plugin_hooks`
--

LOCK TABLES `plugin_hooks` WRITE;
/*!40000 ALTER TABLE `plugin_hooks` DISABLE KEYS */;
INSERT INTO `plugin_hooks` VALUES (1,'internal','config_arrays','','plugin_config_arrays',1),(2,'internal','draw_navigation_text','','plugin_draw_navigation_text',1),(76,'rrdcalendar','config_arrays','setup.php','rrdcalendar_config_arrays',1),(77,'rrdcalendar','config_form','setup.php','rrdcalendar_config_form',1),(78,'rrdcalendar','config_settings','setup.php','rrdcalendar_config_settings',1),(79,'rrdcalendar','graph_buttons','setup.php','rrdcalendar_graph_buttons',1),(80,'rrdcalendar','graph_buttons_thumbnails','setup.php','rrdcalendar_graph_buttons',1),(89,'haruca','page_head','setup.php','haruca_page_head',1),(90,'haruca','top_header_tabs','setup.php','haruca_show_tab',1),(91,'haruca','top_graph_header_tabs','setup.php','haruca_show_tab',1),(92,'haruca','config_arrays','setup.php','haruca_config_arrays',1),(93,'haruca','draw_navigation_text','setup.php','haruca_draw_navigation_text',1),(94,'haruca','config_insert','setup.php','haruca_config_insert',1),(95,'haruca','config_settings','setup.php','haruca_config_settings',1),(96,'haruca','config_form','setup.php','haruca_config_form',1);
/*!40000 ALTER TABLE `plugin_hooks` ENABLE KEYS */;
UNLOCK TABLES;

--
-- Table structure for table `plugin_realms`
--

DROP TABLE IF EXISTS `plugin_realms`;
/*!40101 SET @saved_cs_client     = @@character_set_client */;
/*!40101 SET character_set_client = utf8 */;
CREATE TABLE `plugin_realms` (
  `id` mediumint(8) unsigned NOT NULL AUTO_INCREMENT,
  `plugin` varchar(32) COLLATE utf8mb4_unicode_ci NOT NULL DEFAULT '',
  `file` text COLLATE utf8mb4_unicode_ci NOT NULL,
  `display` varchar(64) COLLATE utf8mb4_unicode_ci NOT NULL DEFAULT '',
  PRIMARY KEY (`id`),
  KEY `plugin` (`plugin`)
) ENGINE=InnoDB AUTO_INCREMENT=22 DEFAULT CHARSET=utf8mb4 COLLATE=utf8mb4_unicode_ci ROW_FORMAT=DYNAMIC;
/*!40101 SET character_set_client = @saved_cs_client */;

--
-- Dumping data for table `plugin_realms`
--

LOCK TABLES `plugin_realms` WRITE;
/*!40000 ALTER TABLE `plugin_realms` DISABLE KEYS */;
INSERT INTO `plugin_realms` VALUES (1,'internal','plugins.php','Plugin Management'),(17,'rrdcalendar','rrdcalendar.php','Plugin -> RRDcalendar'),(20,'haruca','haruca_show.php,haruca_tool.php,haruca_manual.php','Plugin -> haruca viewer'),(21,'haruca','haruca_manage.php','Plugin -> haruca configure');
/*!40000 ALTER TABLE `plugin_realms` ENABLE KEYS */;
UNLOCK TABLES;

--
-- Table structure for table `poller`
--

DROP TABLE IF EXISTS `poller`;
/*!40101 SET @saved_cs_client     = @@character_set_client */;
/*!40101 SET character_set_client = utf8 */;
CREATE TABLE `poller` (
  `id` smallint(5) unsigned NOT NULL AUTO_INCREMENT,
  `disabled` char(2) COLLATE utf8mb4_unicode_ci DEFAULT '',
  `name` varchar(30) COLLATE utf8mb4_unicode_ci DEFAULT NULL,
  `notes` varchar(1024) COLLATE utf8mb4_unicode_ci DEFAULT '',
  `status` int(10) unsigned NOT NULL DEFAULT 0,
  `timezone` varchar(40) COLLATE utf8mb4_unicode_ci DEFAULT '',
  `hostname` varchar(100) COLLATE utf8mb4_unicode_ci NOT NULL DEFAULT '',
  `dbdefault` varchar(20) COLLATE utf8mb4_unicode_ci NOT NULL DEFAULT '',
  `dbhost` varchar(64) COLLATE utf8mb4_unicode_ci NOT NULL DEFAULT '',
  `dbuser` varchar(20) COLLATE utf8mb4_unicode_ci NOT NULL DEFAULT '',
  `dbpass` varchar(64) COLLATE utf8mb4_unicode_ci NOT NULL DEFAULT '',
  `dbport` int(10) unsigned DEFAULT 3306,
  `dbssl` char(3) COLLATE utf8mb4_unicode_ci DEFAULT '',
  `dbsslkey` varchar(255) COLLATE utf8mb4_unicode_ci DEFAULT NULL,
  `dbsslcert` varchar(255) COLLATE utf8mb4_unicode_ci DEFAULT NULL,
  `dbsslca` varchar(255) COLLATE utf8mb4_unicode_ci DEFAULT NULL,
  `total_time` double DEFAULT 0,
  `max_time` double DEFAULT NULL,
  `min_time` double DEFAULT NULL,
  `avg_time` double DEFAULT NULL,
  `total_polls` int(10) unsigned DEFAULT 0,
  `processes` int(10) unsigned DEFAULT 1,
  `threads` int(10) unsigned DEFAULT 1,
  `sync_interval` int(10) unsigned DEFAULT 7200,
  `snmp` mediumint(8) unsigned DEFAULT 0,
  `script` mediumint(8) unsigned DEFAULT 0,
  `server` mediumint(8) unsigned DEFAULT 0,
  `last_update` timestamp NOT NULL DEFAULT '0000-00-00 00:00:00',
  `last_status` timestamp NOT NULL DEFAULT '0000-00-00 00:00:00',
  `last_sync` timestamp NOT NULL DEFAULT '0000-00-00 00:00:00',
  `requires_sync` char(2) COLLATE utf8mb4_unicode_ci DEFAULT '',
  PRIMARY KEY (`id`),
  KEY `name` (`name`),
  KEY `disabled` (`disabled`)
) ENGINE=InnoDB AUTO_INCREMENT=2 DEFAULT CHARSET=utf8mb4 COLLATE=utf8mb4_unicode_ci ROW_FORMAT=DYNAMIC COMMENT='Pollers for Cacti';
/*!40101 SET character_set_client = @saved_cs_client */;

--
-- Dumping data for table `poller`
--

LOCK TABLES `poller` WRITE;
/*!40000 ALTER TABLE `poller` DISABLE KEYS */;
INSERT INTO `poller` VALUES (1,'','Main Poller','',2,'','cactia_sv','','cacti_db','','',3306,'',NULL,NULL,NULL,7.2987,29.631385087967,1.2296829223633,5.762996732634,1938,1,1,7200,236,5,138,'2020-05-16 02:10:09','2020-05-16 02:10:09','0000-00-00 00:00:00','');
/*!40000 ALTER TABLE `poller` ENABLE KEYS */;
UNLOCK TABLES;

--
-- Table structure for table `poller_command`
--

DROP TABLE IF EXISTS `poller_command`;
/*!40101 SET @saved_cs_client     = @@character_set_client */;
/*!40101 SET character_set_client = utf8 */;
CREATE TABLE `poller_command` (
  `poller_id` smallint(5) unsigned NOT NULL DEFAULT 1,
  `time` timestamp NOT NULL DEFAULT '0000-00-00 00:00:00',
  `action` tinyint(3) unsigned NOT NULL DEFAULT 0,
  `command` varchar(191) COLLATE utf8mb4_unicode_ci NOT NULL DEFAULT '',
  `last_updated` timestamp NOT NULL DEFAULT current_timestamp() ON UPDATE current_timestamp(),
  PRIMARY KEY (`poller_id`,`action`,`command`),
  KEY `poller_id_last_updated` (`poller_id`,`last_updated`)
) ENGINE=InnoDB DEFAULT CHARSET=utf8mb4 COLLATE=utf8mb4_unicode_ci ROW_FORMAT=DYNAMIC;
/*!40101 SET character_set_client = @saved_cs_client */;

--
-- Dumping data for table `poller_command`
--

LOCK TABLES `poller_command` WRITE;
/*!40000 ALTER TABLE `poller_command` DISABLE KEYS */;
/*!40000 ALTER TABLE `poller_command` ENABLE KEYS */;
UNLOCK TABLES;

--
-- Table structure for table `poller_data_template_field_mappings`
--

DROP TABLE IF EXISTS `poller_data_template_field_mappings`;
/*!40101 SET @saved_cs_client     = @@character_set_client */;
/*!40101 SET character_set_client = utf8 */;
CREATE TABLE `poller_data_template_field_mappings` (
  `data_template_id` int(10) unsigned NOT NULL DEFAULT 0,
  `data_name` varchar(40) COLLATE utf8mb4_unicode_ci NOT NULL DEFAULT '',
  `data_source_names` varchar(125) COLLATE utf8mb4_unicode_ci NOT NULL DEFAULT '',
  `last_updated` timestamp NOT NULL DEFAULT current_timestamp() ON UPDATE current_timestamp(),
  PRIMARY KEY (`data_template_id`,`data_name`,`data_source_names`)
) ENGINE=InnoDB DEFAULT CHARSET=utf8mb4 COLLATE=utf8mb4_unicode_ci ROW_FORMAT=DYNAMIC COMMENT='Tracks mapping of Data Templates to their Data Source Names';
/*!40101 SET character_set_client = @saved_cs_client */;

--
-- Dumping data for table `poller_data_template_field_mappings`
--

LOCK TABLES `poller_data_template_field_mappings` WRITE;
/*!40000 ALTER TABLE `poller_data_template_field_mappings` DISABLE KEYS */;
INSERT INTO `poller_data_template_field_mappings` VALUES (1,'DataSources','DataSources','2020-05-09 08:42:24'),(1,'Hosts','Hosts','2020-05-09 08:42:24'),(1,'HostsPerProcess','HostsPerProcess','2020-05-09 08:42:24'),(1,'Processes','Processes','2020-05-09 08:42:24'),(1,'RRDsProcessed','RRDsProcessed','2020-05-09 08:42:24'),(1,'Threads','Threads','2020-05-09 08:42:24'),(1,'Time','Time','2020-05-09 08:42:24'),(2,'RRDUpdates','rrdupdates','2020-05-09 08:42:24'),(2,'Time','time','2020-05-09 08:42:24'),(3,'script','script','2020-05-09 08:42:24'),(3,'script_server','script_server','2020-05-09 08:42:24'),(3,'snmp','snmp','2020-05-09 08:42:24'),(4,'DevicesRecached','hosts','2020-05-09 08:42:24'),(4,'RecacheTime','time','2020-05-09 08:42:24'),(5,'boost_peak_memory','boost_peak_memory','2020-05-09 08:42:24'),(6,'active','active','2020-05-09 08:42:24'),(6,'garbage','garbage','2020-05-09 08:42:24'),(6,'invalid','invalid','2020-05-09 08:42:24'),(6,'sleeping','sleeping','2020-05-09 08:42:24'),(6,'uactive','uactive','2020-05-09 08:42:24'),(6,'usleeping','usleeping','2020-05-09 08:42:24'),(6,'valid','valid','2020-05-09 08:42:24'),(7,'TotalGraphsExported','ExportGraphs','2020-05-09 08:42:24'),(8,'ExportDuration','ExportDuration','2020-05-09 08:42:24'),(9,'alarms','alarms','2020-05-09 08:42:24'),(9,'deletes','deletes','2020-05-09 08:42:24'),(9,'incoming','incoming','2020-05-09 08:42:24'),(9,'removes','removes','2020-05-09 08:42:24'),(9,'xfers','xfers','2020-05-09 08:42:24'),(10,'syslogRuntime','syslogRuntime','2020-05-09 08:42:24'),(11,'alerts','alerts','2020-05-09 08:42:24'),(11,'reports','reports','2020-05-09 08:42:24'),(12,'tholdRuntime','tholdRuntime','2020-05-09 08:42:24'),(13,'boost_avg_size','boost_avg_size','2020-05-09 08:42:24'),(14,'boost_records','boost_records','2020-05-09 08:42:24'),(15,'boost_table','boost_table','2020-05-09 08:42:24'),(16,'rrd_delete','rrd_delete','2020-05-09 08:42:24'),(16,'rrd_get_records','rrd_get_records','2020-05-09 08:42:24'),(16,'rrd_lastupdate','rrd_lastupdate','2020-05-09 08:42:24'),(16,'rrd_results_cycle','rrd_results_cycle','2020-05-09 08:42:24'),(16,'rrd_template','rrd_template','2020-05-09 08:42:24'),(16,'rrd_update','rrd_update','2020-05-09 08:42:24'),(21,'script','totalTime','2020-05-09 08:42:24'),(28,'polling_time','polling_time','2020-05-09 08:42:24'),(29,'uptime','uptime','2020-05-09 08:42:24'),(34,'out_ms','ping','2020-05-09 08:42:24'),(36,'proc','proc','2020-05-09 08:42:24'),(37,'10min','load_15min','2020-05-09 08:42:24'),(37,'1min','load_1min','2020-05-09 08:42:24'),(37,'5min','load_5min','2020-05-09 08:42:24'),(38,'users','users','2020-05-09 08:42:24'),(39,'kilobytes','mem_buffers','2020-05-09 08:42:24'),(40,'kilobytes','mem_swap','2020-05-09 08:42:24'),(56,'reads','reads','2020-05-09 08:42:24'),(56,'writes','writes','2020-05-09 08:42:24'),(57,'bytesread','bytesread','2020-05-09 08:42:24'),(57,'byteswritten','byteswritten','2020-05-09 08:42:24');
/*!40000 ALTER TABLE `poller_data_template_field_mappings` ENABLE KEYS */;
UNLOCK TABLES;

--
-- Table structure for table `poller_item`
--

DROP TABLE IF EXISTS `poller_item`;
/*!40101 SET @saved_cs_client     = @@character_set_client */;
/*!40101 SET character_set_client = utf8 */;
CREATE TABLE `poller_item` (
  `local_data_id` mediumint(8) unsigned NOT NULL DEFAULT 0,
  `poller_id` int(10) unsigned NOT NULL DEFAULT 1,
  `host_id` mediumint(8) unsigned NOT NULL DEFAULT 0,
  `action` tinyint(2) unsigned NOT NULL DEFAULT 1,
  `present` tinyint(4) NOT NULL DEFAULT 1,
  `last_updated` timestamp NOT NULL DEFAULT current_timestamp() ON UPDATE current_timestamp(),
  `hostname` varchar(100) COLLATE utf8mb4_unicode_ci NOT NULL DEFAULT '',
  `snmp_community` varchar(100) COLLATE utf8mb4_unicode_ci NOT NULL DEFAULT '',
  `snmp_version` tinyint(1) unsigned NOT NULL DEFAULT 0,
  `snmp_username` varchar(50) COLLATE utf8mb4_unicode_ci NOT NULL DEFAULT '',
  `snmp_password` varchar(50) COLLATE utf8mb4_unicode_ci NOT NULL DEFAULT '',
  `snmp_auth_protocol` char(6) COLLATE utf8mb4_unicode_ci NOT NULL DEFAULT '',
  `snmp_priv_passphrase` varchar(200) COLLATE utf8mb4_unicode_ci NOT NULL DEFAULT '',
  `snmp_priv_protocol` char(6) COLLATE utf8mb4_unicode_ci NOT NULL DEFAULT '',
  `snmp_context` varchar(64) COLLATE utf8mb4_unicode_ci DEFAULT '',
  `snmp_engine_id` varchar(64) COLLATE utf8mb4_unicode_ci DEFAULT '',
  `snmp_port` mediumint(5) unsigned NOT NULL DEFAULT 161,
  `snmp_timeout` mediumint(8) unsigned NOT NULL DEFAULT 0,
  `rrd_name` varchar(19) COLLATE utf8mb4_unicode_ci NOT NULL DEFAULT '',
  `rrd_path` varchar(255) COLLATE utf8mb4_unicode_ci NOT NULL DEFAULT '',
  `rrd_num` tinyint(2) unsigned NOT NULL DEFAULT 0,
  `rrd_step` mediumint(8) NOT NULL DEFAULT 300,
  `rrd_next_step` mediumint(8) NOT NULL DEFAULT 0,
  `arg1` text COLLATE utf8mb4_unicode_ci DEFAULT NULL,
  `arg2` varchar(255) COLLATE utf8mb4_unicode_ci DEFAULT NULL,
  `arg3` varchar(255) COLLATE utf8mb4_unicode_ci DEFAULT NULL,
  PRIMARY KEY (`local_data_id`,`rrd_name`),
  KEY `host_id` (`host_id`),
  KEY `action` (`action`),
  KEY `present` (`present`),
  KEY `poller_id_host_id` (`poller_id`,`host_id`),
  KEY `poller_id_rrd_next_step` (`poller_id`,`rrd_next_step`),
  KEY `poller_id_action` (`poller_id`,`action`),
  KEY `poller_id_last_updated` (`poller_id`,`last_updated`)
) ENGINE=InnoDB DEFAULT CHARSET=utf8mb4 COLLATE=utf8mb4_unicode_ci ROW_FORMAT=DYNAMIC;
/*!40101 SET character_set_client = @saved_cs_client */;

--
-- Dumping data for table `poller_item`
--

LOCK TABLES `poller_item` WRITE;
/*!40000 ALTER TABLE `poller_item` DISABLE KEYS */;
INSERT INTO `poller_item` VALUES (1,1,1,1,1,'2020-05-09 09:00:02','localhost','public',0,'','','','','','','',161,500,'proc','/usr/share/cacti/rra/local_linux_machine_proc_1.rrd',1,300,0,'perl /usr/share/cacti/scripts/unix_processes.pl','',''),(2,1,1,1,1,'2020-05-09 09:00:02','localhost','public',0,'','','','','','','',161,500,'','/usr/share/cacti/rra/local_linux_machine_load_1min_2.rrd',1,300,0,'perl /usr/share/cacti/scripts/loadavg_multi.pl','',''),(3,1,1,1,1,'2020-05-09 09:00:02','localhost','public',0,'','','','','','','',161,500,'users','/usr/share/cacti/rra/local_linux_machine_users_3.rrd',1,300,0,'perl /usr/share/cacti/scripts/unix_users.pl \'\'','',''),(4,1,1,1,1,'2020-05-09 09:00:02','localhost','public',0,'','','','','','','',161,500,'mem_buffers','/usr/share/cacti/rra/local_linux_machine_mem_buffers_4.rrd',1,300,0,'perl /usr/share/cacti/scripts/linux_memory.pl \'MemFree:\'','',''),(5,1,1,1,1,'2020-05-09 09:00:02','localhost','public',0,'','','','','','','',161,500,'mem_swap','/usr/share/cacti/rra/local_linux_machine_mem_swap_5.rrd',1,300,0,'perl /usr/share/cacti/scripts/linux_memory.pl \'SwapFree:\'','',''),(10,1,3,2,1,'2020-05-09 09:00:02','10.254.10.241','rocomm',2,'','','','','','','',161,500,'polling_time','/usr/share/cacti/rra/vmwinserv11_polling_time_10.rrd',1,300,0,'/usr/share/cacti/scripts/ss_hstats.php ss_hstats \'3\' polling_time','',''),(11,1,3,2,1,'2020-05-09 09:00:02','10.254.10.241','rocomm',2,'','','','','','','',161,500,'uptime','/usr/share/cacti/rra/vmwinserv11_uptime_11.rrd',1,300,0,'/usr/share/cacti/scripts/ss_hstats.php ss_hstats \'3\' uptime','',''),(12,1,3,0,1,'2020-05-09 09:00:02','10.254.10.241','rocomm',2,'','','','','','','',161,500,'users','/usr/share/cacti/rra/vmwinserv11_users_12.rrd',1,300,0,'.1.3.6.1.2.1.25.1.5.0','',''),(13,1,3,0,1,'2020-05-09 09:00:02','10.254.10.241','rocomm',2,'','','','','','','',161,500,'proc','/usr/share/cacti/rra/vmwinserv11_proc_13.rrd',1,300,0,'.1.3.6.1.2.1.25.1.6.0','',''),(14,1,3,2,1,'2020-05-09 09:00:02','10.254.10.241','rocomm',2,'','','','','','','',161,500,'hdd_total','/usr/share/cacti/rra/vmwinserv11_hdd_used_14.rrd',2,300,0,'/usr/share/cacti/scripts/ss_host_disk.php ss_host_disk \'10.254.10.241\' \'3\' \'2:161:500:1:10:rocomm::::::\' \'get\' \'total\' \'1\'','',''),(14,1,3,2,1,'2020-05-09 09:00:02','10.254.10.241','rocomm',2,'','','','','','','',161,500,'hdd_used','/usr/share/cacti/rra/vmwinserv11_hdd_used_14.rrd',2,300,0,'/usr/share/cacti/scripts/ss_host_disk.php ss_host_disk \'10.254.10.241\' \'3\' \'2:161:500:1:10:rocomm::::::\' \'get\' \'used\' \'1\'','',''),(15,1,3,2,1,'2020-05-09 09:00:02','10.254.10.241','rocomm',2,'','','','','','','',161,500,'hdd_total','/usr/share/cacti/rra/vmwinserv11_hdd_used_15.rrd',2,300,0,'/usr/share/cacti/scripts/ss_host_disk.php ss_host_disk \'10.254.10.241\' \'3\' \'2:161:500:1:10:rocomm::::::\' \'get\' \'total\' \'2\'','',''),(15,1,3,2,1,'2020-05-09 09:00:02','10.254.10.241','rocomm',2,'','','','','','','',161,500,'hdd_used','/usr/share/cacti/rra/vmwinserv11_hdd_used_15.rrd',2,300,0,'/usr/share/cacti/scripts/ss_host_disk.php ss_host_disk \'10.254.10.241\' \'3\' \'2:161:500:1:10:rocomm::::::\' \'get\' \'used\' \'2\'','',''),(16,1,3,2,1,'2020-05-09 09:00:02','10.254.10.241','rocomm',2,'','','','','','','',161,500,'hdd_total','/usr/share/cacti/rra/vmwinserv11_hdd_used_16.rrd',2,300,0,'/usr/share/cacti/scripts/ss_host_disk.php ss_host_disk \'10.254.10.241\' \'3\' \'2:161:500:1:10:rocomm::::::\' \'get\' \'total\' \'3\'','',''),(16,1,3,2,1,'2020-05-09 09:00:02','10.254.10.241','rocomm',2,'','','','','','','',161,500,'hdd_used','/usr/share/cacti/rra/vmwinserv11_hdd_used_16.rrd',2,300,0,'/usr/share/cacti/scripts/ss_host_disk.php ss_host_disk \'10.254.10.241\' \'3\' \'2:161:500:1:10:rocomm::::::\' \'get\' \'used\' \'3\'','',''),(17,1,3,2,1,'2020-05-09 09:00:02','10.254.10.241','rocomm',2,'','','','','','','',161,500,'hdd_total','/usr/share/cacti/rra/vmwinserv11_hdd_used_17.rrd',2,300,0,'/usr/share/cacti/scripts/ss_host_disk.php ss_host_disk \'10.254.10.241\' \'3\' \'2:161:500:1:10:rocomm::::::\' \'get\' \'total\' \'4\'','',''),(17,1,3,2,1,'2020-05-09 09:00:02','10.254.10.241','rocomm',2,'','','','','','','',161,500,'hdd_used','/usr/share/cacti/rra/vmwinserv11_hdd_used_17.rrd',2,300,0,'/usr/share/cacti/scripts/ss_host_disk.php ss_host_disk \'10.254.10.241\' \'3\' \'2:161:500:1:10:rocomm::::::\' \'get\' \'used\' \'4\'','',''),(18,1,3,2,1,'2020-05-09 09:00:02','10.254.10.241','rocomm',2,'','','','','','','',161,500,'hdd_total','/usr/share/cacti/rra/vmwinserv11_hdd_used_18.rrd',2,300,0,'/usr/share/cacti/scripts/ss_host_disk.php ss_host_disk \'10.254.10.241\' \'3\' \'2:161:500:1:10:rocomm::::::\' \'get\' \'total\' \'5\'','',''),(18,1,3,2,1,'2020-05-09 09:00:02','10.254.10.241','rocomm',2,'','','','','','','',161,500,'hdd_used','/usr/share/cacti/rra/vmwinserv11_hdd_used_18.rrd',2,300,0,'/usr/share/cacti/scripts/ss_host_disk.php ss_host_disk \'10.254.10.241\' \'3\' \'2:161:500:1:10:rocomm::::::\' \'get\' \'used\' \'5\'','',''),(19,1,3,2,1,'2020-05-09 09:00:02','10.254.10.241','rocomm',2,'','','','','','','',161,500,'cpu','/usr/share/cacti/rra/vmwinserv11_cpu_19.rrd',1,300,0,'/usr/share/cacti/scripts/ss_host_cpu.php ss_host_cpu \'10.254.10.241\' \'3\' \'2:161:500:1:10:rocomm::::::\' \'get\' \'usage\' \'0\'','',''),(20,1,3,2,1,'2020-05-09 09:00:02','10.254.10.241','rocomm',2,'','','','','','','',161,500,'cpu','/usr/share/cacti/rra/vmwinserv11_cpu_20.rrd',1,300,0,'/usr/share/cacti/scripts/ss_host_cpu.php ss_host_cpu \'10.254.10.241\' \'3\' \'2:161:500:1:10:rocomm::::::\' \'get\' \'usage\' \'1\'','',''),(21,1,3,2,1,'2020-05-09 09:00:02','10.254.10.241','rocomm',2,'','','','','','','',161,500,'cpu','/usr/share/cacti/rra/vmwinserv11_cpu_21.rrd',1,300,0,'/usr/share/cacti/scripts/ss_host_cpu.php ss_host_cpu \'10.254.10.241\' \'3\' \'2:161:500:1:10:rocomm::::::\' \'get\' \'usage\' \'2\'','',''),(22,1,3,2,1,'2020-05-09 09:00:02','10.254.10.241','rocomm',2,'','','','','','','',161,500,'cpu','/usr/share/cacti/rra/vmwinserv11_cpu_22.rrd',1,300,0,'/usr/share/cacti/scripts/ss_host_cpu.php ss_host_cpu \'10.254.10.241\' \'3\' \'2:161:500:1:10:rocomm::::::\' \'get\' \'usage\' \'3\'','',''),(23,1,3,2,1,'2020-05-09 09:00:02','10.254.10.241','rocomm',2,'','','','','','','',161,500,'cpu','/usr/share/cacti/rra/vmwinserv11_cpu_23.rrd',1,300,0,'/usr/share/cacti/scripts/ss_host_cpu.php ss_host_cpu \'10.254.10.241\' \'3\' \'2:161:500:1:10:rocomm::::::\' \'get\' \'usage\' \'4000\'','',''),(24,1,4,2,1,'2020-05-09 09:00:02','10.254.10.251','rocomm',2,'','','','','','','',161,500,'polling_time','/usr/share/cacti/rra/vmnetserv01_polling_time_24.rrd',1,300,0,'/usr/share/cacti/scripts/ss_hstats.php ss_hstats \'4\' polling_time','',''),(25,1,4,2,1,'2020-05-09 09:00:02','10.254.10.251','rocomm',2,'','','','','','','',161,500,'uptime','/usr/share/cacti/rra/vmnetserv01_uptime_25.rrd',1,300,0,'/usr/share/cacti/scripts/ss_hstats.php ss_hstats \'4\' uptime','',''),(26,1,4,0,1,'2020-05-09 09:00:02','10.254.10.251','rocomm',2,'','','','','','','',161,500,'load_1min','/usr/share/cacti/rra/vmnetserv01_load_1min_26.rrd',1,300,0,'.1.3.6.1.4.1.2021.10.1.3.1','',''),(27,1,4,0,1,'2020-05-09 09:00:02','10.254.10.251','rocomm',2,'','','','','','','',161,500,'load_15min','/usr/share/cacti/rra/vmnetserv01_load_15min_27.rrd',1,300,0,'.1.3.6.1.4.1.2021.10.1.3.3','',''),(28,1,4,0,1,'2020-05-09 09:00:02','10.254.10.251','rocomm',2,'','','','','','','',161,500,'load_5min','/usr/share/cacti/rra/vmnetserv01_load_5min_28.rrd',1,300,0,'.1.3.6.1.4.1.2021.10.1.3.2','',''),(29,1,4,0,1,'2020-05-09 09:00:02','10.254.10.251','rocomm',2,'','','','','','','',161,500,'mem_buffers','/usr/share/cacti/rra/vmnetserv01_mem_buffers_29.rrd',1,300,0,'.1.3.6.1.4.1.2021.4.14.0','',''),(30,1,4,0,1,'2020-05-09 09:00:02','10.254.10.251','rocomm',2,'','','','','','','',161,500,'mem_cache','/usr/share/cacti/rra/vmnetserv01_mem_cache_30.rrd',1,300,0,'.1.3.6.1.4.1.2021.4.15.0','',''),(31,1,4,0,1,'2020-05-09 09:00:02','10.254.10.251','rocomm',2,'','','','','','','',161,500,'mem_free','/usr/share/cacti/rra/vmnetserv01_mem_free_31.rrd',1,300,0,'.1.3.6.1.4.1.2021.4.6.0','',''),(32,1,4,0,1,'2020-05-09 09:00:02','10.254.10.251','rocomm',2,'','','','','','','',161,500,'mem_total','/usr/share/cacti/rra/vmnetserv01_mem_total_32.rrd',1,300,0,'.1.3.6.1.4.1.2021.4.5.0','',''),(33,1,4,0,1,'2020-05-09 09:00:02','10.254.10.251','rocomm',2,'','','','','','','',161,500,'users','/usr/share/cacti/rra/vmnetserv01_users_33.rrd',1,300,0,'.1.3.6.1.2.1.25.1.5.0','',''),(34,1,4,0,1,'2020-05-09 09:00:02','10.254.10.251','rocomm',2,'','','','','','','',161,500,'proc','/usr/share/cacti/rra/vmnetserv01_proc_34.rrd',1,300,0,'.1.3.6.1.2.1.25.1.6.0','',''),(35,1,4,0,1,'2020-05-09 09:00:02','10.254.10.251','rocomm',2,'','','','','','','',161,500,'ssCpuIdle','/usr/share/cacti/rra/vmnetserv01_sscpuidle_35.rrd',1,300,0,'.1.3.6.1.4.1.2021.11.11.0','',''),(36,1,4,0,1,'2020-05-09 09:00:02','10.254.10.251','rocomm',2,'','','','','','','',161,500,'ssCpuSystem','/usr/share/cacti/rra/vmnetserv01_sscpusystem_36.rrd',1,300,0,'.1.3.6.1.4.1.2021.11.10.0','',''),(37,1,4,0,1,'2020-05-09 09:00:02','10.254.10.251','rocomm',2,'','','','','','','',161,500,'ssCpuUser','/usr/share/cacti/rra/vmnetserv01_sscpuuser_37.rrd',1,300,0,'.1.3.6.1.4.1.2021.11.9.0','',''),(38,1,4,0,1,'2020-05-09 09:00:02','10.254.10.251','rocomm',2,'','','','','','','',161,500,'ssSysInterrupts','/usr/share/cacti/rra/vmnetserv01_sssysinterrupts_38.rrd',1,300,0,'.1.3.6.1.4.1.2021.11.7.0','',''),(39,1,4,0,1,'2020-05-09 09:00:02','10.254.10.251','rocomm',2,'','','','','','','',161,500,'ssSysContext','/usr/share/cacti/rra/vmnetserv01_sssyscontext_39.rrd',1,300,0,'.1.3.6.1.4.1.2021.11.8.0','',''),(40,1,4,2,1,'2020-05-09 09:00:02','10.254.10.251','rocomm',2,'','','','','','','',161,500,'','/usr/share/cacti/rra/vmnetserv01_reads_40.rrd',1,300,0,'/usr/share/cacti/scripts/ss_net_snmp_disk_io.php ss_net_snmp_disk_io \'10.254.10.251\'','',''),(41,1,4,2,1,'2020-05-09 09:00:02','10.254.10.251','rocomm',2,'','','','','','','',161,500,'','/usr/share/cacti/rra/vmnetserv01_bytesread_41.rrd',1,300,0,'/usr/share/cacti/scripts/ss_net_snmp_disk_bytes.php ss_net_snmp_disk_bytes \'10.254.10.251\'','',''),(42,1,4,0,1,'2020-05-09 09:00:02','10.254.10.251','rocomm',2,'','','','','','','',161,500,'Bytes_Read','/usr/share/cacti/rra/vmnetserv01_device_reads_42.rrd',2,300,0,'.1.3.6.1.4.1.2021.13.15.1.1.12.1','',''),(42,1,4,0,1,'2020-05-09 09:00:02','10.254.10.251','rocomm',2,'','','','','','','',161,500,'Bytes_Written','/usr/share/cacti/rra/vmnetserv01_device_reads_42.rrd',2,300,0,'.1.3.6.1.4.1.2021.13.15.1.1.13.1','',''),(43,1,4,0,1,'2020-05-09 09:00:02','10.254.10.251','rocomm',2,'','','','','','','',161,500,'Bytes_Read','/usr/share/cacti/rra/vmnetserv01_device_reads_43.rrd',2,300,0,'.1.3.6.1.4.1.2021.13.15.1.1.12.2','',''),(43,1,4,0,1,'2020-05-09 09:00:02','10.254.10.251','rocomm',2,'','','','','','','',161,500,'Bytes_Written','/usr/share/cacti/rra/vmnetserv01_device_reads_43.rrd',2,300,0,'.1.3.6.1.4.1.2021.13.15.1.1.13.2','',''),(44,1,4,0,1,'2020-05-09 09:00:02','10.254.10.251','rocomm',2,'','','','','','','',161,500,'Bytes_Read','/usr/share/cacti/rra/vmnetserv01_device_reads_44.rrd',2,300,0,'.1.3.6.1.4.1.2021.13.15.1.1.12.3','',''),(44,1,4,0,1,'2020-05-09 09:00:02','10.254.10.251','rocomm',2,'','','','','','','',161,500,'Bytes_Written','/usr/share/cacti/rra/vmnetserv01_device_reads_44.rrd',2,300,0,'.1.3.6.1.4.1.2021.13.15.1.1.13.3','',''),(45,1,4,0,1,'2020-05-09 09:00:02','10.254.10.251','rocomm',2,'','','','','','','',161,500,'Bytes_Read','/usr/share/cacti/rra/vmnetserv01_device_reads_45.rrd',2,300,0,'.1.3.6.1.4.1.2021.13.15.1.1.12.4','',''),(45,1,4,0,1,'2020-05-09 09:00:02','10.254.10.251','rocomm',2,'','','','','','','',161,500,'Bytes_Written','/usr/share/cacti/rra/vmnetserv01_device_reads_45.rrd',2,300,0,'.1.3.6.1.4.1.2021.13.15.1.1.13.4','',''),(46,1,4,0,1,'2020-05-09 09:00:02','10.254.10.251','rocomm',2,'','','','','','','',161,500,'Bytes_Read','/usr/share/cacti/rra/vmnetserv01_device_reads_46.rrd',2,300,0,'.1.3.6.1.4.1.2021.13.15.1.1.12.5','',''),(46,1,4,0,1,'2020-05-09 09:00:02','10.254.10.251','rocomm',2,'','','','','','','',161,500,'Bytes_Written','/usr/share/cacti/rra/vmnetserv01_device_reads_46.rrd',2,300,0,'.1.3.6.1.4.1.2021.13.15.1.1.13.5','',''),(47,1,4,0,1,'2020-05-09 09:00:02','10.254.10.251','rocomm',2,'','','','','','','',161,500,'Bytes_Read','/usr/share/cacti/rra/vmnetserv01_device_reads_47.rrd',2,300,0,'.1.3.6.1.4.1.2021.13.15.1.1.12.6','',''),(47,1,4,0,1,'2020-05-09 09:00:02','10.254.10.251','rocomm',2,'','','','','','','',161,500,'Bytes_Written','/usr/share/cacti/rra/vmnetserv01_device_reads_47.rrd',2,300,0,'.1.3.6.1.4.1.2021.13.15.1.1.13.6','',''),(48,1,4,0,1,'2020-05-09 09:00:02','10.254.10.251','rocomm',2,'','','','','','','',161,500,'Bytes_Read','/usr/share/cacti/rra/vmnetserv01_device_reads_48.rrd',2,300,0,'.1.3.6.1.4.1.2021.13.15.1.1.12.7','',''),(48,1,4,0,1,'2020-05-09 09:00:02','10.254.10.251','rocomm',2,'','','','','','','',161,500,'Bytes_Written','/usr/share/cacti/rra/vmnetserv01_device_reads_48.rrd',2,300,0,'.1.3.6.1.4.1.2021.13.15.1.1.13.7','',''),(49,1,4,2,1,'2020-05-09 09:00:02','10.254.10.251','rocomm',2,'','','','','','','',161,500,'hdd_total','/usr/share/cacti/rra/vmnetserv01_hdd_used_49.rrd',2,300,0,'/usr/share/cacti/scripts/ss_host_disk.php ss_host_disk \'10.254.10.251\' \'4\' \'2:161:500:1:10:rocomm::::::\' \'get\' \'total\' \'1\'','',''),(49,1,4,2,1,'2020-05-09 09:00:02','10.254.10.251','rocomm',2,'','','','','','','',161,500,'hdd_used','/usr/share/cacti/rra/vmnetserv01_hdd_used_49.rrd',2,300,0,'/usr/share/cacti/scripts/ss_host_disk.php ss_host_disk \'10.254.10.251\' \'4\' \'2:161:500:1:10:rocomm::::::\' \'get\' \'used\' \'1\'','',''),(50,1,4,2,1,'2020-05-09 09:00:02','10.254.10.251','rocomm',2,'','','','','','','',161,500,'hdd_total','/usr/share/cacti/rra/vmnetserv01_hdd_used_50.rrd',2,300,0,'/usr/share/cacti/scripts/ss_host_disk.php ss_host_disk \'10.254.10.251\' \'4\' \'2:161:500:1:10:rocomm::::::\' \'get\' \'total\' \'3\'','',''),(50,1,4,2,1,'2020-05-09 09:00:02','10.254.10.251','rocomm',2,'','','','','','','',161,500,'hdd_used','/usr/share/cacti/rra/vmnetserv01_hdd_used_50.rrd',2,300,0,'/usr/share/cacti/scripts/ss_host_disk.php ss_host_disk \'10.254.10.251\' \'4\' \'2:161:500:1:10:rocomm::::::\' \'get\' \'used\' \'3\'','',''),(51,1,4,2,1,'2020-05-09 09:00:02','10.254.10.251','rocomm',2,'','','','','','','',161,500,'hdd_total','/usr/share/cacti/rra/vmnetserv01_hdd_used_51.rrd',2,300,0,'/usr/share/cacti/scripts/ss_host_disk.php ss_host_disk \'10.254.10.251\' \'4\' \'2:161:500:1:10:rocomm::::::\' \'get\' \'total\' \'6\'','',''),(51,1,4,2,1,'2020-05-09 09:00:02','10.254.10.251','rocomm',2,'','','','','','','',161,500,'hdd_used','/usr/share/cacti/rra/vmnetserv01_hdd_used_51.rrd',2,300,0,'/usr/share/cacti/scripts/ss_host_disk.php ss_host_disk \'10.254.10.251\' \'4\' \'2:161:500:1:10:rocomm::::::\' \'get\' \'used\' \'6\'','',''),(52,1,4,2,1,'2020-05-09 09:00:02','10.254.10.251','rocomm',2,'','','','','','','',161,500,'hdd_total','/usr/share/cacti/rra/vmnetserv01_hdd_used_52.rrd',2,300,0,'/usr/share/cacti/scripts/ss_host_disk.php ss_host_disk \'10.254.10.251\' \'4\' \'2:161:500:1:10:rocomm::::::\' \'get\' \'total\' \'7\'','',''),(52,1,4,2,1,'2020-05-09 09:00:02','10.254.10.251','rocomm',2,'','','','','','','',161,500,'hdd_used','/usr/share/cacti/rra/vmnetserv01_hdd_used_52.rrd',2,300,0,'/usr/share/cacti/scripts/ss_host_disk.php ss_host_disk \'10.254.10.251\' \'4\' \'2:161:500:1:10:rocomm::::::\' \'get\' \'used\' \'7\'','',''),(53,1,4,2,1,'2020-05-09 09:00:02','10.254.10.251','rocomm',2,'','','','','','','',161,500,'hdd_total','/usr/share/cacti/rra/vmnetserv01_hdd_used_53.rrd',2,300,0,'/usr/share/cacti/scripts/ss_host_disk.php ss_host_disk \'10.254.10.251\' \'4\' \'2:161:500:1:10:rocomm::::::\' \'get\' \'total\' \'8\'','',''),(53,1,4,2,1,'2020-05-09 09:00:02','10.254.10.251','rocomm',2,'','','','','','','',161,500,'hdd_used','/usr/share/cacti/rra/vmnetserv01_hdd_used_53.rrd',2,300,0,'/usr/share/cacti/scripts/ss_host_disk.php ss_host_disk \'10.254.10.251\' \'4\' \'2:161:500:1:10:rocomm::::::\' \'get\' \'used\' \'8\'','',''),(54,1,4,2,1,'2020-05-09 09:00:02','10.254.10.251','rocomm',2,'','','','','','','',161,500,'hdd_total','/usr/share/cacti/rra/vmnetserv01_hdd_used_54.rrd',2,300,0,'/usr/share/cacti/scripts/ss_host_disk.php ss_host_disk \'10.254.10.251\' \'4\' \'2:161:500:1:10:rocomm::::::\' \'get\' \'total\' \'10\'','',''),(54,1,4,2,1,'2020-05-09 09:00:02','10.254.10.251','rocomm',2,'','','','','','','',161,500,'hdd_used','/usr/share/cacti/rra/vmnetserv01_hdd_used_54.rrd',2,300,0,'/usr/share/cacti/scripts/ss_host_disk.php ss_host_disk \'10.254.10.251\' \'4\' \'2:161:500:1:10:rocomm::::::\' \'get\' \'used\' \'10\'','',''),(58,1,4,2,1,'2020-05-09 09:00:02','10.254.10.251','rocomm',2,'','','','','','','',161,500,'hdd_total','/usr/share/cacti/rra/vmnetserv01_hdd_used_58.rrd',2,300,0,'/usr/share/cacti/scripts/ss_host_disk.php ss_host_disk \'10.254.10.251\' \'4\' \'2:161:500:1:10:rocomm::::::\' \'get\' \'total\' \'55\'','',''),(58,1,4,2,1,'2020-05-09 09:00:02','10.254.10.251','rocomm',2,'','','','','','','',161,500,'hdd_used','/usr/share/cacti/rra/vmnetserv01_hdd_used_58.rrd',2,300,0,'/usr/share/cacti/scripts/ss_host_disk.php ss_host_disk \'10.254.10.251\' \'4\' \'2:161:500:1:10:rocomm::::::\' \'get\' \'used\' \'55\'','',''),(70,1,4,2,1,'2020-05-09 09:00:02','10.254.10.251','rocomm',2,'','','','','','','',161,500,'cpu','/usr/share/cacti/rra/vmnetserv01_cpu_70.rrd',1,300,0,'/usr/share/cacti/scripts/ss_host_cpu.php ss_host_cpu \'10.254.10.251\' \'4\' \'2:161:500:1:10:rocomm::::::\' \'get\' \'usage\' \'0\'','',''),(71,1,4,2,1,'2020-05-09 09:00:02','10.254.10.251','rocomm',2,'','','','','','','',161,500,'cpu','/usr/share/cacti/rra/vmnetserv01_cpu_71.rrd',1,300,0,'/usr/share/cacti/scripts/ss_host_cpu.php ss_host_cpu \'10.254.10.251\' \'4\' \'2:161:500:1:10:rocomm::::::\' \'get\' \'usage\' \'1\'','',''),(72,1,4,2,1,'2020-05-09 09:00:02','10.254.10.251','rocomm',2,'','','','','','','',161,500,'cpu','/usr/share/cacti/rra/vmnetserv01_cpu_72.rrd',1,300,0,'/usr/share/cacti/scripts/ss_host_cpu.php ss_host_cpu \'10.254.10.251\' \'4\' \'2:161:500:1:10:rocomm::::::\' \'get\' \'usage\' \'2\'','',''),(73,1,4,2,1,'2020-05-09 09:00:02','10.254.10.251','rocomm',2,'','','','','','','',161,500,'cpu','/usr/share/cacti/rra/vmnetserv01_cpu_73.rrd',1,300,0,'/usr/share/cacti/scripts/ss_host_cpu.php ss_host_cpu \'10.254.10.251\' \'4\' \'2:161:500:1:10:rocomm::::::\' \'get\' \'usage\' \'3\'','',''),(74,1,4,2,1,'2020-05-09 09:00:02','10.254.10.251','rocomm',2,'','','','','','','',161,500,'cpu','/usr/share/cacti/rra/vmnetserv01_cpu_74.rrd',1,300,0,'/usr/share/cacti/scripts/ss_host_cpu.php ss_host_cpu \'10.254.10.251\' \'4\' \'2:161:500:1:10:rocomm::::::\' \'get\' \'usage\' \'4000\'','',''),(75,1,4,0,1,'2020-05-09 09:00:02','10.254.10.251','rocomm',2,'','','','','','','',161,500,'traffic_in','/usr/share/cacti/rra/vmnetserv01_traffic_in_75.rrd',2,300,0,'.1.3.6.1.2.1.31.1.1.1.6.2','',''),(75,1,4,0,1,'2020-05-09 09:00:02','10.254.10.251','rocomm',2,'','','','','','','',161,500,'traffic_out','/usr/share/cacti/rra/vmnetserv01_traffic_in_75.rrd',2,300,0,'.1.3.6.1.2.1.31.1.1.1.10.2','',''),(76,1,3,0,1,'2020-05-09 09:00:02','10.254.10.241','rocomm',2,'','','','','','','',161,500,'traffic_in','/usr/share/cacti/rra/vmwinserv11_traffic_in_76.rrd',2,300,0,'.1.3.6.1.2.1.31.1.1.1.6.8','',''),(76,1,3,0,1,'2020-05-09 09:00:02','10.254.10.241','rocomm',2,'','','','','','','',161,500,'traffic_out','/usr/share/cacti/rra/vmwinserv11_traffic_in_76.rrd',2,300,0,'.1.3.6.1.2.1.31.1.1.1.10.8','',''),(77,1,5,0,1,'2020-05-09 09:00:02','10.254.0.1','rocomm',2,'','','','','','','',161,500,'5min_cpu','/usr/share/cacti/rra/rdc01_5min_cpu_77.rrd',1,300,0,'.1.3.6.1.4.1.9.2.1.58.0','',''),(78,1,5,2,1,'2020-05-09 09:00:02','10.254.0.1','rocomm',2,'','','','','','','',161,500,'polling_time','/usr/share/cacti/rra/rdc01_polling_time_78.rrd',1,300,0,'/usr/share/cacti/scripts/ss_hstats.php ss_hstats \'5\' polling_time','',''),(79,1,5,2,1,'2020-05-09 09:00:02','10.254.0.1','rocomm',2,'','','','','','','',161,500,'uptime','/usr/share/cacti/rra/rdc01_uptime_79.rrd',1,300,0,'/usr/share/cacti/scripts/ss_hstats.php ss_hstats \'5\' uptime','',''),(80,1,5,0,1,'2020-05-09 09:00:02','10.254.0.1','rocomm',2,'','','','','','','',161,500,'traffic_in','/usr/share/cacti/rra/rdc01_traffic_in_80.rrd',2,300,0,'.1.3.6.1.2.1.31.1.1.1.6.1','',''),(80,1,5,0,1,'2020-05-09 09:00:02','10.254.0.1','rocomm',2,'','','','','','','',161,500,'traffic_out','/usr/share/cacti/rra/rdc01_traffic_in_80.rrd',2,300,0,'.1.3.6.1.2.1.31.1.1.1.10.1','',''),(81,1,5,0,1,'2020-05-09 09:00:02','10.254.0.1','rocomm',2,'','','','','','','',161,500,'traffic_in','/usr/share/cacti/rra/rdc01_traffic_in_81.rrd',2,300,0,'.1.3.6.1.2.1.31.1.1.1.6.2','',''),(81,1,5,0,1,'2020-05-09 09:00:02','10.254.0.1','rocomm',2,'','','','','','','',161,500,'traffic_out','/usr/share/cacti/rra/rdc01_traffic_in_81.rrd',2,300,0,'.1.3.6.1.2.1.31.1.1.1.10.2','',''),(82,1,5,0,1,'2020-05-09 09:00:02','10.254.0.1','rocomm',2,'','','','','','','',161,500,'traffic_in','/usr/share/cacti/rra/rdc01_traffic_in_82.rrd',2,300,0,'.1.3.6.1.2.1.31.1.1.1.6.3','',''),(82,1,5,0,1,'2020-05-09 09:00:02','10.254.0.1','rocomm',2,'','','','','','','',161,500,'traffic_out','/usr/share/cacti/rra/rdc01_traffic_in_82.rrd',2,300,0,'.1.3.6.1.2.1.31.1.1.1.10.3','',''),(83,1,5,0,1,'2020-05-09 09:00:02','10.254.0.1','rocomm',2,'','','','','','','',161,500,'traffic_in','/usr/share/cacti/rra/rdc01_traffic_in_83.rrd',2,300,0,'.1.3.6.1.2.1.31.1.1.1.6.4','',''),(83,1,5,0,1,'2020-05-09 09:00:02','10.254.0.1','rocomm',2,'','','','','','','',161,500,'traffic_out','/usr/share/cacti/rra/rdc01_traffic_in_83.rrd',2,300,0,'.1.3.6.1.2.1.31.1.1.1.10.4','',''),(84,1,5,0,1,'2020-05-09 09:00:02','10.254.0.1','rocomm',2,'','','','','','','',161,500,'traffic_in','/usr/share/cacti/rra/rdc01_traffic_in_84.rrd',2,300,0,'.1.3.6.1.2.1.31.1.1.1.6.5','',''),(84,1,5,0,1,'2020-05-09 09:00:02','10.254.0.1','rocomm',2,'','','','','','','',161,500,'traffic_out','/usr/share/cacti/rra/rdc01_traffic_in_84.rrd',2,300,0,'.1.3.6.1.2.1.31.1.1.1.10.5','',''),(85,1,5,0,1,'2020-05-09 09:00:02','10.254.0.1','rocomm',2,'','','','','','','',161,500,'traffic_in','/usr/share/cacti/rra/rdc01_traffic_in_85.rrd',2,300,0,'.1.3.6.1.2.1.31.1.1.1.6.6','',''),(85,1,5,0,1,'2020-05-09 09:00:02','10.254.0.1','rocomm',2,'','','','','','','',161,500,'traffic_out','/usr/share/cacti/rra/rdc01_traffic_in_85.rrd',2,300,0,'.1.3.6.1.2.1.31.1.1.1.10.6','',''),(86,1,5,0,1,'2020-05-09 09:00:02','10.254.0.1','rocomm',2,'','','','','','','',161,500,'traffic_in','/usr/share/cacti/rra/rdc01_traffic_in_86.rrd',2,300,0,'.1.3.6.1.2.1.31.1.1.1.6.10','',''),(86,1,5,0,1,'2020-05-09 09:00:02','10.254.0.1','rocomm',2,'','','','','','','',161,500,'traffic_out','/usr/share/cacti/rra/rdc01_traffic_in_86.rrd',2,300,0,'.1.3.6.1.2.1.31.1.1.1.10.10','',''),(87,1,6,2,1,'2020-05-09 09:00:02','10.254.254.252','rocomm',2,'','','','','','','',161,500,'polling_time','/usr/share/cacti/rra/fwdc01_polling_time_87.rrd',1,300,0,'/usr/share/cacti/scripts/ss_hstats.php ss_hstats \'6\' polling_time','',''),(88,1,6,2,1,'2020-05-09 09:00:02','10.254.254.252','rocomm',2,'','','','','','','',161,500,'uptime','/usr/share/cacti/rra/fwdc01_uptime_88.rrd',1,300,0,'/usr/share/cacti/scripts/ss_hstats.php ss_hstats \'6\' uptime','',''),(89,1,6,0,1,'2020-05-09 09:00:02','10.254.254.252','rocomm',2,'','','','','','','',161,500,'load_1min','/usr/share/cacti/rra/fwdc01_load_1min_89.rrd',1,300,0,'.1.3.6.1.4.1.2021.10.1.3.1','',''),(90,1,6,0,1,'2020-05-09 09:00:02','10.254.254.252','rocomm',2,'','','','','','','',161,500,'load_15min','/usr/share/cacti/rra/fwdc01_load_15min_90.rrd',1,300,0,'.1.3.6.1.4.1.2021.10.1.3.3','',''),(91,1,6,0,1,'2020-05-09 09:00:02','10.254.254.252','rocomm',2,'','','','','','','',161,500,'load_5min','/usr/share/cacti/rra/fwdc01_load_5min_91.rrd',1,300,0,'.1.3.6.1.4.1.2021.10.1.3.2','',''),(92,1,6,0,1,'2020-05-09 09:00:02','10.254.254.252','rocomm',2,'','','','','','','',161,500,'mem_buffers','/usr/share/cacti/rra/fwdc01_mem_buffers_92.rrd',1,300,0,'.1.3.6.1.4.1.2021.4.14.0','',''),(93,1,6,0,1,'2020-05-09 09:00:02','10.254.254.252','rocomm',2,'','','','','','','',161,500,'mem_cache','/usr/share/cacti/rra/fwdc01_mem_cache_93.rrd',1,300,0,'.1.3.6.1.4.1.2021.4.15.0','',''),(94,1,6,0,1,'2020-05-09 09:00:02','10.254.254.252','rocomm',2,'','','','','','','',161,500,'mem_free','/usr/share/cacti/rra/fwdc01_mem_free_94.rrd',1,300,0,'.1.3.6.1.4.1.2021.4.6.0','',''),(95,1,6,0,1,'2020-05-09 09:00:02','10.254.254.252','rocomm',2,'','','','','','','',161,500,'mem_total','/usr/share/cacti/rra/fwdc01_mem_total_95.rrd',1,300,0,'.1.3.6.1.4.1.2021.4.5.0','',''),(96,1,6,0,1,'2020-05-09 09:00:02','10.254.254.252','rocomm',2,'','','','','','','',161,500,'users','/usr/share/cacti/rra/fwdc01_users_96.rrd',1,300,0,'.1.3.6.1.2.1.25.1.5.0','',''),(97,1,6,0,1,'2020-05-09 09:00:02','10.254.254.252','rocomm',2,'','','','','','','',161,500,'proc','/usr/share/cacti/rra/fwdc01_proc_97.rrd',1,300,0,'.1.3.6.1.2.1.25.1.6.0','',''),(98,1,6,0,1,'2020-05-09 09:00:02','10.254.254.252','rocomm',2,'','','','','','','',161,500,'ssCpuIdle','/usr/share/cacti/rra/fwdc01_sscpuidle_98.rrd',1,300,0,'.1.3.6.1.4.1.2021.11.11.0','',''),(99,1,6,0,1,'2020-05-09 09:00:02','10.254.254.252','rocomm',2,'','','','','','','',161,500,'ssCpuSystem','/usr/share/cacti/rra/fwdc01_sscpusystem_99.rrd',1,300,0,'.1.3.6.1.4.1.2021.11.10.0','',''),(100,1,6,0,1,'2020-05-09 09:00:02','10.254.254.252','rocomm',2,'','','','','','','',161,500,'ssCpuUser','/usr/share/cacti/rra/fwdc01_sscpuuser_100.rrd',1,300,0,'.1.3.6.1.4.1.2021.11.9.0','',''),(101,1,6,0,1,'2020-05-09 09:00:02','10.254.254.252','rocomm',2,'','','','','','','',161,500,'ssSysInterrupts','/usr/share/cacti/rra/fwdc01_sssysinterrupts_101.rrd',1,300,0,'.1.3.6.1.4.1.2021.11.7.0','',''),(102,1,6,0,1,'2020-05-09 09:00:02','10.254.254.252','rocomm',2,'','','','','','','',161,500,'ssSysContext','/usr/share/cacti/rra/fwdc01_sssyscontext_102.rrd',1,300,0,'.1.3.6.1.4.1.2021.11.8.0','',''),(103,1,6,2,1,'2020-05-09 09:00:02','10.254.254.252','rocomm',2,'','','','','','','',161,500,'','/usr/share/cacti/rra/fwdc01_reads_103.rrd',1,300,0,'/usr/share/cacti/scripts/ss_net_snmp_disk_io.php ss_net_snmp_disk_io \'10.254.254.252\'','',''),(104,1,6,2,1,'2020-05-09 09:00:02','10.254.254.252','rocomm',2,'','','','','','','',161,500,'','/usr/share/cacti/rra/fwdc01_bytesread_104.rrd',1,300,0,'/usr/share/cacti/scripts/ss_net_snmp_disk_bytes.php ss_net_snmp_disk_bytes \'10.254.254.252\'','',''),(105,1,6,2,1,'2020-05-09 09:00:02','10.254.254.252','rocomm',2,'','','','','','','',161,500,'hdd_total','/usr/share/cacti/rra/fwdc01_hdd_used_105.rrd',2,300,0,'/usr/share/cacti/scripts/ss_host_disk.php ss_host_disk \'10.254.254.252\' \'6\' \'2:161:500:1:10:rocomm::::::\' \'get\' \'total\' \'1010\'','',''),(105,1,6,2,1,'2020-05-09 09:00:02','10.254.254.252','rocomm',2,'','','','','','','',161,500,'hdd_used','/usr/share/cacti/rra/fwdc01_hdd_used_105.rrd',2,300,0,'/usr/share/cacti/scripts/ss_host_disk.php ss_host_disk \'10.254.254.252\' \'6\' \'2:161:500:1:10:rocomm::::::\' \'get\' \'used\' \'1010\'','',''),(106,1,6,2,1,'2020-05-09 09:00:02','10.254.254.252','rocomm',2,'','','','','','','',161,500,'hdd_total','/usr/share/cacti/rra/fwdc01_hdd_used_106.rrd',2,300,0,'/usr/share/cacti/scripts/ss_host_disk.php ss_host_disk \'10.254.254.252\' \'6\' \'2:161:500:1:10:rocomm::::::\' \'get\' \'total\' \'1011\'','',''),(106,1,6,2,1,'2020-05-09 09:00:02','10.254.254.252','rocomm',2,'','','','','','','',161,500,'hdd_used','/usr/share/cacti/rra/fwdc01_hdd_used_106.rrd',2,300,0,'/usr/share/cacti/scripts/ss_host_disk.php ss_host_disk \'10.254.254.252\' \'6\' \'2:161:500:1:10:rocomm::::::\' \'get\' \'used\' \'1011\'','',''),(107,1,6,2,1,'2020-05-09 09:00:02','10.254.254.252','rocomm',2,'','','','','','','',161,500,'hdd_total','/usr/share/cacti/rra/fwdc01_hdd_used_107.rrd',2,300,0,'/usr/share/cacti/scripts/ss_host_disk.php ss_host_disk \'10.254.254.252\' \'6\' \'2:161:500:1:10:rocomm::::::\' \'get\' \'total\' \'1012\'','',''),(107,1,6,2,1,'2020-05-09 09:00:02','10.254.254.252','rocomm',2,'','','','','','','',161,500,'hdd_used','/usr/share/cacti/rra/fwdc01_hdd_used_107.rrd',2,300,0,'/usr/share/cacti/scripts/ss_host_disk.php ss_host_disk \'10.254.254.252\' \'6\' \'2:161:500:1:10:rocomm::::::\' \'get\' \'used\' \'1012\'','',''),(108,1,6,2,1,'2020-05-09 09:00:02','10.254.254.252','rocomm',2,'','','','','','','',161,500,'hdd_total','/usr/share/cacti/rra/fwdc01_hdd_used_108.rrd',2,300,0,'/usr/share/cacti/scripts/ss_host_disk.php ss_host_disk \'10.254.254.252\' \'6\' \'2:161:500:1:10:rocomm::::::\' \'get\' \'total\' \'1020\'','',''),(108,1,6,2,1,'2020-05-09 09:00:02','10.254.254.252','rocomm',2,'','','','','','','',161,500,'hdd_used','/usr/share/cacti/rra/fwdc01_hdd_used_108.rrd',2,300,0,'/usr/share/cacti/scripts/ss_host_disk.php ss_host_disk \'10.254.254.252\' \'6\' \'2:161:500:1:10:rocomm::::::\' \'get\' \'used\' \'1020\'','',''),(109,1,6,2,1,'2020-05-09 09:00:02','10.254.254.252','rocomm',2,'','','','','','','',161,500,'hdd_total','/usr/share/cacti/rra/fwdc01_hdd_used_109.rrd',2,300,0,'/usr/share/cacti/scripts/ss_host_disk.php ss_host_disk \'10.254.254.252\' \'6\' \'2:161:500:1:10:rocomm::::::\' \'get\' \'total\' \'1030\'','',''),(109,1,6,2,1,'2020-05-09 09:00:02','10.254.254.252','rocomm',2,'','','','','','','',161,500,'hdd_used','/usr/share/cacti/rra/fwdc01_hdd_used_109.rrd',2,300,0,'/usr/share/cacti/scripts/ss_host_disk.php ss_host_disk \'10.254.254.252\' \'6\' \'2:161:500:1:10:rocomm::::::\' \'get\' \'used\' \'1030\'','',''),(110,1,6,2,1,'2020-05-09 09:00:02','10.254.254.252','rocomm',2,'','','','','','','',161,500,'hdd_total','/usr/share/cacti/rra/fwdc01_hdd_used_110.rrd',2,300,0,'/usr/share/cacti/scripts/ss_host_disk.php ss_host_disk \'10.254.254.252\' \'6\' \'2:161:500:1:10:rocomm::::::\' \'get\' \'total\' \'1040\'','',''),(110,1,6,2,1,'2020-05-09 09:00:02','10.254.254.252','rocomm',2,'','','','','','','',161,500,'hdd_used','/usr/share/cacti/rra/fwdc01_hdd_used_110.rrd',2,300,0,'/usr/share/cacti/scripts/ss_host_disk.php ss_host_disk \'10.254.254.252\' \'6\' \'2:161:500:1:10:rocomm::::::\' \'get\' \'used\' \'1040\'','',''),(111,1,6,2,1,'2020-05-09 09:00:02','10.254.254.252','rocomm',2,'','','','','','','',161,500,'hdd_total','/usr/share/cacti/rra/fwdc01_hdd_used_111.rrd',2,300,0,'/usr/share/cacti/scripts/ss_host_disk.php ss_host_disk \'10.254.254.252\' \'6\' \'2:161:500:1:10:rocomm::::::\' \'get\' \'total\' \'1041\'','',''),(111,1,6,2,1,'2020-05-09 09:00:02','10.254.254.252','rocomm',2,'','','','','','','',161,500,'hdd_used','/usr/share/cacti/rra/fwdc01_hdd_used_111.rrd',2,300,0,'/usr/share/cacti/scripts/ss_host_disk.php ss_host_disk \'10.254.254.252\' \'6\' \'2:161:500:1:10:rocomm::::::\' \'get\' \'used\' \'1041\'','',''),(112,1,6,2,1,'2020-05-09 09:00:02','10.254.254.252','rocomm',2,'','','','','','','',161,500,'hdd_total','/usr/share/cacti/rra/fwdc01_hdd_used_112.rrd',2,300,0,'/usr/share/cacti/scripts/ss_host_disk.php ss_host_disk \'10.254.254.252\' \'6\' \'2:161:500:1:10:rocomm::::::\' \'get\' \'total\' \'1043\'','',''),(112,1,6,2,1,'2020-05-09 09:00:02','10.254.254.252','rocomm',2,'','','','','','','',161,500,'hdd_used','/usr/share/cacti/rra/fwdc01_hdd_used_112.rrd',2,300,0,'/usr/share/cacti/scripts/ss_host_disk.php ss_host_disk \'10.254.254.252\' \'6\' \'2:161:500:1:10:rocomm::::::\' \'get\' \'used\' \'1043\'','',''),(113,1,6,2,1,'2020-05-09 09:00:02','10.254.254.252','rocomm',2,'','','','','','','',161,500,'cpu','/usr/share/cacti/rra/fwdc01_cpu_113.rrd',1,300,0,'/usr/share/cacti/scripts/ss_host_cpu.php ss_host_cpu \'10.254.254.252\' \'6\' \'2:161:500:1:10:rocomm::::::\' \'get\' \'usage\' \'0\'','',''),(114,1,6,2,1,'2020-05-09 09:00:02','10.254.254.252','rocomm',2,'','','','','','','',161,500,'cpu','/usr/share/cacti/rra/fwdc01_cpu_114.rrd',1,300,0,'/usr/share/cacti/scripts/ss_host_cpu.php ss_host_cpu \'10.254.254.252\' \'6\' \'2:161:500:1:10:rocomm::::::\' \'get\' \'usage\' \'1\'','',''),(115,1,6,2,1,'2020-05-09 09:00:02','10.254.254.252','rocomm',2,'','','','','','','',161,500,'cpu','/usr/share/cacti/rra/fwdc01_cpu_115.rrd',1,300,0,'/usr/share/cacti/scripts/ss_host_cpu.php ss_host_cpu \'10.254.254.252\' \'6\' \'2:161:500:1:10:rocomm::::::\' \'get\' \'usage\' \'4000\'','',''),(116,1,6,0,1,'2020-05-09 09:00:02','10.254.254.252','rocomm',2,'','','','','','','',161,500,'traffic_in','/usr/share/cacti/rra/fwdc01_traffic_in_116.rrd',2,300,0,'.1.3.6.1.2.1.31.1.1.1.6.3','',''),(116,1,6,0,1,'2020-05-09 09:00:02','10.254.254.252','rocomm',2,'','','','','','','',161,500,'traffic_out','/usr/share/cacti/rra/fwdc01_traffic_in_116.rrd',2,300,0,'.1.3.6.1.2.1.31.1.1.1.10.3','',''),(117,1,6,0,1,'2020-05-09 09:00:02','10.254.254.252','rocomm',2,'','','','','','','',161,500,'traffic_in','/usr/share/cacti/rra/fwdc01_traffic_in_117.rrd',2,300,0,'.1.3.6.1.2.1.31.1.1.1.6.4','',''),(117,1,6,0,1,'2020-05-09 09:00:02','10.254.254.252','rocomm',2,'','','','','','','',161,500,'traffic_out','/usr/share/cacti/rra/fwdc01_traffic_in_117.rrd',2,300,0,'.1.3.6.1.2.1.31.1.1.1.10.4','',''),(118,1,6,0,1,'2020-05-09 09:00:02','10.254.254.252','rocomm',2,'','','','','','','',161,500,'traffic_in','/usr/share/cacti/rra/fwdc01_traffic_in_118.rrd',2,300,0,'.1.3.6.1.2.1.31.1.1.1.6.5','',''),(118,1,6,0,1,'2020-05-09 09:00:02','10.254.254.252','rocomm',2,'','','','','','','',161,500,'traffic_out','/usr/share/cacti/rra/fwdc01_traffic_in_118.rrd',2,300,0,'.1.3.6.1.2.1.31.1.1.1.10.5','',''),(119,1,6,0,1,'2020-05-09 09:00:02','10.254.254.252','rocomm',2,'','','','','','','',161,500,'traffic_in','/usr/share/cacti/rra/fwdc01_traffic_in_119.rrd',2,300,0,'.1.3.6.1.2.1.31.1.1.1.6.101020252','',''),(119,1,6,0,1,'2020-05-09 09:00:02','10.254.254.252','rocomm',2,'','','','','','','',161,500,'traffic_out','/usr/share/cacti/rra/fwdc01_traffic_in_119.rrd',2,300,0,'.1.3.6.1.2.1.31.1.1.1.10.101020252','',''),(120,1,6,0,1,'2020-05-09 09:00:02','10.254.254.252','rocomm',2,'','','','','','','',161,500,'traffic_in','/usr/share/cacti/rra/fwdc01_traffic_in_120.rrd',2,300,0,'.1.3.6.1.2.1.31.1.1.1.6.300000001','',''),(120,1,6,0,1,'2020-05-09 09:00:02','10.254.254.252','rocomm',2,'','','','','','','',161,500,'traffic_out','/usr/share/cacti/rra/fwdc01_traffic_in_120.rrd',2,300,0,'.1.3.6.1.2.1.31.1.1.1.10.300000001','',''),(121,1,6,0,1,'2020-05-09 09:00:02','10.254.254.252','rocomm',2,'','','','','','','',161,500,'traffic_in','/usr/share/cacti/rra/fwdc01_traffic_in_121.rrd',2,300,0,'.1.3.6.1.2.1.31.1.1.1.6.300000044','',''),(121,1,6,0,1,'2020-05-09 09:00:02','10.254.254.252','rocomm',2,'','','','','','','',161,500,'traffic_out','/usr/share/cacti/rra/fwdc01_traffic_in_121.rrd',2,300,0,'.1.3.6.1.2.1.31.1.1.1.10.300000044','',''),(122,1,6,0,1,'2020-05-09 09:00:02','10.254.254.252','rocomm',2,'','','','','','','',161,500,'traffic_in','/usr/share/cacti/rra/fwdc01_traffic_in_122.rrd',2,300,0,'.1.3.6.1.2.1.31.1.1.1.6.300000064','',''),(122,1,6,0,1,'2020-05-09 09:00:02','10.254.254.252','rocomm',2,'','','','','','','',161,500,'traffic_out','/usr/share/cacti/rra/fwdc01_traffic_in_122.rrd',2,300,0,'.1.3.6.1.2.1.31.1.1.1.10.300000064','',''),(123,1,6,0,1,'2020-05-09 09:00:02','10.254.254.252','rocomm',2,'','','','','','','',161,500,'traffic_in','/usr/share/cacti/rra/fwdc01_traffic_in_123.rrd',2,300,0,'.1.3.6.1.2.1.31.1.1.1.6.400002255','',''),(123,1,6,0,1,'2020-05-09 09:00:02','10.254.254.252','rocomm',2,'','','','','','','',161,500,'traffic_out','/usr/share/cacti/rra/fwdc01_traffic_in_123.rrd',2,300,0,'.1.3.6.1.2.1.31.1.1.1.10.400002255','',''),(124,1,7,2,1,'2020-05-09 09:00:02','10.254.110.193','rocomm',2,'','','','','','','',161,500,'polling_time','/usr/share/cacti/rra/esxi01_polling_time_124.rrd',1,300,0,'/usr/share/cacti/scripts/ss_hstats.php ss_hstats \'7\' polling_time','',''),(125,1,7,2,1,'2020-05-09 09:00:02','10.254.110.193','rocomm',2,'','','','','','','',161,500,'uptime','/usr/share/cacti/rra/esxi01_uptime_125.rrd',1,300,0,'/usr/share/cacti/scripts/ss_hstats.php ss_hstats \'7\' uptime','',''),(126,1,7,0,1,'2020-05-09 09:00:02','10.254.110.193','rocomm',2,'','','','','','','',161,500,'load_1min','/usr/share/cacti/rra/esxi01_load_1min_126.rrd',1,300,0,'.1.3.6.1.4.1.2021.10.1.3.1','',''),(127,1,7,0,1,'2020-05-09 09:00:02','10.254.110.193','rocomm',2,'','','','','','','',161,500,'load_15min','/usr/share/cacti/rra/esxi01_load_15min_127.rrd',1,300,0,'.1.3.6.1.4.1.2021.10.1.3.3','',''),(128,1,7,0,1,'2020-05-09 09:00:02','10.254.110.193','rocomm',2,'','','','','','','',161,500,'load_5min','/usr/share/cacti/rra/esxi01_load_5min_128.rrd',1,300,0,'.1.3.6.1.4.1.2021.10.1.3.2','',''),(129,1,7,0,1,'2020-05-09 09:00:02','10.254.110.193','rocomm',2,'','','','','','','',161,500,'mem_buffers','/usr/share/cacti/rra/esxi01_mem_buffers_129.rrd',1,300,0,'.1.3.6.1.4.1.2021.4.14.0','',''),(130,1,7,0,1,'2020-05-09 09:00:02','10.254.110.193','rocomm',2,'','','','','','','',161,500,'mem_cache','/usr/share/cacti/rra/esxi01_mem_cache_130.rrd',1,300,0,'.1.3.6.1.4.1.2021.4.15.0','',''),(131,1,7,0,1,'2020-05-09 09:00:02','10.254.110.193','rocomm',2,'','','','','','','',161,500,'mem_free','/usr/share/cacti/rra/esxi01_mem_free_131.rrd',1,300,0,'.1.3.6.1.4.1.2021.4.6.0','',''),(132,1,7,0,1,'2020-05-09 09:00:02','10.254.110.193','rocomm',2,'','','','','','','',161,500,'mem_total','/usr/share/cacti/rra/esxi01_mem_total_132.rrd',1,300,0,'.1.3.6.1.4.1.2021.4.5.0','',''),(133,1,7,0,1,'2020-05-09 09:00:02','10.254.110.193','rocomm',2,'','','','','','','',161,500,'users','/usr/share/cacti/rra/esxi01_users_133.rrd',1,300,0,'.1.3.6.1.2.1.25.1.5.0','',''),(134,1,7,0,1,'2020-05-09 09:00:02','10.254.110.193','rocomm',2,'','','','','','','',161,500,'proc','/usr/share/cacti/rra/esxi01_proc_134.rrd',1,300,0,'.1.3.6.1.2.1.25.1.6.0','',''),(135,1,7,0,1,'2020-05-09 09:00:02','10.254.110.193','rocomm',2,'','','','','','','',161,500,'ssCpuIdle','/usr/share/cacti/rra/esxi01_sscpuidle_135.rrd',1,300,0,'.1.3.6.1.4.1.2021.11.11.0','',''),(136,1,7,0,1,'2020-05-09 09:00:02','10.254.110.193','rocomm',2,'','','','','','','',161,500,'ssCpuSystem','/usr/share/cacti/rra/esxi01_sscpusystem_136.rrd',1,300,0,'.1.3.6.1.4.1.2021.11.10.0','',''),(137,1,7,0,1,'2020-05-09 09:00:02','10.254.110.193','rocomm',2,'','','','','','','',161,500,'ssCpuUser','/usr/share/cacti/rra/esxi01_sscpuuser_137.rrd',1,300,0,'.1.3.6.1.4.1.2021.11.9.0','',''),(138,1,7,0,1,'2020-05-09 09:00:02','10.254.110.193','rocomm',2,'','','','','','','',161,500,'ssSysInterrupts','/usr/share/cacti/rra/esxi01_sssysinterrupts_138.rrd',1,300,0,'.1.3.6.1.4.1.2021.11.7.0','',''),(139,1,7,0,1,'2020-05-09 09:00:02','10.254.110.193','rocomm',2,'','','','','','','',161,500,'ssSysContext','/usr/share/cacti/rra/esxi01_sssyscontext_139.rrd',1,300,0,'.1.3.6.1.4.1.2021.11.8.0','',''),(140,1,7,2,1,'2020-05-09 09:00:02','10.254.110.193','rocomm',2,'','','','','','','',161,500,'','/usr/share/cacti/rra/esxi01_reads_140.rrd',1,300,0,'/usr/share/cacti/scripts/ss_net_snmp_disk_io.php ss_net_snmp_disk_io \'10.254.110.193\'','',''),(141,1,7,2,1,'2020-05-09 09:00:02','10.254.110.193','rocomm',2,'','','','','','','',161,500,'','/usr/share/cacti/rra/esxi01_bytesread_141.rrd',1,300,0,'/usr/share/cacti/scripts/ss_net_snmp_disk_bytes.php ss_net_snmp_disk_bytes \'10.254.110.193\'','',''),(142,1,7,2,1,'2020-05-09 09:00:02','10.254.110.193','rocomm',2,'','','','','','','',161,500,'hdd_total','/usr/share/cacti/rra/esxi01_hdd_used_142.rrd',2,300,0,'/usr/share/cacti/scripts/ss_host_disk.php ss_host_disk \'10.254.110.193\' \'7\' \'2:161:500:1:10:rocomm::::::\' \'get\' \'total\' \'1\'','',''),(142,1,7,2,1,'2020-05-09 09:00:02','10.254.110.193','rocomm',2,'','','','','','','',161,500,'hdd_used','/usr/share/cacti/rra/esxi01_hdd_used_142.rrd',2,300,0,'/usr/share/cacti/scripts/ss_host_disk.php ss_host_disk \'10.254.110.193\' \'7\' \'2:161:500:1:10:rocomm::::::\' \'get\' \'used\' \'1\'','',''),(143,1,7,2,1,'2020-05-09 09:00:02','10.254.110.193','rocomm',2,'','','','','','','',161,500,'hdd_total','/usr/share/cacti/rra/esxi01_hdd_used_143.rrd',2,300,0,'/usr/share/cacti/scripts/ss_host_disk.php ss_host_disk \'10.254.110.193\' \'7\' \'2:161:500:1:10:rocomm::::::\' \'get\' \'total\' \'2\'','',''),(143,1,7,2,1,'2020-05-09 09:00:02','10.254.110.193','rocomm',2,'','','','','','','',161,500,'hdd_used','/usr/share/cacti/rra/esxi01_hdd_used_143.rrd',2,300,0,'/usr/share/cacti/scripts/ss_host_disk.php ss_host_disk \'10.254.110.193\' \'7\' \'2:161:500:1:10:rocomm::::::\' \'get\' \'used\' \'2\'','',''),(144,1,7,2,1,'2020-05-09 09:00:02','10.254.110.193','rocomm',2,'','','','','','','',161,500,'hdd_total','/usr/share/cacti/rra/esxi01_hdd_used_144.rrd',2,300,0,'/usr/share/cacti/scripts/ss_host_disk.php ss_host_disk \'10.254.110.193\' \'7\' \'2:161:500:1:10:rocomm::::::\' \'get\' \'total\' \'3\'','',''),(144,1,7,2,1,'2020-05-09 09:00:02','10.254.110.193','rocomm',2,'','','','','','','',161,500,'hdd_used','/usr/share/cacti/rra/esxi01_hdd_used_144.rrd',2,300,0,'/usr/share/cacti/scripts/ss_host_disk.php ss_host_disk \'10.254.110.193\' \'7\' \'2:161:500:1:10:rocomm::::::\' \'get\' \'used\' \'3\'','',''),(145,1,7,2,1,'2020-05-09 09:00:02','10.254.110.193','rocomm',2,'','','','','','','',161,500,'hdd_total','/usr/share/cacti/rra/esxi01_hdd_used_145.rrd',2,300,0,'/usr/share/cacti/scripts/ss_host_disk.php ss_host_disk \'10.254.110.193\' \'7\' \'2:161:500:1:10:rocomm::::::\' \'get\' \'total\' \'4\'','',''),(145,1,7,2,1,'2020-05-09 09:00:02','10.254.110.193','rocomm',2,'','','','','','','',161,500,'hdd_used','/usr/share/cacti/rra/esxi01_hdd_used_145.rrd',2,300,0,'/usr/share/cacti/scripts/ss_host_disk.php ss_host_disk \'10.254.110.193\' \'7\' \'2:161:500:1:10:rocomm::::::\' \'get\' \'used\' \'4\'','',''),(146,1,7,2,1,'2020-05-09 09:00:02','10.254.110.193','rocomm',2,'','','','','','','',161,500,'hdd_total','/usr/share/cacti/rra/esxi01_hdd_used_146.rrd',2,300,0,'/usr/share/cacti/scripts/ss_host_disk.php ss_host_disk \'10.254.110.193\' \'7\' \'2:161:500:1:10:rocomm::::::\' \'get\' \'total\' \'5\'','',''),(146,1,7,2,1,'2020-05-09 09:00:02','10.254.110.193','rocomm',2,'','','','','','','',161,500,'hdd_used','/usr/share/cacti/rra/esxi01_hdd_used_146.rrd',2,300,0,'/usr/share/cacti/scripts/ss_host_disk.php ss_host_disk \'10.254.110.193\' \'7\' \'2:161:500:1:10:rocomm::::::\' \'get\' \'used\' \'5\'','',''),(147,1,7,2,1,'2020-05-09 09:00:02','10.254.110.193','rocomm',2,'','','','','','','',161,500,'cpu','/usr/share/cacti/rra/esxi01_cpu_147.rrd',1,300,0,'/usr/share/cacti/scripts/ss_host_cpu.php ss_host_cpu \'10.254.110.193\' \'7\' \'2:161:500:1:10:rocomm::::::\' \'get\' \'usage\' \'0\'','',''),(148,1,7,2,1,'2020-05-09 09:00:02','10.254.110.193','rocomm',2,'','','','','','','',161,500,'cpu','/usr/share/cacti/rra/esxi01_cpu_148.rrd',1,300,0,'/usr/share/cacti/scripts/ss_host_cpu.php ss_host_cpu \'10.254.110.193\' \'7\' \'2:161:500:1:10:rocomm::::::\' \'get\' \'usage\' \'1\'','',''),(149,1,7,2,1,'2020-05-09 09:00:02','10.254.110.193','rocomm',2,'','','','','','','',161,500,'cpu','/usr/share/cacti/rra/esxi01_cpu_149.rrd',1,300,0,'/usr/share/cacti/scripts/ss_host_cpu.php ss_host_cpu \'10.254.110.193\' \'7\' \'2:161:500:1:10:rocomm::::::\' \'get\' \'usage\' \'2\'','',''),(150,1,7,2,1,'2020-05-09 09:00:02','10.254.110.193','rocomm',2,'','','','','','','',161,500,'cpu','/usr/share/cacti/rra/esxi01_cpu_150.rrd',1,300,0,'/usr/share/cacti/scripts/ss_host_cpu.php ss_host_cpu \'10.254.110.193\' \'7\' \'2:161:500:1:10:rocomm::::::\' \'get\' \'usage\' \'3\'','',''),(151,1,7,2,1,'2020-05-09 09:00:02','10.254.110.193','rocomm',2,'','','','','','','',161,500,'cpu','/usr/share/cacti/rra/esxi01_cpu_151.rrd',1,300,0,'/usr/share/cacti/scripts/ss_host_cpu.php ss_host_cpu \'10.254.110.193\' \'7\' \'2:161:500:1:10:rocomm::::::\' \'get\' \'usage\' \'4\'','',''),(152,1,7,2,1,'2020-05-09 09:00:02','10.254.110.193','rocomm',2,'','','','','','','',161,500,'cpu','/usr/share/cacti/rra/esxi01_cpu_152.rrd',1,300,0,'/usr/share/cacti/scripts/ss_host_cpu.php ss_host_cpu \'10.254.110.193\' \'7\' \'2:161:500:1:10:rocomm::::::\' \'get\' \'usage\' \'5\'','',''),(153,1,7,2,1,'2020-05-09 09:00:02','10.254.110.193','rocomm',2,'','','','','','','',161,500,'cpu','/usr/share/cacti/rra/esxi01_cpu_153.rrd',1,300,0,'/usr/share/cacti/scripts/ss_host_cpu.php ss_host_cpu \'10.254.110.193\' \'7\' \'2:161:500:1:10:rocomm::::::\' \'get\' \'usage\' \'6\'','',''),(154,1,7,2,1,'2020-05-09 09:00:02','10.254.110.193','rocomm',2,'','','','','','','',161,500,'cpu','/usr/share/cacti/rra/esxi01_cpu_154.rrd',1,300,0,'/usr/share/cacti/scripts/ss_host_cpu.php ss_host_cpu \'10.254.110.193\' \'7\' \'2:161:500:1:10:rocomm::::::\' \'get\' \'usage\' \'7\'','',''),(155,1,7,2,1,'2020-05-09 09:00:02','10.254.110.193','rocomm',2,'','','','','','','',161,500,'cpu','/usr/share/cacti/rra/esxi01_cpu_155.rrd',1,300,0,'/usr/share/cacti/scripts/ss_host_cpu.php ss_host_cpu \'10.254.110.193\' \'7\' \'2:161:500:1:10:rocomm::::::\' \'get\' \'usage\' \'4000\'','',''),(156,1,7,0,1,'2020-05-09 09:00:02','10.254.110.193','rocomm',2,'','','','','','','',161,500,'traffic_in','/usr/share/cacti/rra/esxi01_traffic_in_156.rrd',2,300,0,'.1.3.6.1.2.1.31.1.1.1.6.5','',''),(156,1,7,0,1,'2020-05-09 09:00:02','10.254.110.193','rocomm',2,'','','','','','','',161,500,'traffic_out','/usr/share/cacti/rra/esxi01_traffic_in_156.rrd',2,300,0,'.1.3.6.1.2.1.31.1.1.1.10.5','',''),(157,1,7,0,1,'2020-05-09 09:00:02','10.254.110.193','rocomm',2,'','','','','','','',161,500,'traffic_in','/usr/share/cacti/rra/esxi01_traffic_in_157.rrd',2,300,0,'.1.3.6.1.2.1.31.1.1.1.6.6','',''),(157,1,7,0,1,'2020-05-09 09:00:02','10.254.110.193','rocomm',2,'','','','','','','',161,500,'traffic_out','/usr/share/cacti/rra/esxi01_traffic_in_157.rrd',2,300,0,'.1.3.6.1.2.1.31.1.1.1.10.6','',''),(158,1,8,0,1,'2020-05-10 14:29:16','10.101.0.1','rocomm',2,'','','','','','','',161,500,'5min_cpu','/usr/share/cacti/rra/rbranch01_5min_cpu_158.rrd',1,300,0,'.1.3.6.1.4.1.9.2.1.58.0','',''),(159,1,8,2,1,'2020-05-10 14:29:17','10.101.0.1','rocomm',2,'','','','','','','',161,500,'polling_time','/usr/share/cacti/rra/rbranch01_polling_time_159.rrd',1,300,0,'/usr/share/cacti/scripts/ss_hstats.php ss_hstats \'8\' polling_time','',''),(160,1,8,2,1,'2020-05-10 14:29:18','10.101.0.1','rocomm',2,'','','','','','','',161,500,'uptime','/usr/share/cacti/rra/rbranch01_uptime_160.rrd',1,300,0,'/usr/share/cacti/scripts/ss_hstats.php ss_hstats \'8\' uptime','',''),(161,1,8,0,1,'2020-05-10 14:29:48','10.101.0.1','rocomm',2,'','','','','','','',161,500,'traffic_in','/usr/share/cacti/rra/rbranch01_traffic_in_161.rrd',2,300,0,'.1.3.6.1.2.1.31.1.1.1.6.4','',''),(161,1,8,0,1,'2020-05-10 14:29:48','10.101.0.1','rocomm',2,'','','','','','','',161,500,'traffic_out','/usr/share/cacti/rra/rbranch01_traffic_in_161.rrd',2,300,0,'.1.3.6.1.2.1.31.1.1.1.10.4','',''),(162,1,8,0,1,'2020-05-10 14:29:49','10.101.0.1','rocomm',2,'','','','','','','',161,500,'traffic_in','/usr/share/cacti/rra/rbranch01_traffic_in_162.rrd',2,300,0,'.1.3.6.1.2.1.31.1.1.1.6.43','',''),(162,1,8,0,1,'2020-05-10 14:29:49','10.101.0.1','rocomm',2,'','','','','','','',161,500,'traffic_out','/usr/share/cacti/rra/rbranch01_traffic_in_162.rrd',2,300,0,'.1.3.6.1.2.1.31.1.1.1.10.43','',''),(163,1,8,0,1,'2020-05-12 14:35:07','10.101.0.1','rocomm',2,'','','','','','','',161,500,'traffic_in','/usr/share/cacti/rra/rbranch01_traffic_in_163.rrd',2,300,0,'.1.3.6.1.2.1.31.1.1.1.6.52','',''),(163,1,8,0,1,'2020-05-12 14:35:07','10.101.0.1','rocomm',2,'','','','','','','',161,500,'traffic_out','/usr/share/cacti/rra/rbranch01_traffic_in_163.rrd',2,300,0,'.1.3.6.1.2.1.31.1.1.1.10.52','',''),(164,1,8,0,1,'2020-05-10 14:30:02','10.101.0.1','rocomm',2,'','','','','','','',161,500,'discards_in','/usr/share/cacti/rra/rbranch01_errors_in_164.rrd',4,300,0,'.1.3.6.1.2.1.2.2.1.13.4','',''),(164,1,8,0,1,'2020-05-10 14:30:02','10.101.0.1','rocomm',2,'','','','','','','',161,500,'discards_out','/usr/share/cacti/rra/rbranch01_errors_in_164.rrd',4,300,0,'.1.3.6.1.2.1.2.2.1.19.4','',''),(164,1,8,0,1,'2020-05-10 14:30:02','10.101.0.1','rocomm',2,'','','','','','','',161,500,'errors_in','/usr/share/cacti/rra/rbranch01_errors_in_164.rrd',4,300,0,'.1.3.6.1.2.1.2.2.1.14.4','',''),(164,1,8,0,1,'2020-05-10 14:30:02','10.101.0.1','rocomm',2,'','','','','','','',161,500,'errors_out','/usr/share/cacti/rra/rbranch01_errors_in_164.rrd',4,300,0,'.1.3.6.1.2.1.2.2.1.20.4','',''),(165,1,8,0,1,'2020-05-10 14:30:12','10.101.0.1','rocomm',2,'','','','','','','',161,500,'discards_in','/usr/share/cacti/rra/rbranch01_errors_in_165.rrd',4,300,0,'.1.3.6.1.2.1.2.2.1.13.43','',''),(165,1,8,0,1,'2020-05-10 14:30:12','10.101.0.1','rocomm',2,'','','','','','','',161,500,'discards_out','/usr/share/cacti/rra/rbranch01_errors_in_165.rrd',4,300,0,'.1.3.6.1.2.1.2.2.1.19.43','',''),(165,1,8,0,1,'2020-05-10 14:30:12','10.101.0.1','rocomm',2,'','','','','','','',161,500,'errors_in','/usr/share/cacti/rra/rbranch01_errors_in_165.rrd',4,300,0,'.1.3.6.1.2.1.2.2.1.14.43','',''),(165,1,8,0,1,'2020-05-10 14:30:12','10.101.0.1','rocomm',2,'','','','','','','',161,500,'errors_out','/usr/share/cacti/rra/rbranch01_errors_in_165.rrd',4,300,0,'.1.3.6.1.2.1.2.2.1.20.43','',''),(166,1,8,0,1,'2020-05-10 14:30:12','10.101.0.1','rocomm',2,'','','','','','','',161,500,'discards_in','/usr/share/cacti/rra/rbranch01_errors_in_166.rrd',4,300,0,'.1.3.6.1.2.1.2.2.1.13.52','',''),(166,1,8,0,1,'2020-05-10 14:30:12','10.101.0.1','rocomm',2,'','','','','','','',161,500,'discards_out','/usr/share/cacti/rra/rbranch01_errors_in_166.rrd',4,300,0,'.1.3.6.1.2.1.2.2.1.19.52','',''),(166,1,8,0,1,'2020-05-10 14:30:12','10.101.0.1','rocomm',2,'','','','','','','',161,500,'errors_in','/usr/share/cacti/rra/rbranch01_errors_in_166.rrd',4,300,0,'.1.3.6.1.2.1.2.2.1.14.52','',''),(166,1,8,0,1,'2020-05-10 14:30:12','10.101.0.1','rocomm',2,'','','','','','','',161,500,'errors_out','/usr/share/cacti/rra/rbranch01_errors_in_166.rrd',4,300,0,'.1.3.6.1.2.1.2.2.1.20.52','',''),(167,1,6,0,1,'2020-05-10 14:31:06','10.254.254.252','rocomm',2,'','','','','','','',161,500,'discards_in','/usr/share/cacti/rra/fwdc01_errors_in_167.rrd',4,300,0,'.1.3.6.1.2.1.2.2.1.13.3','',''),(167,1,6,0,1,'2020-05-10 14:31:06','10.254.254.252','rocomm',2,'','','','','','','',161,500,'discards_out','/usr/share/cacti/rra/fwdc01_errors_in_167.rrd',4,300,0,'.1.3.6.1.2.1.2.2.1.19.3','',''),(167,1,6,0,1,'2020-05-10 14:31:06','10.254.254.252','rocomm',2,'','','','','','','',161,500,'errors_in','/usr/share/cacti/rra/fwdc01_errors_in_167.rrd',4,300,0,'.1.3.6.1.2.1.2.2.1.14.3','',''),(167,1,6,0,1,'2020-05-10 14:31:06','10.254.254.252','rocomm',2,'','','','','','','',161,500,'errors_out','/usr/share/cacti/rra/fwdc01_errors_in_167.rrd',4,300,0,'.1.3.6.1.2.1.2.2.1.20.3','',''),(168,1,6,0,1,'2020-05-10 14:31:06','10.254.254.252','rocomm',2,'','','','','','','',161,500,'discards_in','/usr/share/cacti/rra/fwdc01_errors_in_168.rrd',4,300,0,'.1.3.6.1.2.1.2.2.1.13.4','',''),(168,1,6,0,1,'2020-05-10 14:31:06','10.254.254.252','rocomm',2,'','','','','','','',161,500,'discards_out','/usr/share/cacti/rra/fwdc01_errors_in_168.rrd',4,300,0,'.1.3.6.1.2.1.2.2.1.19.4','',''),(168,1,6,0,1,'2020-05-10 14:31:06','10.254.254.252','rocomm',2,'','','','','','','',161,500,'errors_in','/usr/share/cacti/rra/fwdc01_errors_in_168.rrd',4,300,0,'.1.3.6.1.2.1.2.2.1.14.4','',''),(168,1,6,0,1,'2020-05-10 14:31:06','10.254.254.252','rocomm',2,'','','','','','','',161,500,'errors_out','/usr/share/cacti/rra/fwdc01_errors_in_168.rrd',4,300,0,'.1.3.6.1.2.1.2.2.1.20.4','',''),(169,1,6,0,1,'2020-05-10 14:31:06','10.254.254.252','rocomm',2,'','','','','','','',161,500,'discards_in','/usr/share/cacti/rra/fwdc01_errors_in_169.rrd',4,300,0,'.1.3.6.1.2.1.2.2.1.13.5','',''),(169,1,6,0,1,'2020-05-10 14:31:06','10.254.254.252','rocomm',2,'','','','','','','',161,500,'discards_out','/usr/share/cacti/rra/fwdc01_errors_in_169.rrd',4,300,0,'.1.3.6.1.2.1.2.2.1.19.5','',''),(169,1,6,0,1,'2020-05-10 14:31:06','10.254.254.252','rocomm',2,'','','','','','','',161,500,'errors_in','/usr/share/cacti/rra/fwdc01_errors_in_169.rrd',4,300,0,'.1.3.6.1.2.1.2.2.1.14.5','',''),(169,1,6,0,1,'2020-05-10 14:31:06','10.254.254.252','rocomm',2,'','','','','','','',161,500,'errors_out','/usr/share/cacti/rra/fwdc01_errors_in_169.rrd',4,300,0,'.1.3.6.1.2.1.2.2.1.20.5','',''),(170,1,6,0,1,'2020-05-10 14:31:06','10.254.254.252','rocomm',2,'','','','','','','',161,500,'discards_in','/usr/share/cacti/rra/fwdc01_errors_in_170.rrd',4,300,0,'.1.3.6.1.2.1.2.2.1.13.101020252','',''),(170,1,6,0,1,'2020-05-10 14:31:06','10.254.254.252','rocomm',2,'','','','','','','',161,500,'discards_out','/usr/share/cacti/rra/fwdc01_errors_in_170.rrd',4,300,0,'.1.3.6.1.2.1.2.2.1.19.101020252','',''),(170,1,6,0,1,'2020-05-10 14:31:06','10.254.254.252','rocomm',2,'','','','','','','',161,500,'errors_in','/usr/share/cacti/rra/fwdc01_errors_in_170.rrd',4,300,0,'.1.3.6.1.2.1.2.2.1.14.101020252','',''),(170,1,6,0,1,'2020-05-10 14:31:06','10.254.254.252','rocomm',2,'','','','','','','',161,500,'errors_out','/usr/share/cacti/rra/fwdc01_errors_in_170.rrd',4,300,0,'.1.3.6.1.2.1.2.2.1.20.101020252','',''),(171,1,6,0,1,'2020-05-10 14:31:06','10.254.254.252','rocomm',2,'','','','','','','',161,500,'discards_in','/usr/share/cacti/rra/fwdc01_errors_in_171.rrd',4,300,0,'.1.3.6.1.2.1.2.2.1.13.300000001','',''),(171,1,6,0,1,'2020-05-10 14:31:06','10.254.254.252','rocomm',2,'','','','','','','',161,500,'discards_out','/usr/share/cacti/rra/fwdc01_errors_in_171.rrd',4,300,0,'.1.3.6.1.2.1.2.2.1.19.300000001','',''),(171,1,6,0,1,'2020-05-10 14:31:06','10.254.254.252','rocomm',2,'','','','','','','',161,500,'errors_in','/usr/share/cacti/rra/fwdc01_errors_in_171.rrd',4,300,0,'.1.3.6.1.2.1.2.2.1.14.300000001','',''),(171,1,6,0,1,'2020-05-10 14:31:06','10.254.254.252','rocomm',2,'','','','','','','',161,500,'errors_out','/usr/share/cacti/rra/fwdc01_errors_in_171.rrd',4,300,0,'.1.3.6.1.2.1.2.2.1.20.300000001','',''),(172,1,6,0,1,'2020-05-10 14:31:09','10.254.254.252','rocomm',2,'','','','','','','',161,500,'discards_in','/usr/share/cacti/rra/fwdc01_errors_in_172.rrd',4,300,0,'.1.3.6.1.2.1.2.2.1.13.400002255','',''),(172,1,6,0,1,'2020-05-10 14:31:09','10.254.254.252','rocomm',2,'','','','','','','',161,500,'discards_out','/usr/share/cacti/rra/fwdc01_errors_in_172.rrd',4,300,0,'.1.3.6.1.2.1.2.2.1.19.400002255','',''),(172,1,6,0,1,'2020-05-10 14:31:09','10.254.254.252','rocomm',2,'','','','','','','',161,500,'errors_in','/usr/share/cacti/rra/fwdc01_errors_in_172.rrd',4,300,0,'.1.3.6.1.2.1.2.2.1.14.400002255','',''),(172,1,6,0,1,'2020-05-10 14:31:09','10.254.254.252','rocomm',2,'','','','','','','',161,500,'errors_out','/usr/share/cacti/rra/fwdc01_errors_in_172.rrd',4,300,0,'.1.3.6.1.2.1.2.2.1.20.400002255','',''),(173,1,9,2,1,'2020-05-15 00:45:08','10.101.29.253','public',2,'','','','','','','',161,500,'polling_time','/usr/share/cacti/rra/openwrt-wzr450_polling_time_173.rrd',1,300,0,'/usr/share/cacti/scripts/ss_hstats.php ss_hstats \'9\' polling_time','',''),(174,1,9,2,1,'2020-05-15 00:45:08','10.101.29.253','public',2,'','','','','','','',161,500,'uptime','/usr/share/cacti/rra/openwrt-wzr450_uptime_174.rrd',1,300,0,'/usr/share/cacti/scripts/ss_hstats.php ss_hstats \'9\' uptime','',''),(175,1,9,0,1,'2020-05-15 00:45:08','10.101.29.253','public',2,'','','','','','','',161,500,'load_1min','/usr/share/cacti/rra/openwrt-wzr450_load_1min_175.rrd',1,300,0,'.1.3.6.1.4.1.2021.10.1.3.1','',''),(176,1,9,0,1,'2020-05-15 00:45:08','10.101.29.253','public',2,'','','','','','','',161,500,'load_15min','/usr/share/cacti/rra/openwrt-wzr450_load_15min_176.rrd',1,300,0,'.1.3.6.1.4.1.2021.10.1.3.3','',''),(177,1,9,0,1,'2020-05-15 00:45:08','10.101.29.253','public',2,'','','','','','','',161,500,'load_5min','/usr/share/cacti/rra/openwrt-wzr450_load_5min_177.rrd',1,300,0,'.1.3.6.1.4.1.2021.10.1.3.2','',''),(178,1,9,0,1,'2020-05-15 00:45:08','10.101.29.253','public',2,'','','','','','','',161,500,'mem_buffers','/usr/share/cacti/rra/openwrt-wzr450_mem_buffers_178.rrd',1,300,0,'.1.3.6.1.4.1.2021.4.14.0','',''),(179,1,9,0,1,'2020-05-15 00:45:08','10.101.29.253','public',2,'','','','','','','',161,500,'mem_cache','/usr/share/cacti/rra/openwrt-wzr450_mem_cache_179.rrd',1,300,0,'.1.3.6.1.4.1.2021.4.15.0','',''),(180,1,9,0,1,'2020-05-15 00:45:08','10.101.29.253','public',2,'','','','','','','',161,500,'mem_free','/usr/share/cacti/rra/openwrt-wzr450_mem_free_180.rrd',1,300,0,'.1.3.6.1.4.1.2021.4.6.0','',''),(181,1,9,0,1,'2020-05-15 00:45:08','10.101.29.253','public',2,'','','','','','','',161,500,'mem_total','/usr/share/cacti/rra/openwrt-wzr450_mem_total_181.rrd',1,300,0,'.1.3.6.1.4.1.2021.4.5.0','',''),(182,1,9,0,1,'2020-05-15 00:45:08','10.101.29.253','public',2,'','','','','','','',161,500,'users','/usr/share/cacti/rra/openwrt-wzr450_users_182.rrd',1,300,0,'.1.3.6.1.2.1.25.1.5.0','',''),(183,1,9,0,1,'2020-05-15 00:45:08','10.101.29.253','public',2,'','','','','','','',161,500,'proc','/usr/share/cacti/rra/openwrt-wzr450_proc_183.rrd',1,300,0,'.1.3.6.1.2.1.25.1.6.0','',''),(184,1,9,0,1,'2020-05-15 00:45:08','10.101.29.253','public',2,'','','','','','','',161,500,'ssCpuIdle','/usr/share/cacti/rra/openwrt-wzr450_sscpuidle_184.rrd',1,300,0,'.1.3.6.1.4.1.2021.11.11.0','',''),(185,1,9,0,1,'2020-05-15 00:45:08','10.101.29.253','public',2,'','','','','','','',161,500,'ssCpuSystem','/usr/share/cacti/rra/openwrt-wzr450_sscpusystem_185.rrd',1,300,0,'.1.3.6.1.4.1.2021.11.10.0','',''),(186,1,9,0,1,'2020-05-15 00:45:08','10.101.29.253','public',2,'','','','','','','',161,500,'ssCpuUser','/usr/share/cacti/rra/openwrt-wzr450_sscpuuser_186.rrd',1,300,0,'.1.3.6.1.4.1.2021.11.9.0','',''),(187,1,9,0,1,'2020-05-15 00:45:08','10.101.29.253','public',2,'','','','','','','',161,500,'ssSysInterrupts','/usr/share/cacti/rra/openwrt-wzr450_sssysinterrupts_187.rrd',1,300,0,'.1.3.6.1.4.1.2021.11.7.0','',''),(188,1,9,0,1,'2020-05-15 00:45:08','10.101.29.253','public',2,'','','','','','','',161,500,'ssSysContext','/usr/share/cacti/rra/openwrt-wzr450_sssyscontext_188.rrd',1,300,0,'.1.3.6.1.4.1.2021.11.8.0','',''),(189,1,9,2,1,'2020-05-15 00:45:08','10.101.29.253','public',2,'','','','','','','',161,500,'','/usr/share/cacti/rra/openwrt-wzr450_reads_189.rrd',1,300,0,'/usr/share/cacti/scripts/ss_net_snmp_disk_io.php ss_net_snmp_disk_io \'10.101.29.253\'','',''),(190,1,9,2,1,'2020-05-15 00:45:08','10.101.29.253','public',2,'','','','','','','',161,500,'','/usr/share/cacti/rra/openwrt-wzr450_bytesread_190.rrd',1,300,0,'/usr/share/cacti/scripts/ss_net_snmp_disk_bytes.php ss_net_snmp_disk_bytes \'10.101.29.253\'','',''),(191,1,9,2,1,'2020-05-15 00:45:08','10.101.29.253','public',2,'','','','','','','',161,500,'hdd_total','/usr/share/cacti/rra/openwrt-wzr450_hdd_used_191.rrd',2,300,0,'/usr/share/cacti/scripts/ss_host_disk.php ss_host_disk \'10.101.29.253\' \'9\' \'2:161:500:1:10:public::::::\' \'get\' \'total\' \'1\'','',''),(191,1,9,2,1,'2020-05-15 00:45:08','10.101.29.253','public',2,'','','','','','','',161,500,'hdd_used','/usr/share/cacti/rra/openwrt-wzr450_hdd_used_191.rrd',2,300,0,'/usr/share/cacti/scripts/ss_host_disk.php ss_host_disk \'10.101.29.253\' \'9\' \'2:161:500:1:10:public::::::\' \'get\' \'used\' \'1\'','',''),(192,1,9,2,1,'2020-05-15 00:45:08','10.101.29.253','public',2,'','','','','','','',161,500,'hdd_total','/usr/share/cacti/rra/openwrt-wzr450_hdd_used_192.rrd',2,300,0,'/usr/share/cacti/scripts/ss_host_disk.php ss_host_disk \'10.101.29.253\' \'9\' \'2:161:500:1:10:public::::::\' \'get\' \'total\' \'3\'','',''),(192,1,9,2,1,'2020-05-15 00:45:08','10.101.29.253','public',2,'','','','','','','',161,500,'hdd_used','/usr/share/cacti/rra/openwrt-wzr450_hdd_used_192.rrd',2,300,0,'/usr/share/cacti/scripts/ss_host_disk.php ss_host_disk \'10.101.29.253\' \'9\' \'2:161:500:1:10:public::::::\' \'get\' \'used\' \'3\'','',''),(193,1,9,2,1,'2020-05-15 00:45:08','10.101.29.253','public',2,'','','','','','','',161,500,'hdd_total','/usr/share/cacti/rra/openwrt-wzr450_hdd_used_193.rrd',2,300,0,'/usr/share/cacti/scripts/ss_host_disk.php ss_host_disk \'10.101.29.253\' \'9\' \'2:161:500:1:10:public::::::\' \'get\' \'total\' \'6\'','',''),(193,1,9,2,1,'2020-05-15 00:45:08','10.101.29.253','public',2,'','','','','','','',161,500,'hdd_used','/usr/share/cacti/rra/openwrt-wzr450_hdd_used_193.rrd',2,300,0,'/usr/share/cacti/scripts/ss_host_disk.php ss_host_disk \'10.101.29.253\' \'9\' \'2:161:500:1:10:public::::::\' \'get\' \'used\' \'6\'','',''),(194,1,9,2,1,'2020-05-15 00:45:08','10.101.29.253','public',2,'','','','','','','',161,500,'hdd_total','/usr/share/cacti/rra/openwrt-wzr450_hdd_used_194.rrd',2,300,0,'/usr/share/cacti/scripts/ss_host_disk.php ss_host_disk \'10.101.29.253\' \'9\' \'2:161:500:1:10:public::::::\' \'get\' \'total\' \'7\'','',''),(194,1,9,2,1,'2020-05-15 00:45:08','10.101.29.253','public',2,'','','','','','','',161,500,'hdd_used','/usr/share/cacti/rra/openwrt-wzr450_hdd_used_194.rrd',2,300,0,'/usr/share/cacti/scripts/ss_host_disk.php ss_host_disk \'10.101.29.253\' \'9\' \'2:161:500:1:10:public::::::\' \'get\' \'used\' \'7\'','',''),(195,1,9,2,1,'2020-05-15 00:45:08','10.101.29.253','public',2,'','','','','','','',161,500,'hdd_total','/usr/share/cacti/rra/openwrt-wzr450_hdd_used_195.rrd',2,300,0,'/usr/share/cacti/scripts/ss_host_disk.php ss_host_disk \'10.101.29.253\' \'9\' \'2:161:500:1:10:public::::::\' \'get\' \'total\' \'8\'','',''),(195,1,9,2,1,'2020-05-15 00:45:08','10.101.29.253','public',2,'','','','','','','',161,500,'hdd_used','/usr/share/cacti/rra/openwrt-wzr450_hdd_used_195.rrd',2,300,0,'/usr/share/cacti/scripts/ss_host_disk.php ss_host_disk \'10.101.29.253\' \'9\' \'2:161:500:1:10:public::::::\' \'get\' \'used\' \'8\'','',''),(196,1,9,2,1,'2020-05-15 00:45:08','10.101.29.253','public',2,'','','','','','','',161,500,'hdd_total','/usr/share/cacti/rra/openwrt-wzr450_hdd_used_196.rrd',2,300,0,'/usr/share/cacti/scripts/ss_host_disk.php ss_host_disk \'10.101.29.253\' \'9\' \'2:161:500:1:10:public::::::\' \'get\' \'total\' \'10\'','',''),(196,1,9,2,1,'2020-05-15 00:45:08','10.101.29.253','public',2,'','','','','','','',161,500,'hdd_used','/usr/share/cacti/rra/openwrt-wzr450_hdd_used_196.rrd',2,300,0,'/usr/share/cacti/scripts/ss_host_disk.php ss_host_disk \'10.101.29.253\' \'9\' \'2:161:500:1:10:public::::::\' \'get\' \'used\' \'10\'','',''),(197,1,9,2,1,'2020-05-15 00:45:08','10.101.29.253','public',2,'','','','','','','',161,500,'hdd_total','/usr/share/cacti/rra/openwrt-wzr450_hdd_used_197.rrd',2,300,0,'/usr/share/cacti/scripts/ss_host_disk.php ss_host_disk \'10.101.29.253\' \'9\' \'2:161:500:1:10:public::::::\' \'get\' \'total\' \'31\'','',''),(197,1,9,2,1,'2020-05-15 00:45:08','10.101.29.253','public',2,'','','','','','','',161,500,'hdd_used','/usr/share/cacti/rra/openwrt-wzr450_hdd_used_197.rrd',2,300,0,'/usr/share/cacti/scripts/ss_host_disk.php ss_host_disk \'10.101.29.253\' \'9\' \'2:161:500:1:10:public::::::\' \'get\' \'used\' \'31\'','',''),(198,1,9,2,1,'2020-05-15 00:45:08','10.101.29.253','public',2,'','','','','','','',161,500,'hdd_total','/usr/share/cacti/rra/openwrt-wzr450_hdd_used_198.rrd',2,300,0,'/usr/share/cacti/scripts/ss_host_disk.php ss_host_disk \'10.101.29.253\' \'9\' \'2:161:500:1:10:public::::::\' \'get\' \'total\' \'32\'','',''),(198,1,9,2,1,'2020-05-15 00:45:08','10.101.29.253','public',2,'','','','','','','',161,500,'hdd_used','/usr/share/cacti/rra/openwrt-wzr450_hdd_used_198.rrd',2,300,0,'/usr/share/cacti/scripts/ss_host_disk.php ss_host_disk \'10.101.29.253\' \'9\' \'2:161:500:1:10:public::::::\' \'get\' \'used\' \'32\'','',''),(199,1,9,2,1,'2020-05-15 00:45:08','10.101.29.253','public',2,'','','','','','','',161,500,'hdd_total','/usr/share/cacti/rra/openwrt-wzr450_hdd_used_199.rrd',2,300,0,'/usr/share/cacti/scripts/ss_host_disk.php ss_host_disk \'10.101.29.253\' \'9\' \'2:161:500:1:10:public::::::\' \'get\' \'total\' \'33\'','',''),(199,1,9,2,1,'2020-05-15 00:45:08','10.101.29.253','public',2,'','','','','','','',161,500,'hdd_used','/usr/share/cacti/rra/openwrt-wzr450_hdd_used_199.rrd',2,300,0,'/usr/share/cacti/scripts/ss_host_disk.php ss_host_disk \'10.101.29.253\' \'9\' \'2:161:500:1:10:public::::::\' \'get\' \'used\' \'33\'','',''),(200,1,9,2,1,'2020-05-15 00:45:08','10.101.29.253','public',2,'','','','','','','',161,500,'cpu','/usr/share/cacti/rra/openwrt-wzr450_cpu_200.rrd',1,300,0,'/usr/share/cacti/scripts/ss_host_cpu.php ss_host_cpu \'10.101.29.253\' \'9\' \'2:161:500:1:10:public::::::\' \'get\' \'usage\' \'0\'','',''),(201,1,9,2,1,'2020-05-15 00:45:08','10.101.29.253','public',2,'','','','','','','',161,500,'cpu','/usr/share/cacti/rra/openwrt-wzr450_cpu_201.rrd',1,300,0,'/usr/share/cacti/scripts/ss_host_cpu.php ss_host_cpu \'10.101.29.253\' \'9\' \'2:161:500:1:10:public::::::\' \'get\' \'usage\' \'4000\'','',''),(202,1,9,0,1,'2020-05-15 00:45:08','10.101.29.253','public',2,'','','','','','','',161,500,'traffic_in','/usr/share/cacti/rra/openwrt-wzr450_traffic_in_202.rrd',2,300,0,'.1.3.6.1.2.1.31.1.1.1.6.5','',''),(202,1,9,0,1,'2020-05-15 00:45:08','10.101.29.253','public',2,'','','','','','','',161,500,'traffic_out','/usr/share/cacti/rra/openwrt-wzr450_traffic_in_202.rrd',2,300,0,'.1.3.6.1.2.1.31.1.1.1.10.5','',''),(203,1,9,0,1,'2020-05-15 00:45:08','10.101.29.253','public',2,'','','','','','','',161,500,'traffic_in','/usr/share/cacti/rra/openwrt-wzr450_traffic_in_203.rrd',2,300,0,'.1.3.6.1.2.1.31.1.1.1.6.7','',''),(203,1,9,0,1,'2020-05-15 00:45:08','10.101.29.253','public',2,'','','','','','','',161,500,'traffic_out','/usr/share/cacti/rra/openwrt-wzr450_traffic_in_203.rrd',2,300,0,'.1.3.6.1.2.1.31.1.1.1.10.7','',''),(204,1,9,0,1,'2020-05-15 00:45:08','10.101.29.253','public',2,'','','','','','','',161,500,'discards_in','/usr/share/cacti/rra/openwrt-wzr450_errors_in_204.rrd',4,300,0,'.1.3.6.1.2.1.2.2.1.13.2','',''),(204,1,9,0,1,'2020-05-15 00:45:08','10.101.29.253','public',2,'','','','','','','',161,500,'discards_out','/usr/share/cacti/rra/openwrt-wzr450_errors_in_204.rrd',4,300,0,'.1.3.6.1.2.1.2.2.1.19.2','',''),(204,1,9,0,1,'2020-05-15 00:45:08','10.101.29.253','public',2,'','','','','','','',161,500,'errors_in','/usr/share/cacti/rra/openwrt-wzr450_errors_in_204.rrd',4,300,0,'.1.3.6.1.2.1.2.2.1.14.2','',''),(204,1,9,0,1,'2020-05-15 00:45:08','10.101.29.253','public',2,'','','','','','','',161,500,'errors_out','/usr/share/cacti/rra/openwrt-wzr450_errors_in_204.rrd',4,300,0,'.1.3.6.1.2.1.2.2.1.20.2','',''),(205,1,9,0,1,'2020-05-15 00:45:08','10.101.29.253','public',2,'','','','','','','',161,500,'discards_in','/usr/share/cacti/rra/openwrt-wzr450_errors_in_205.rrd',4,300,0,'.1.3.6.1.2.1.2.2.1.13.5','',''),(205,1,9,0,1,'2020-05-15 00:45:08','10.101.29.253','public',2,'','','','','','','',161,500,'discards_out','/usr/share/cacti/rra/openwrt-wzr450_errors_in_205.rrd',4,300,0,'.1.3.6.1.2.1.2.2.1.19.5','',''),(205,1,9,0,1,'2020-05-15 00:45:08','10.101.29.253','public',2,'','','','','','','',161,500,'errors_in','/usr/share/cacti/rra/openwrt-wzr450_errors_in_205.rrd',4,300,0,'.1.3.6.1.2.1.2.2.1.14.5','',''),(205,1,9,0,1,'2020-05-15 00:45:08','10.101.29.253','public',2,'','','','','','','',161,500,'errors_out','/usr/share/cacti/rra/openwrt-wzr450_errors_in_205.rrd',4,300,0,'.1.3.6.1.2.1.2.2.1.20.5','',''),(206,1,9,0,1,'2020-05-15 00:45:08','10.101.29.253','public',2,'','','','','','','',161,500,'discards_in','/usr/share/cacti/rra/openwrt-wzr450_errors_in_206.rrd',4,300,0,'.1.3.6.1.2.1.2.2.1.13.6','',''),(206,1,9,0,1,'2020-05-15 00:45:08','10.101.29.253','public',2,'','','','','','','',161,500,'discards_out','/usr/share/cacti/rra/openwrt-wzr450_errors_in_206.rrd',4,300,0,'.1.3.6.1.2.1.2.2.1.19.6','',''),(206,1,9,0,1,'2020-05-15 00:45:08','10.101.29.253','public',2,'','','','','','','',161,500,'errors_in','/usr/share/cacti/rra/openwrt-wzr450_errors_in_206.rrd',4,300,0,'.1.3.6.1.2.1.2.2.1.14.6','',''),(206,1,9,0,1,'2020-05-15 00:45:08','10.101.29.253','public',2,'','','','','','','',161,500,'errors_out','/usr/share/cacti/rra/openwrt-wzr450_errors_in_206.rrd',4,300,0,'.1.3.6.1.2.1.2.2.1.20.6','',''),(208,1,9,0,1,'2020-05-15 00:45:08','10.101.29.253','public',2,'','','','','','','',161,500,'traffic_in','/usr/share/cacti/rra/openwrt-wzr450_traffic_in_208.rrd',2,300,0,'.1.3.6.1.2.1.31.1.1.1.6.2','',''),(208,1,9,0,1,'2020-05-15 00:45:08','10.101.29.253','public',2,'','','','','','','',161,500,'traffic_out','/usr/share/cacti/rra/openwrt-wzr450_traffic_in_208.rrd',2,300,0,'.1.3.6.1.2.1.31.1.1.1.10.2','',''),(209,1,9,0,1,'2020-05-15 00:45:08','10.101.29.253','public',2,'','','','','','','',161,500,'traffic_in','/usr/share/cacti/rra/openwrt-wzr450_traffic_in_209.rrd',2,300,0,'.1.3.6.1.2.1.31.1.1.1.6.6','',''),(209,1,9,0,1,'2020-05-15 00:45:08','10.101.29.253','public',2,'','','','','','','',161,500,'traffic_out','/usr/share/cacti/rra/openwrt-wzr450_traffic_in_209.rrd',2,300,0,'.1.3.6.1.2.1.31.1.1.1.10.6','',''),(211,1,8,0,1,'2020-05-13 00:11:29','10.101.0.1','rocomm',2,'','','','','','','',161,500,'discards_in','/usr/share/cacti/rra/rbranch01_errors_in_211.rrd',4,300,0,'.1.3.6.1.2.1.2.2.1.13.10','',''),(211,1,8,0,1,'2020-05-13 00:11:29','10.101.0.1','rocomm',2,'','','','','','','',161,500,'discards_out','/usr/share/cacti/rra/rbranch01_errors_in_211.rrd',4,300,0,'.1.3.6.1.2.1.2.2.1.19.10','',''),(211,1,8,0,1,'2020-05-13 00:11:29','10.101.0.1','rocomm',2,'','','','','','','',161,500,'errors_in','/usr/share/cacti/rra/rbranch01_errors_in_211.rrd',4,300,0,'.1.3.6.1.2.1.2.2.1.14.10','',''),(211,1,8,0,1,'2020-05-13 00:11:29','10.101.0.1','rocomm',2,'','','','','','','',161,500,'errors_out','/usr/share/cacti/rra/rbranch01_errors_in_211.rrd',4,300,0,'.1.3.6.1.2.1.2.2.1.20.10','',''),(212,1,8,0,1,'2020-05-13 00:11:46','10.101.0.1','rocomm',2,'','','','','','','',161,500,'traffic_in','/usr/share/cacti/rra/rbranch01_traffic_in_212.rrd',2,300,0,'.1.3.6.1.2.1.31.1.1.1.6.10','',''),(212,1,8,0,1,'2020-05-13 00:11:46','10.101.0.1','rocomm',2,'','','','','','','',161,500,'traffic_out','/usr/share/cacti/rra/rbranch01_traffic_in_212.rrd',2,300,0,'.1.3.6.1.2.1.31.1.1.1.10.10','',''),(213,1,8,0,1,'2020-05-13 00:12:34','10.101.0.1','rocomm',2,'','','','','','','',161,500,'traffic_in','/usr/share/cacti/rra/rbranch01_traffic_in_213.rrd',2,300,0,'.1.3.6.1.2.1.31.1.1.1.6.47','',''),(213,1,8,0,1,'2020-05-13 00:12:34','10.101.0.1','rocomm',2,'','','','','','','',161,500,'traffic_out','/usr/share/cacti/rra/rbranch01_traffic_in_213.rrd',2,300,0,'.1.3.6.1.2.1.31.1.1.1.10.47','',''),(214,1,10,2,1,'2020-05-15 00:45:37','10.101.29.252','public',2,'','','','','','','',161,500,'polling_time','/usr/share/cacti/rra/openwrt-wzr300_polling_time_214.rrd',1,300,0,'/usr/share/cacti/scripts/ss_hstats.php ss_hstats \'10\' polling_time','',''),(215,1,10,2,1,'2020-05-15 00:45:37','10.101.29.252','public',2,'','','','','','','',161,500,'uptime','/usr/share/cacti/rra/openwrt-wzr300_uptime_215.rrd',1,300,0,'/usr/share/cacti/scripts/ss_hstats.php ss_hstats \'10\' uptime','',''),(216,1,10,0,1,'2020-05-15 00:45:37','10.101.29.252','public',2,'','','','','','','',161,500,'load_1min','/usr/share/cacti/rra/openwrt-wzr300_load_1min_216.rrd',1,300,0,'.1.3.6.1.4.1.2021.10.1.3.1','',''),(217,1,10,0,1,'2020-05-15 00:45:37','10.101.29.252','public',2,'','','','','','','',161,500,'load_15min','/usr/share/cacti/rra/openwrt-wzr300_load_15min_217.rrd',1,300,0,'.1.3.6.1.4.1.2021.10.1.3.3','',''),(218,1,10,0,1,'2020-05-15 00:45:37','10.101.29.252','public',2,'','','','','','','',161,500,'load_5min','/usr/share/cacti/rra/openwrt-wzr300_load_5min_218.rrd',1,300,0,'.1.3.6.1.4.1.2021.10.1.3.2','',''),(219,1,10,0,1,'2020-05-15 00:45:37','10.101.29.252','public',2,'','','','','','','',161,500,'mem_buffers','/usr/share/cacti/rra/openwrt-wzr300_mem_buffers_219.rrd',1,300,0,'.1.3.6.1.4.1.2021.4.14.0','',''),(220,1,10,0,1,'2020-05-15 00:45:37','10.101.29.252','public',2,'','','','','','','',161,500,'mem_cache','/usr/share/cacti/rra/openwrt-wzr300_mem_cache_220.rrd',1,300,0,'.1.3.6.1.4.1.2021.4.15.0','',''),(221,1,10,0,1,'2020-05-15 00:45:37','10.101.29.252','public',2,'','','','','','','',161,500,'mem_free','/usr/share/cacti/rra/openwrt-wzr300_mem_free_221.rrd',1,300,0,'.1.3.6.1.4.1.2021.4.6.0','',''),(222,1,10,0,1,'2020-05-15 00:45:37','10.101.29.252','public',2,'','','','','','','',161,500,'mem_total','/usr/share/cacti/rra/openwrt-wzr300_mem_total_222.rrd',1,300,0,'.1.3.6.1.4.1.2021.4.5.0','',''),(223,1,10,0,1,'2020-05-15 00:45:37','10.101.29.252','public',2,'','','','','','','',161,500,'users','/usr/share/cacti/rra/openwrt-wzr300_users_223.rrd',1,300,0,'.1.3.6.1.2.1.25.1.5.0','',''),(224,1,10,0,1,'2020-05-15 00:45:37','10.101.29.252','public',2,'','','','','','','',161,500,'proc','/usr/share/cacti/rra/openwrt-wzr300_proc_224.rrd',1,300,0,'.1.3.6.1.2.1.25.1.6.0','',''),(225,1,10,0,1,'2020-05-15 00:45:37','10.101.29.252','public',2,'','','','','','','',161,500,'ssCpuIdle','/usr/share/cacti/rra/openwrt-wzr300_sscpuidle_225.rrd',1,300,0,'.1.3.6.1.4.1.2021.11.11.0','',''),(226,1,10,0,1,'2020-05-15 00:45:37','10.101.29.252','public',2,'','','','','','','',161,500,'ssCpuSystem','/usr/share/cacti/rra/openwrt-wzr300_sscpusystem_226.rrd',1,300,0,'.1.3.6.1.4.1.2021.11.10.0','',''),(227,1,10,0,1,'2020-05-15 00:45:37','10.101.29.252','public',2,'','','','','','','',161,500,'ssCpuUser','/usr/share/cacti/rra/openwrt-wzr300_sscpuuser_227.rrd',1,300,0,'.1.3.6.1.4.1.2021.11.9.0','',''),(228,1,10,0,1,'2020-05-15 00:45:37','10.101.29.252','public',2,'','','','','','','',161,500,'ssSysInterrupts','/usr/share/cacti/rra/openwrt-wzr300_sssysinterrupts_228.rrd',1,300,0,'.1.3.6.1.4.1.2021.11.7.0','',''),(229,1,10,0,1,'2020-05-15 00:45:37','10.101.29.252','public',2,'','','','','','','',161,500,'ssSysContext','/usr/share/cacti/rra/openwrt-wzr300_sssyscontext_229.rrd',1,300,0,'.1.3.6.1.4.1.2021.11.8.0','',''),(230,1,10,2,1,'2020-05-15 00:45:37','10.101.29.252','public',2,'','','','','','','',161,500,'','/usr/share/cacti/rra/openwrt-wzr300_reads_230.rrd',1,300,0,'/usr/share/cacti/scripts/ss_net_snmp_disk_io.php ss_net_snmp_disk_io \'10.101.29.252\'','',''),(231,1,10,2,1,'2020-05-15 00:45:37','10.101.29.252','public',2,'','','','','','','',161,500,'','/usr/share/cacti/rra/openwrt-wzr300_bytesread_231.rrd',1,300,0,'/usr/share/cacti/scripts/ss_net_snmp_disk_bytes.php ss_net_snmp_disk_bytes \'10.101.29.252\'','',''),(232,1,10,2,1,'2020-05-15 00:45:37','10.101.29.252','public',2,'','','','','','','',161,500,'hdd_total','/usr/share/cacti/rra/openwrt-wzr300_hdd_used_232.rrd',2,300,0,'/usr/share/cacti/scripts/ss_host_disk.php ss_host_disk \'10.101.29.252\' \'10\' \'2:161:500:1:10:public::::::\' \'get\' \'total\' \'1\'','',''),(232,1,10,2,1,'2020-05-15 00:45:37','10.101.29.252','public',2,'','','','','','','',161,500,'hdd_used','/usr/share/cacti/rra/openwrt-wzr300_hdd_used_232.rrd',2,300,0,'/usr/share/cacti/scripts/ss_host_disk.php ss_host_disk \'10.101.29.252\' \'10\' \'2:161:500:1:10:public::::::\' \'get\' \'used\' \'1\'','',''),(233,1,10,2,1,'2020-05-15 00:45:37','10.101.29.252','public',2,'','','','','','','',161,500,'hdd_total','/usr/share/cacti/rra/openwrt-wzr300_hdd_used_233.rrd',2,300,0,'/usr/share/cacti/scripts/ss_host_disk.php ss_host_disk \'10.101.29.252\' \'10\' \'2:161:500:1:10:public::::::\' \'get\' \'total\' \'3\'','',''),(233,1,10,2,1,'2020-05-15 00:45:37','10.101.29.252','public',2,'','','','','','','',161,500,'hdd_used','/usr/share/cacti/rra/openwrt-wzr300_hdd_used_233.rrd',2,300,0,'/usr/share/cacti/scripts/ss_host_disk.php ss_host_disk \'10.101.29.252\' \'10\' \'2:161:500:1:10:public::::::\' \'get\' \'used\' \'3\'','',''),(234,1,10,2,1,'2020-05-15 00:45:37','10.101.29.252','public',2,'','','','','','','',161,500,'hdd_total','/usr/share/cacti/rra/openwrt-wzr300_hdd_used_234.rrd',2,300,0,'/usr/share/cacti/scripts/ss_host_disk.php ss_host_disk \'10.101.29.252\' \'10\' \'2:161:500:1:10:public::::::\' \'get\' \'total\' \'6\'','',''),(234,1,10,2,1,'2020-05-15 00:45:37','10.101.29.252','public',2,'','','','','','','',161,500,'hdd_used','/usr/share/cacti/rra/openwrt-wzr300_hdd_used_234.rrd',2,300,0,'/usr/share/cacti/scripts/ss_host_disk.php ss_host_disk \'10.101.29.252\' \'10\' \'2:161:500:1:10:public::::::\' \'get\' \'used\' \'6\'','',''),(235,1,10,2,1,'2020-05-15 00:45:37','10.101.29.252','public',2,'','','','','','','',161,500,'hdd_total','/usr/share/cacti/rra/openwrt-wzr300_hdd_used_235.rrd',2,300,0,'/usr/share/cacti/scripts/ss_host_disk.php ss_host_disk \'10.101.29.252\' \'10\' \'2:161:500:1:10:public::::::\' \'get\' \'total\' \'7\'','',''),(235,1,10,2,1,'2020-05-15 00:45:37','10.101.29.252','public',2,'','','','','','','',161,500,'hdd_used','/usr/share/cacti/rra/openwrt-wzr300_hdd_used_235.rrd',2,300,0,'/usr/share/cacti/scripts/ss_host_disk.php ss_host_disk \'10.101.29.252\' \'10\' \'2:161:500:1:10:public::::::\' \'get\' \'used\' \'7\'','',''),(236,1,10,2,1,'2020-05-15 00:45:37','10.101.29.252','public',2,'','','','','','','',161,500,'hdd_total','/usr/share/cacti/rra/openwrt-wzr300_hdd_used_236.rrd',2,300,0,'/usr/share/cacti/scripts/ss_host_disk.php ss_host_disk \'10.101.29.252\' \'10\' \'2:161:500:1:10:public::::::\' \'get\' \'total\' \'8\'','',''),(236,1,10,2,1,'2020-05-15 00:45:37','10.101.29.252','public',2,'','','','','','','',161,500,'hdd_used','/usr/share/cacti/rra/openwrt-wzr300_hdd_used_236.rrd',2,300,0,'/usr/share/cacti/scripts/ss_host_disk.php ss_host_disk \'10.101.29.252\' \'10\' \'2:161:500:1:10:public::::::\' \'get\' \'used\' \'8\'','',''),(237,1,10,2,1,'2020-05-15 00:45:37','10.101.29.252','public',2,'','','','','','','',161,500,'hdd_total','/usr/share/cacti/rra/openwrt-wzr300_hdd_used_237.rrd',2,300,0,'/usr/share/cacti/scripts/ss_host_disk.php ss_host_disk \'10.101.29.252\' \'10\' \'2:161:500:1:10:public::::::\' \'get\' \'total\' \'10\'','',''),(237,1,10,2,1,'2020-05-15 00:45:37','10.101.29.252','public',2,'','','','','','','',161,500,'hdd_used','/usr/share/cacti/rra/openwrt-wzr300_hdd_used_237.rrd',2,300,0,'/usr/share/cacti/scripts/ss_host_disk.php ss_host_disk \'10.101.29.252\' \'10\' \'2:161:500:1:10:public::::::\' \'get\' \'used\' \'10\'','',''),(238,1,10,2,1,'2020-05-15 00:45:37','10.101.29.252','public',2,'','','','','','','',161,500,'hdd_total','/usr/share/cacti/rra/openwrt-wzr300_hdd_used_238.rrd',2,300,0,'/usr/share/cacti/scripts/ss_host_disk.php ss_host_disk \'10.101.29.252\' \'10\' \'2:161:500:1:10:public::::::\' \'get\' \'total\' \'31\'','',''),(238,1,10,2,1,'2020-05-15 00:45:37','10.101.29.252','public',2,'','','','','','','',161,500,'hdd_used','/usr/share/cacti/rra/openwrt-wzr300_hdd_used_238.rrd',2,300,0,'/usr/share/cacti/scripts/ss_host_disk.php ss_host_disk \'10.101.29.252\' \'10\' \'2:161:500:1:10:public::::::\' \'get\' \'used\' \'31\'','',''),(239,1,10,2,1,'2020-05-15 00:45:37','10.101.29.252','public',2,'','','','','','','',161,500,'hdd_total','/usr/share/cacti/rra/openwrt-wzr300_hdd_used_239.rrd',2,300,0,'/usr/share/cacti/scripts/ss_host_disk.php ss_host_disk \'10.101.29.252\' \'10\' \'2:161:500:1:10:public::::::\' \'get\' \'total\' \'32\'','',''),(239,1,10,2,1,'2020-05-15 00:45:37','10.101.29.252','public',2,'','','','','','','',161,500,'hdd_used','/usr/share/cacti/rra/openwrt-wzr300_hdd_used_239.rrd',2,300,0,'/usr/share/cacti/scripts/ss_host_disk.php ss_host_disk \'10.101.29.252\' \'10\' \'2:161:500:1:10:public::::::\' \'get\' \'used\' \'32\'','',''),(240,1,10,2,1,'2020-05-15 00:45:37','10.101.29.252','public',2,'','','','','','','',161,500,'hdd_total','/usr/share/cacti/rra/openwrt-wzr300_hdd_used_240.rrd',2,300,0,'/usr/share/cacti/scripts/ss_host_disk.php ss_host_disk \'10.101.29.252\' \'10\' \'2:161:500:1:10:public::::::\' \'get\' \'total\' \'33\'','',''),(240,1,10,2,1,'2020-05-15 00:45:37','10.101.29.252','public',2,'','','','','','','',161,500,'hdd_used','/usr/share/cacti/rra/openwrt-wzr300_hdd_used_240.rrd',2,300,0,'/usr/share/cacti/scripts/ss_host_disk.php ss_host_disk \'10.101.29.252\' \'10\' \'2:161:500:1:10:public::::::\' \'get\' \'used\' \'33\'','',''),(241,1,10,2,1,'2020-05-15 00:45:37','10.101.29.252','public',2,'','','','','','','',161,500,'cpu','/usr/share/cacti/rra/openwrt-wzr300_cpu_241.rrd',1,300,0,'/usr/share/cacti/scripts/ss_host_cpu.php ss_host_cpu \'10.101.29.252\' \'10\' \'2:161:500:1:10:public::::::\' \'get\' \'usage\' \'0\'','',''),(242,1,10,2,1,'2020-05-15 00:45:37','10.101.29.252','public',2,'','','','','','','',161,500,'cpu','/usr/share/cacti/rra/openwrt-wzr300_cpu_242.rrd',1,300,0,'/usr/share/cacti/scripts/ss_host_cpu.php ss_host_cpu \'10.101.29.252\' \'10\' \'2:161:500:1:10:public::::::\' \'get\' \'usage\' \'4000\'','',''),(243,1,10,0,1,'2020-05-15 00:45:37','10.101.29.252','public',2,'','','','','','','',161,500,'discards_in','/usr/share/cacti/rra/openwrt-wzr300_errors_in_243.rrd',4,300,0,'.1.3.6.1.2.1.2.2.1.13.2','',''),(243,1,10,0,1,'2020-05-15 00:45:37','10.101.29.252','public',2,'','','','','','','',161,500,'discards_out','/usr/share/cacti/rra/openwrt-wzr300_errors_in_243.rrd',4,300,0,'.1.3.6.1.2.1.2.2.1.19.2','',''),(243,1,10,0,1,'2020-05-15 00:45:37','10.101.29.252','public',2,'','','','','','','',161,500,'errors_in','/usr/share/cacti/rra/openwrt-wzr300_errors_in_243.rrd',4,300,0,'.1.3.6.1.2.1.2.2.1.14.2','',''),(243,1,10,0,1,'2020-05-15 00:45:37','10.101.29.252','public',2,'','','','','','','',161,500,'errors_out','/usr/share/cacti/rra/openwrt-wzr300_errors_in_243.rrd',4,300,0,'.1.3.6.1.2.1.2.2.1.20.2','',''),(244,1,10,0,1,'2020-05-15 00:45:37','10.101.29.252','public',2,'','','','','','','',161,500,'discards_in','/usr/share/cacti/rra/openwrt-wzr300_errors_in_244.rrd',4,300,0,'.1.3.6.1.2.1.2.2.1.13.3','',''),(244,1,10,0,1,'2020-05-15 00:45:37','10.101.29.252','public',2,'','','','','','','',161,500,'discards_out','/usr/share/cacti/rra/openwrt-wzr300_errors_in_244.rrd',4,300,0,'.1.3.6.1.2.1.2.2.1.19.3','',''),(244,1,10,0,1,'2020-05-15 00:45:37','10.101.29.252','public',2,'','','','','','','',161,500,'errors_in','/usr/share/cacti/rra/openwrt-wzr300_errors_in_244.rrd',4,300,0,'.1.3.6.1.2.1.2.2.1.14.3','',''),(244,1,10,0,1,'2020-05-15 00:45:37','10.101.29.252','public',2,'','','','','','','',161,500,'errors_out','/usr/share/cacti/rra/openwrt-wzr300_errors_in_244.rrd',4,300,0,'.1.3.6.1.2.1.2.2.1.20.3','',''),(245,1,10,0,1,'2020-05-15 00:45:37','10.101.29.252','public',2,'','','','','','','',161,500,'discards_in','/usr/share/cacti/rra/openwrt-wzr300_errors_in_245.rrd',4,300,0,'.1.3.6.1.2.1.2.2.1.13.5','',''),(245,1,10,0,1,'2020-05-15 00:45:37','10.101.29.252','public',2,'','','','','','','',161,500,'discards_out','/usr/share/cacti/rra/openwrt-wzr300_errors_in_245.rrd',4,300,0,'.1.3.6.1.2.1.2.2.1.19.5','',''),(245,1,10,0,1,'2020-05-15 00:45:37','10.101.29.252','public',2,'','','','','','','',161,500,'errors_in','/usr/share/cacti/rra/openwrt-wzr300_errors_in_245.rrd',4,300,0,'.1.3.6.1.2.1.2.2.1.14.5','',''),(245,1,10,0,1,'2020-05-15 00:45:37','10.101.29.252','public',2,'','','','','','','',161,500,'errors_out','/usr/share/cacti/rra/openwrt-wzr300_errors_in_245.rrd',4,300,0,'.1.3.6.1.2.1.2.2.1.20.5','',''),(246,1,10,0,1,'2020-05-15 00:50:13','10.101.29.252','public',2,'','','','','','','',161,500,'discards_in','/usr/share/cacti/rra/openwrt-wzr300_errors_in_246.rrd',4,300,0,'.1.3.6.1.2.1.2.2.1.13.11','',''),(246,1,10,0,1,'2020-05-15 00:50:13','10.101.29.252','public',2,'','','','','','','',161,500,'discards_out','/usr/share/cacti/rra/openwrt-wzr300_errors_in_246.rrd',4,300,0,'.1.3.6.1.2.1.2.2.1.19.11','',''),(246,1,10,0,1,'2020-05-15 00:50:13','10.101.29.252','public',2,'','','','','','','',161,500,'errors_in','/usr/share/cacti/rra/openwrt-wzr300_errors_in_246.rrd',4,300,0,'.1.3.6.1.2.1.2.2.1.14.11','',''),(246,1,10,0,1,'2020-05-15 00:50:13','10.101.29.252','public',2,'','','','','','','',161,500,'errors_out','/usr/share/cacti/rra/openwrt-wzr300_errors_in_246.rrd',4,300,0,'.1.3.6.1.2.1.2.2.1.20.11','',''),(247,1,10,0,1,'2020-05-15 00:50:13','10.101.29.252','public',2,'','','','','','','',161,500,'discards_in','/usr/share/cacti/rra/openwrt-wzr300_errors_in_247.rrd',4,300,0,'.1.3.6.1.2.1.2.2.1.13.12','',''),(247,1,10,0,1,'2020-05-15 00:50:13','10.101.29.252','public',2,'','','','','','','',161,500,'discards_out','/usr/share/cacti/rra/openwrt-wzr300_errors_in_247.rrd',4,300,0,'.1.3.6.1.2.1.2.2.1.19.12','',''),(247,1,10,0,1,'2020-05-15 00:50:13','10.101.29.252','public',2,'','','','','','','',161,500,'errors_in','/usr/share/cacti/rra/openwrt-wzr300_errors_in_247.rrd',4,300,0,'.1.3.6.1.2.1.2.2.1.14.12','',''),(247,1,10,0,1,'2020-05-15 00:50:13','10.101.29.252','public',2,'','','','','','','',161,500,'errors_out','/usr/share/cacti/rra/openwrt-wzr300_errors_in_247.rrd',4,300,0,'.1.3.6.1.2.1.2.2.1.20.12','',''),(248,1,10,0,1,'2020-05-15 00:50:13','10.101.29.252','public',2,'','','','','','','',161,500,'discards_in','/usr/share/cacti/rra/openwrt-wzr300_errors_in_248.rrd',4,300,0,'.1.3.6.1.2.1.2.2.1.13.13','',''),(248,1,10,0,1,'2020-05-15 00:50:13','10.101.29.252','public',2,'','','','','','','',161,500,'discards_out','/usr/share/cacti/rra/openwrt-wzr300_errors_in_248.rrd',4,300,0,'.1.3.6.1.2.1.2.2.1.19.13','',''),(248,1,10,0,1,'2020-05-15 00:50:13','10.101.29.252','public',2,'','','','','','','',161,500,'errors_in','/usr/share/cacti/rra/openwrt-wzr300_errors_in_248.rrd',4,300,0,'.1.3.6.1.2.1.2.2.1.14.13','',''),(248,1,10,0,1,'2020-05-15 00:50:13','10.101.29.252','public',2,'','','','','','','',161,500,'errors_out','/usr/share/cacti/rra/openwrt-wzr300_errors_in_248.rrd',4,300,0,'.1.3.6.1.2.1.2.2.1.20.13','',''),(249,1,10,0,1,'2020-05-15 00:45:37','10.101.29.252','public',2,'','','','','','','',161,500,'traffic_in','/usr/share/cacti/rra/openwrt-wzr300_traffic_in_249.rrd',2,300,0,'.1.3.6.1.2.1.31.1.1.1.6.2','',''),(249,1,10,0,1,'2020-05-15 00:45:37','10.101.29.252','public',2,'','','','','','','',161,500,'traffic_out','/usr/share/cacti/rra/openwrt-wzr300_traffic_in_249.rrd',2,300,0,'.1.3.6.1.2.1.31.1.1.1.10.2','',''),(250,1,10,0,1,'2020-05-15 00:45:37','10.101.29.252','public',2,'','','','','','','',161,500,'traffic_in','/usr/share/cacti/rra/openwrt-wzr300_traffic_in_250.rrd',2,300,0,'.1.3.6.1.2.1.31.1.1.1.6.3','',''),(250,1,10,0,1,'2020-05-15 00:45:37','10.101.29.252','public',2,'','','','','','','',161,500,'traffic_out','/usr/share/cacti/rra/openwrt-wzr300_traffic_in_250.rrd',2,300,0,'.1.3.6.1.2.1.31.1.1.1.10.3','',''),(251,1,10,0,1,'2020-05-15 00:45:37','10.101.29.252','public',2,'','','','','','','',161,500,'traffic_in','/usr/share/cacti/rra/openwrt-wzr300_traffic_in_251.rrd',2,300,0,'.1.3.6.1.2.1.31.1.1.1.6.5','',''),(251,1,10,0,1,'2020-05-15 00:45:37','10.101.29.252','public',2,'','','','','','','',161,500,'traffic_out','/usr/share/cacti/rra/openwrt-wzr300_traffic_in_251.rrd',2,300,0,'.1.3.6.1.2.1.31.1.1.1.10.5','',''),(252,1,10,0,1,'2020-05-15 00:50:13','10.101.29.252','public',2,'','','','','','','',161,500,'traffic_in','/usr/share/cacti/rra/openwrt-wzr300_traffic_in_252.rrd',2,300,0,'.1.3.6.1.2.1.31.1.1.1.6.11','',''),(252,1,10,0,1,'2020-05-15 00:50:13','10.101.29.252','public',2,'','','','','','','',161,500,'traffic_out','/usr/share/cacti/rra/openwrt-wzr300_traffic_in_252.rrd',2,300,0,'.1.3.6.1.2.1.31.1.1.1.10.11','',''),(253,1,10,0,1,'2020-05-15 00:50:13','10.101.29.252','public',2,'','','','','','','',161,500,'traffic_in','/usr/share/cacti/rra/openwrt-wzr300_traffic_in_253.rrd',2,300,0,'.1.3.6.1.2.1.31.1.1.1.6.12','',''),(253,1,10,0,1,'2020-05-15 00:50:13','10.101.29.252','public',2,'','','','','','','',161,500,'traffic_out','/usr/share/cacti/rra/openwrt-wzr300_traffic_in_253.rrd',2,300,0,'.1.3.6.1.2.1.31.1.1.1.10.12','',''),(254,1,10,0,1,'2020-05-15 00:50:13','10.101.29.252','public',2,'','','','','','','',161,500,'traffic_in','/usr/share/cacti/rra/openwrt-wzr300_traffic_in_254.rrd',2,300,0,'.1.3.6.1.2.1.31.1.1.1.6.13','',''),(254,1,10,0,1,'2020-05-15 00:50:13','10.101.29.252','public',2,'','','','','','','',161,500,'traffic_out','/usr/share/cacti/rra/openwrt-wzr300_traffic_in_254.rrd',2,300,0,'.1.3.6.1.2.1.31.1.1.1.10.13','',''),(255,1,9,0,1,'2020-05-15 00:45:08','10.101.29.253','public',2,'','','','','','','',161,500,'discards_in','/usr/share/cacti/rra/openwrt-wzr450_errors_in_255.rrd',4,300,0,'.1.3.6.1.2.1.2.2.1.13.7','',''),(255,1,9,0,1,'2020-05-15 00:45:08','10.101.29.253','public',2,'','','','','','','',161,500,'discards_out','/usr/share/cacti/rra/openwrt-wzr450_errors_in_255.rrd',4,300,0,'.1.3.6.1.2.1.2.2.1.19.7','',''),(255,1,9,0,1,'2020-05-15 00:45:08','10.101.29.253','public',2,'','','','','','','',161,500,'errors_in','/usr/share/cacti/rra/openwrt-wzr450_errors_in_255.rrd',4,300,0,'.1.3.6.1.2.1.2.2.1.14.7','',''),(255,1,9,0,1,'2020-05-15 00:45:08','10.101.29.253','public',2,'','','','','','','',161,500,'errors_out','/usr/share/cacti/rra/openwrt-wzr450_errors_in_255.rrd',4,300,0,'.1.3.6.1.2.1.2.2.1.20.7','','');
/*!40000 ALTER TABLE `poller_item` ENABLE KEYS */;
UNLOCK TABLES;

--
-- Table structure for table `poller_output`
--

DROP TABLE IF EXISTS `poller_output`;
/*!40101 SET @saved_cs_client     = @@character_set_client */;
/*!40101 SET character_set_client = utf8 */;
CREATE TABLE `poller_output` (
  `local_data_id` mediumint(8) unsigned NOT NULL DEFAULT 0,
  `rrd_name` varchar(19) COLLATE utf8mb4_unicode_ci NOT NULL DEFAULT '',
  `time` timestamp NOT NULL DEFAULT '0000-00-00 00:00:00',
  `output` varchar(512) COLLATE utf8mb4_unicode_ci NOT NULL DEFAULT '',
  PRIMARY KEY (`local_data_id`,`rrd_name`,`time`) USING BTREE
) ENGINE=MEMORY DEFAULT CHARSET=utf8mb4 COLLATE=utf8mb4_unicode_ci;
/*!40101 SET character_set_client = @saved_cs_client */;

--
-- Dumping data for table `poller_output`
--

LOCK TABLES `poller_output` WRITE;
/*!40000 ALTER TABLE `poller_output` DISABLE KEYS */;
/*!40000 ALTER TABLE `poller_output` ENABLE KEYS */;
UNLOCK TABLES;

--
-- Table structure for table `poller_output_boost`
--

DROP TABLE IF EXISTS `poller_output_boost`;
/*!40101 SET @saved_cs_client     = @@character_set_client */;
/*!40101 SET character_set_client = utf8 */;
CREATE TABLE `poller_output_boost` (
  `local_data_id` mediumint(8) unsigned NOT NULL DEFAULT 0,
  `rrd_name` varchar(19) COLLATE utf8mb4_unicode_ci NOT NULL DEFAULT '',
  `time` timestamp NOT NULL DEFAULT '0000-00-00 00:00:00',
  `output` varchar(512) COLLATE utf8mb4_unicode_ci NOT NULL,
  PRIMARY KEY (`local_data_id`,`time`,`rrd_name`) USING BTREE
) ENGINE=InnoDB DEFAULT CHARSET=utf8mb4 COLLATE=utf8mb4_unicode_ci ROW_FORMAT=DYNAMIC;
/*!40101 SET character_set_client = @saved_cs_client */;

--
-- Dumping data for table `poller_output_boost`
--

LOCK TABLES `poller_output_boost` WRITE;
/*!40000 ALTER TABLE `poller_output_boost` DISABLE KEYS */;
/*!40000 ALTER TABLE `poller_output_boost` ENABLE KEYS */;
UNLOCK TABLES;

--
-- Table structure for table `poller_output_boost_processes`
--

DROP TABLE IF EXISTS `poller_output_boost_processes`;
/*!40101 SET @saved_cs_client     = @@character_set_client */;
/*!40101 SET character_set_client = utf8 */;
CREATE TABLE `poller_output_boost_processes` (
  `sock_int_value` bigint(20) unsigned NOT NULL AUTO_INCREMENT,
  `status` varchar(255) COLLATE utf8mb4_unicode_ci DEFAULT NULL,
  PRIMARY KEY (`sock_int_value`)
) ENGINE=MEMORY DEFAULT CHARSET=utf8mb4 COLLATE=utf8mb4_unicode_ci;
/*!40101 SET character_set_client = @saved_cs_client */;

--
-- Dumping data for table `poller_output_boost_processes`
--

LOCK TABLES `poller_output_boost_processes` WRITE;
/*!40000 ALTER TABLE `poller_output_boost_processes` DISABLE KEYS */;
/*!40000 ALTER TABLE `poller_output_boost_processes` ENABLE KEYS */;
UNLOCK TABLES;

--
-- Table structure for table `poller_output_realtime`
--

DROP TABLE IF EXISTS `poller_output_realtime`;
/*!40101 SET @saved_cs_client     = @@character_set_client */;
/*!40101 SET character_set_client = utf8 */;
CREATE TABLE `poller_output_realtime` (
  `local_data_id` mediumint(8) unsigned NOT NULL DEFAULT 0,
  `rrd_name` varchar(19) COLLATE utf8mb4_unicode_ci NOT NULL DEFAULT '',
  `time` timestamp NOT NULL DEFAULT '0000-00-00 00:00:00',
  `output` text COLLATE utf8mb4_unicode_ci NOT NULL,
  `poller_id` varchar(256) COLLATE utf8mb4_unicode_ci NOT NULL DEFAULT '1',
  PRIMARY KEY (`local_data_id`,`rrd_name`,`time`,`poller_id`),
  KEY `poller_id` (`poller_id`(191)),
  KEY `time` (`time`)
) ENGINE=InnoDB DEFAULT CHARSET=utf8mb4 COLLATE=utf8mb4_unicode_ci ROW_FORMAT=DYNAMIC;
/*!40101 SET character_set_client = @saved_cs_client */;

--
-- Dumping data for table `poller_output_realtime`
--

LOCK TABLES `poller_output_realtime` WRITE;
/*!40000 ALTER TABLE `poller_output_realtime` DISABLE KEYS */;
/*!40000 ALTER TABLE `poller_output_realtime` ENABLE KEYS */;
UNLOCK TABLES;

--
-- Table structure for table `poller_reindex`
--

DROP TABLE IF EXISTS `poller_reindex`;
/*!40101 SET @saved_cs_client     = @@character_set_client */;
/*!40101 SET character_set_client = utf8 */;
CREATE TABLE `poller_reindex` (
  `host_id` mediumint(8) unsigned NOT NULL DEFAULT 0,
  `data_query_id` mediumint(8) unsigned NOT NULL DEFAULT 0,
  `action` tinyint(3) unsigned NOT NULL DEFAULT 0,
  `present` tinyint(4) NOT NULL DEFAULT 1,
  `op` char(1) COLLATE utf8mb4_unicode_ci NOT NULL DEFAULT '',
  `assert_value` varchar(100) COLLATE utf8mb4_unicode_ci NOT NULL DEFAULT '',
  `arg1` varchar(255) COLLATE utf8mb4_unicode_ci NOT NULL DEFAULT '',
  PRIMARY KEY (`host_id`,`data_query_id`,`arg1`(187)),
  KEY `present` (`present`)
) ENGINE=InnoDB DEFAULT CHARSET=utf8mb4 COLLATE=utf8mb4_unicode_ci ROW_FORMAT=DYNAMIC;
/*!40101 SET character_set_client = @saved_cs_client */;

--
-- Dumping data for table `poller_reindex`
--

LOCK TABLES `poller_reindex` WRITE;
/*!40000 ALTER TABLE `poller_reindex` DISABLE KEYS */;
INSERT INTO `poller_reindex` VALUES (3,4,0,1,'<','84173401','.1.3.6.1.2.1.1.3.0'),(3,7,0,1,'<','84173401','.1.3.6.1.2.1.1.3.0'),(3,8,0,1,'<','84173401','.1.3.6.1.2.1.1.3.0'),(4,4,0,1,'<','197067865','.1.3.6.1.2.1.1.3.0'),(4,7,0,1,'<','197067865','.1.3.6.1.2.1.1.3.0'),(4,8,0,1,'<','197067865','.1.3.6.1.2.1.1.3.0'),(4,9,0,1,'<','197067865','.1.3.6.1.2.1.1.3.0'),(5,4,0,1,'<','493646640','.1.3.6.1.2.1.1.3.0'),(6,4,0,1,'<','493599826','.1.3.6.1.2.1.1.3.0'),(6,7,0,1,'<','493599826','.1.3.6.1.2.1.1.3.0'),(6,8,0,1,'<','493599826','.1.3.6.1.2.1.1.3.0'),(7,4,0,1,'<','483909600','.1.3.6.1.2.1.1.3.0'),(7,7,0,1,'<','483909600','.1.3.6.1.2.1.1.3.0'),(7,8,0,1,'<','483909600','.1.3.6.1.2.1.1.3.0'),(8,4,0,1,'<','30104511','.1.3.6.1.2.1.1.3.0'),(9,4,0,1,'<','9151479','.1.3.6.1.2.1.1.3.0'),(9,7,0,1,'<','9151479','.1.3.6.1.2.1.1.3.0'),(9,8,0,1,'<','9151479','.1.3.6.1.2.1.1.3.0'),(10,4,0,1,'<','9131514','.1.3.6.1.2.1.1.3.0'),(10,7,0,1,'<','9131514','.1.3.6.1.2.1.1.3.0'),(10,8,0,1,'<','9131514','.1.3.6.1.2.1.1.3.0');
/*!40000 ALTER TABLE `poller_reindex` ENABLE KEYS */;
UNLOCK TABLES;

--
-- Table structure for table `poller_resource_cache`
--

DROP TABLE IF EXISTS `poller_resource_cache`;
/*!40101 SET @saved_cs_client     = @@character_set_client */;
/*!40101 SET character_set_client = utf8 */;
CREATE TABLE `poller_resource_cache` (
  `id` int(10) unsigned NOT NULL AUTO_INCREMENT,
  `resource_type` varchar(20) COLLATE utf8mb4_unicode_ci DEFAULT NULL,
  `md5sum` varchar(32) COLLATE utf8mb4_unicode_ci DEFAULT NULL,
  `path` varchar(191) COLLATE utf8mb4_unicode_ci DEFAULT NULL,
  `update_time` timestamp NOT NULL DEFAULT '0000-00-00 00:00:00',
  `contents` longblob DEFAULT NULL,
  `attributes` int(10) unsigned DEFAULT 0,
  PRIMARY KEY (`id`),
  UNIQUE KEY `path` (`path`)
) ENGINE=InnoDB DEFAULT CHARSET=utf8mb4 COLLATE=utf8mb4_unicode_ci ROW_FORMAT=DYNAMIC COMMENT='Caches all scripts, resources files, and plugins';
/*!40101 SET character_set_client = @saved_cs_client */;

--
-- Dumping data for table `poller_resource_cache`
--

LOCK TABLES `poller_resource_cache` WRITE;
/*!40000 ALTER TABLE `poller_resource_cache` DISABLE KEYS */;
/*!40000 ALTER TABLE `poller_resource_cache` ENABLE KEYS */;
UNLOCK TABLES;

--
-- Table structure for table `poller_time`
--

DROP TABLE IF EXISTS `poller_time`;
/*!40101 SET @saved_cs_client     = @@character_set_client */;
/*!40101 SET character_set_client = utf8 */;
CREATE TABLE `poller_time` (
  `id` bigint(20) unsigned NOT NULL AUTO_INCREMENT,
  `pid` int(11) unsigned NOT NULL DEFAULT 0,
  `poller_id` int(10) unsigned NOT NULL DEFAULT 1,
  `start_time` timestamp NOT NULL DEFAULT '0000-00-00 00:00:00',
  `end_time` timestamp NOT NULL DEFAULT '0000-00-00 00:00:00',
  PRIMARY KEY (`id`),
  KEY `poller_id_end_time` (`poller_id`,`end_time`)
) ENGINE=InnoDB AUTO_INCREMENT=3877 DEFAULT CHARSET=utf8mb4 COLLATE=utf8mb4_unicode_ci ROW_FORMAT=DYNAMIC;
/*!40101 SET character_set_client = @saved_cs_client */;

--
-- Dumping data for table `poller_time`
--

LOCK TABLES `poller_time` WRITE;
/*!40000 ALTER TABLE `poller_time` DISABLE KEYS */;
INSERT INTO `poller_time` VALUES (3875,8733,1,'2020-05-16 02:10:02','2020-05-16 02:10:08'),(3876,8736,1,'2020-05-16 02:10:02','2020-05-16 02:10:03');
/*!40000 ALTER TABLE `poller_time` ENABLE KEYS */;
UNLOCK TABLES;

--
-- Table structure for table `processes`
--

DROP TABLE IF EXISTS `processes`;
/*!40101 SET @saved_cs_client     = @@character_set_client */;
/*!40101 SET character_set_client = utf8 */;
CREATE TABLE `processes` (
  `id` bigint(20) unsigned NOT NULL AUTO_INCREMENT,
  `pid` int(10) unsigned NOT NULL DEFAULT 0,
  `tasktype` varchar(20) COLLATE utf8mb4_unicode_ci NOT NULL DEFAULT '',
  `taskname` varchar(40) COLLATE utf8mb4_unicode_ci NOT NULL DEFAULT '',
  `taskid` int(10) unsigned NOT NULL DEFAULT 0,
  `timeout` int(11) DEFAULT 300,
  `started` timestamp NOT NULL DEFAULT current_timestamp(),
  `last_update` timestamp NOT NULL DEFAULT '0000-00-00 00:00:00',
  PRIMARY KEY (`pid`,`tasktype`,`taskname`,`taskid`),
  KEY `tasktype` (`tasktype`),
  KEY `pid` (`pid`),
  KEY `id` (`id`)
) ENGINE=MEMORY AUTO_INCREMENT=5822 DEFAULT CHARSET=utf8mb4 COLLATE=utf8mb4_unicode_ci COMMENT='Stores Process Status for Cacti Background Processes';
/*!40101 SET character_set_client = @saved_cs_client */;

--
-- Dumping data for table `processes`
--

LOCK TABLES `processes` WRITE;
/*!40000 ALTER TABLE `processes` DISABLE KEYS */;
/*!40000 ALTER TABLE `processes` ENABLE KEYS */;
UNLOCK TABLES;

--
-- Table structure for table `reports`
--

DROP TABLE IF EXISTS `reports`;
/*!40101 SET @saved_cs_client     = @@character_set_client */;
/*!40101 SET character_set_client = utf8 */;
CREATE TABLE `reports` (
  `id` mediumint(8) unsigned NOT NULL AUTO_INCREMENT,
  `user_id` mediumint(8) unsigned NOT NULL DEFAULT 0,
  `name` varchar(100) COLLATE utf8mb4_unicode_ci NOT NULL DEFAULT '',
  `cformat` char(2) COLLATE utf8mb4_unicode_ci NOT NULL DEFAULT '',
  `format_file` varchar(255) COLLATE utf8mb4_unicode_ci NOT NULL DEFAULT '',
  `font_size` smallint(2) unsigned NOT NULL DEFAULT 0,
  `alignment` smallint(2) unsigned NOT NULL DEFAULT 0,
  `graph_linked` char(2) COLLATE utf8mb4_unicode_ci NOT NULL DEFAULT '',
  `intrvl` smallint(2) unsigned NOT NULL DEFAULT 0,
  `count` smallint(2) unsigned NOT NULL DEFAULT 0,
  `offset` int(12) unsigned NOT NULL DEFAULT 0,
  `mailtime` bigint(20) unsigned NOT NULL DEFAULT 0,
  `subject` varchar(64) COLLATE utf8mb4_unicode_ci NOT NULL DEFAULT '',
  `from_name` varchar(40) COLLATE utf8mb4_unicode_ci NOT NULL,
  `from_email` text COLLATE utf8mb4_unicode_ci NOT NULL,
  `email` text COLLATE utf8mb4_unicode_ci NOT NULL,
  `bcc` text COLLATE utf8mb4_unicode_ci NOT NULL,
  `attachment_type` smallint(2) unsigned NOT NULL DEFAULT 1,
  `graph_height` smallint(2) unsigned NOT NULL DEFAULT 0,
  `graph_width` smallint(2) unsigned NOT NULL DEFAULT 0,
  `graph_columns` smallint(2) unsigned NOT NULL DEFAULT 0,
  `thumbnails` char(2) COLLATE utf8mb4_unicode_ci NOT NULL DEFAULT '',
  `lastsent` bigint(20) unsigned NOT NULL DEFAULT 0,
  `enabled` char(2) COLLATE utf8mb4_unicode_ci DEFAULT '',
  PRIMARY KEY (`id`),
  KEY `mailtime` (`mailtime`)
) ENGINE=InnoDB DEFAULT CHARSET=utf8mb4 COLLATE=utf8mb4_unicode_ci COMMENT='Cacri Reporting Reports';
/*!40101 SET character_set_client = @saved_cs_client */;

--
-- Dumping data for table `reports`
--

LOCK TABLES `reports` WRITE;
/*!40000 ALTER TABLE `reports` DISABLE KEYS */;
/*!40000 ALTER TABLE `reports` ENABLE KEYS */;
UNLOCK TABLES;

--
-- Table structure for table `reports_items`
--

DROP TABLE IF EXISTS `reports_items`;
/*!40101 SET @saved_cs_client     = @@character_set_client */;
/*!40101 SET character_set_client = utf8 */;
CREATE TABLE `reports_items` (
  `id` int(10) unsigned NOT NULL AUTO_INCREMENT,
  `report_id` int(10) unsigned NOT NULL DEFAULT 0,
  `item_type` tinyint(1) unsigned NOT NULL DEFAULT 1,
  `tree_id` int(10) unsigned NOT NULL DEFAULT 0,
  `branch_id` int(10) unsigned NOT NULL DEFAULT 0,
  `tree_cascade` char(2) COLLATE utf8mb4_unicode_ci NOT NULL DEFAULT '',
  `graph_name_regexp` varchar(128) COLLATE utf8mb4_unicode_ci NOT NULL DEFAULT '',
  `host_template_id` int(10) unsigned NOT NULL DEFAULT 0,
  `host_id` int(10) unsigned NOT NULL DEFAULT 0,
  `graph_template_id` int(10) unsigned NOT NULL DEFAULT 0,
  `local_graph_id` int(10) unsigned NOT NULL DEFAULT 0,
  `timespan` int(10) unsigned NOT NULL DEFAULT 0,
  `align` tinyint(1) unsigned NOT NULL DEFAULT 1,
  `item_text` text COLLATE utf8mb4_unicode_ci NOT NULL,
  `font_size` smallint(2) unsigned NOT NULL DEFAULT 10,
  `sequence` smallint(5) unsigned NOT NULL DEFAULT 0,
  PRIMARY KEY (`id`),
  KEY `report_id` (`report_id`)
) ENGINE=InnoDB DEFAULT CHARSET=utf8mb4 COLLATE=utf8mb4_unicode_ci COMMENT='Cacti Reporting Items';
/*!40101 SET character_set_client = @saved_cs_client */;

--
-- Dumping data for table `reports_items`
--

LOCK TABLES `reports_items` WRITE;
/*!40000 ALTER TABLE `reports_items` DISABLE KEYS */;
/*!40000 ALTER TABLE `reports_items` ENABLE KEYS */;
UNLOCK TABLES;

--
-- Table structure for table `sessions`
--

DROP TABLE IF EXISTS `sessions`;
/*!40101 SET @saved_cs_client     = @@character_set_client */;
/*!40101 SET character_set_client = utf8 */;
CREATE TABLE `sessions` (
  `id` varchar(32) COLLATE utf8mb4_unicode_ci NOT NULL,
  `remote_addr` varchar(25) COLLATE utf8mb4_unicode_ci NOT NULL DEFAULT '',
  `access` int(10) unsigned DEFAULT NULL,
  `data` mediumblob DEFAULT NULL,
  PRIMARY KEY (`id`)
) ENGINE=InnoDB DEFAULT CHARSET=utf8mb4 COLLATE=utf8mb4_unicode_ci ROW_FORMAT=DYNAMIC COMMENT='Used for Database based Session Storage';
/*!40101 SET character_set_client = @saved_cs_client */;

--
-- Dumping data for table `sessions`
--

LOCK TABLES `sessions` WRITE;
/*!40000 ALTER TABLE `sessions` DISABLE KEYS */;
/*!40000 ALTER TABLE `sessions` ENABLE KEYS */;
UNLOCK TABLES;

--
-- Table structure for table `settings`
--

DROP TABLE IF EXISTS `settings`;
/*!40101 SET @saved_cs_client     = @@character_set_client */;
/*!40101 SET character_set_client = utf8 */;
CREATE TABLE `settings` (
  `name` varchar(50) COLLATE utf8mb4_unicode_ci NOT NULL DEFAULT '',
  `value` varchar(2048) COLLATE utf8mb4_unicode_ci NOT NULL DEFAULT '',
  PRIMARY KEY (`name`)
) ENGINE=InnoDB DEFAULT CHARSET=utf8mb4 COLLATE=utf8mb4_unicode_ci ROW_FORMAT=DYNAMIC;
/*!40101 SET character_set_client = @saved_cs_client */;

--
-- Dumping data for table `settings`
--

LOCK TABLES `settings` WRITE;
/*!40000 ALTER TABLE `settings` DISABLE KEYS */;
INSERT INTO `settings` VALUES ('admin_user','1'),('auth_cache_enabled','on'),('auth_method','1'),('autocomplete_enabled','1'),('autocomplete_rows','30'),('automation_email',''),('automation_fromemail',''),('automation_fromname',''),('automation_graphs_enabled','on'),('automation_tree_enabled','on'),('availability_method','2'),('axis_font',''),('axis_size','7'),('base_url','http://cactia_sv/cacti/'),('boost_parallel','1'),('boost_png_cache_directory','/usr/share/cacti/cache/boost/'),('boost_png_cache_enable',''),('boost_poller_mem_limit','1024'),('boost_redirect',''),('boost_rrd_update_enable',''),('boost_rrd_update_interval','60'),('boost_rrd_update_max_records','1000000'),('boost_rrd_update_max_records_per_select','50000'),('boost_rrd_update_max_runtime','1200'),('boost_rrd_update_string_length','2000'),('boost_rrd_update_system_enable',''),('clog_exclude',''),('commands_timeout','300'),('concurrent_processes','1'),('content_security_policy_script','0'),('cron_interval','300'),('data_source_trace',''),('date','2020-05-16 11:10:08'),('default_date_format','4'),('default_datechar','1'),('default_graph_height','150'),('default_graph_width','500'),('default_graphs_new_dropdown','-2'),('default_has',''),('default_image_format','1'),('default_interface_speed','1000'),('default_poller','1'),('default_site','1'),('default_template','1'),('deletion_verification','on'),('device_threads','1'),('disable_cache_replication',''),('drag_and_drop','on'),('ds_preselected_delete','on'),('dsstats_daily_interval','60'),('dsstats_enable',''),('dsstats_hourly_duration','60'),('dsstats_major_update_time','12:00am'),('dsstats_poller_mem_limit','1024'),('dsstats_timeout','300'),('enable_snmp_agent','on'),('font_method','1'),('force_https',''),('graph_auth_method','1'),('graph_watermark','Generated by Cacti'),('graphs_auto_unlock',''),('grds_creation_method','0'),('guest_user','0'),('hide_console',''),('hide_form_description',''),('i18n_auto_detection','1'),('i18n_default_language','en-US'),('i18n_language_support','0'),('install_automation_mode','false'),('install_automation_override','true'),('install_automation_range','192.168.1.0/24'),('install_complete','1589013745.4745'),('install_error',''),('install_eula','1'),('install_has_templates','1'),('install_language','en-US'),('install_mode','1'),('install_next','0'),('install_prev','0'),('install_profile','1'),('install_progress','100'),('install_rrdtool_version','1.7.0'),('install_snmp_option_max_oids','10'),('install_snmp_option_snmp_auth_protocol','MD5'),('install_snmp_option_snmp_community','rocomm'),('install_snmp_option_snmp_context',''),('install_snmp_option_snmp_engine_id',''),('install_snmp_option_snmp_password',''),('install_snmp_option_snmp_port','161'),('install_snmp_option_snmp_priv_passphrase',''),('install_snmp_option_snmp_priv_protocol','DES'),('install_snmp_option_snmp_retries','3'),('install_snmp_option_snmp_security_level','authPriv'),('install_snmp_option_snmp_timeout','500'),('install_snmp_option_snmp_username',''),('install_snmp_option_snmp_version','2'),('install_started','1589013733.4446'),('install_step','98'),('install_template_Cacti_Stats_xml_gz','Cacti_Stats.xml.gz'),('install_template_Cisco_Router_xml_gz','Cisco_Router.xml.gz'),('install_template_Generic_SNMP_Device_xml_gz','Generic_SNMP_Device.xml.gz'),('install_template_Local_Linux_Machine_xml_gz','Local_Linux_Machine.xml.gz'),('install_template_NetSNMP_Device_xml_gz','NetSNMP_Device.xml.gz'),('install_template_Windows_Device_xml_gz','Windows_Device.xml.gz'),('install_theme','modern'),('install_updated','1589013745.4701'),('install_version','1.2.11'),('ldap_encryption','0'),('ldap_group_member_type','1'),('ldap_group_require',''),('ldap_mode','0'),('ldap_port','389'),('ldap_port_ssl','636'),('ldap_referrals','0'),('ldap_version','3'),('legend_font',''),('legend_size','8'),('log_destination','1'),('log_perror','on'),('log_pstats',''),('log_pwarn',''),('log_refresh_interval','60'),('log_validation',''),('log_verbosity','2'),('logrotate_enabled','on'),('logrotate_frequency','1'),('logrotate_retain','7'),('maintenance_timeout','300'),('max_data_query_field_length','40'),('max_display_rows','1000'),('max_get_size','10'),('max_oids','10'),('max_threads','1'),('max_title_length','110'),('max_tree_width','300'),('min_tree_width','170'),('notify_admin',''),('num_rows_log','500'),('num_rows_table','750'),('oid_increasing_check_disable',''),('path_basic_mapfile',''),('path_boost_log',''),('path_cactilog','/usr/share/cacti/log/cacti.log'),('path_php_binary','/usr/bin/php'),('path_rrdtool','/usr/bin/rrdtool'),('path_rrdtool_default_font',''),('path_snmpbulkwalk','/usr/bin/snmpbulkwalk'),('path_snmpget','/usr/bin/snmpget'),('path_snmpgetnext','/usr/bin/snmpgetnext'),('path_snmptrap','/usr/bin/snmptrap'),('path_snmpwalk','/usr/bin/snmpwalk'),('path_spine','/usr/bin/spine'),('path_spine_config',''),('path_stderrlog','/usr/share/cacti/log/cacti_stderr.log'),('path_webroot','/usr/share/cacti'),('php_servers','1'),('ping_failure_count','2'),('ping_method','2'),('ping_port','23'),('ping_recovery_count','3'),('ping_retries','1'),('ping_timeout','400'),('poller_debug',''),('poller_enabled','on'),('poller_interval','300'),('poller_lastrun_1','1589595002'),('poller_replicate_data_input_crc','0bfc592abf0a09b57755cd18182308568c0b2f06'),('poller_replicate_data_input_fields_crc','c36ca5079318f0c2ca991d0d3adbcfa12417717c'),('poller_replicate_data_source_cache_crc_1','a9af501ee5d250f9eba5c86ce86818d096d1c19f'),('poller_replicate_device_cache_crc_1','2718070f4186922de7937499fa1ef4abd38b6d38'),('poller_replicate_snmp_query_crc','3529451fb2dd1ac497836a34be243aa7e1db2391'),('poller_sync_interval','7200'),('poller_type','2'),('process_leveling','on'),('realtime_cache_path','/usr/share/cacti/cache/realtime/'),('realtime_enabled','on'),('realtime_gwindow','60'),('realtime_interval','10'),('reindex_method','1'),('remote_agent_timeout','5'),('reports_allow_ln',''),('reports_default_image_format','1'),('reports_log_verbosity','2'),('reports_max_attach','10485760'),('reports_timeout','300'),('rrd_archive','/usr/share/cacti/rra/archive/'),('rrd_autoclean',''),('rrd_autoclean_method','1'),('rrdp_fingerprint',''),('rrdp_fingerprint_backup',''),('rrdp_port','40301'),('rrdp_port_backup','40301'),('rrdtool_version','1.7.0'),('rsa_fingerprint','6a:af:e2:80:fd:88:22:61:19:89:c7:57:0e:d6:99:27'),('rsa_private_key','-----BEGIN RSA PRIVATE KEY----- MIIEogIBAAKCAQEA19ULKmXYiI1a91pb88NAjDoLpdtJ9sKt3+ntP8T8HBetGO+R WB0ZDhybucIeEAxdF+xa2uZTZE6oLpevFQW8RpK2mmORXXB66x8vKRDGp9dKu3jq 1TjwRGE3drJdLzNElKWjV6XB7P0Yzr4mQbTaYFgsXiXL+OsLu1GJaLgqldnDmyvg wPuEU1crIW+axYP64RJr/G12B8wPsoSdPwP6brLLJOAPnjoOZsTiqjfufSnTNGMy lzswRECf9lzjVwi2/3EzAyGzHjID2zwM/poOo8X6U/tdHGle54kxq2CBMDttsjMi rpOI5weo4gYGz4T4nmYBqYoSZroasjpdH/pulwIDAQABAoIBADRqfOezDD89dRYV T7eHd6mWfzWsZ+4RoYB7oy6VfFSmO1eO9tFbX7ZZpEgcqIhlOEaTFA2NWjtGDvoh xFdqqSrKfqZIAAmdQ3zOefmTJWulkXSuDPnzdgZlRb8B2jeYT9N51o12p/4SCXBM JaZXcaFsSHok28B79MFtL93KvCzf33aq+AEuGdMSDFY6XtUHmxwdWcldBKmFqsIa Xjns2ScrZmQc6qAYuK34t7D3QuoXGk/lUnuR/5N5glCnYa5kRF3ZQpXtjAeBy37F blXpEqDY67abmGpNOHYQemJAFwD/ecC7COHoJbG+lS2rBm3Ib+NxGuy6hXQDlg8z dvhEeMECgYEA/HKb64yuaEQMf9fpR08HSH2t+IRUbbDFA4zUvvDW7BiP7e9gzT7M NoWuXDdmT0tatZsRmcSPm8JizJ3lAU+Fg3FVBmy19iF5KblLtK6VV75WfZJcvFTO 7n31aGdg+7bGDfWYhVhxMlwkO/dCtbGUEOI9YfTW9LpC5O1wLTP+ZI8CgYEA2t6I 5us+dOQv+nuJNETHdH/zcX7O4gSjQUs9/De8rDiYpDaqlDGyB2GtPemq5HbwkJYs DL7IOWGdpurwKDF+ZWIDNEHADbbSaQSFhsZo0Lqoe0i9dihXSlYA5VZb4+ehFFRd Nd292U+QguqhibiglbTO5iBQQgxP7j6e+0w+KXkCgYAvddiMazFq1shGzK/FwTzM SxyG6VH6IU6YwURJ9XtifaepguR/EbxQz8cc/SlV5QPTuqiPcR3SmbP7Zf/kxC+E q6zhfVSkRlzCFF0ARgY7rcQS7Y5TtdoFila13yGjkRQhEbgv8ZWucxY4096NzCnb Fr2VifNTpSToZx880FaWTwKBgC19NOzxlbCLwKEJzfFsHhxLf5hmJ694EUo/zik+ mFsfBDKVHgzg60R3e58zko4bXlJes9cOS+UJMdAAYluoNcHyhgH1bGotRjwHcY0a bax8Lwo4ixAkwEe16kfAFCcg/CySgDDy3kNtMvbStzI9ijqzMpFHxAaGMpKstzQ5 m23ZAoGAURp16iizr7EtoxQUYD7WxW4QBZtsXSI/F+6RtZO54PYQyEoclYI4SPc7 b56YIvlsY2zIMlEuNadaZXbb5pR9FI+LvUKKg9cF+HXEaR9WCMO2AEpRm22OrfLu G7xShyMffqNTKFOZiWTvujgBvj4FANg6q9bGbQFENfzeogDBjNA= -----END RSA PRIVATE KEY-----'),('rsa_public_key','-----BEGIN PUBLIC KEY----- MIIBIjANBgkqhkiG9w0BAQEFAAOCAQ8AMIIBCgKCAQEA19ULKmXYiI1a91pb88NA jDoLpdtJ9sKt3+ntP8T8HBetGO+RWB0ZDhybucIeEAxdF+xa2uZTZE6oLpevFQW8 RpK2mmORXXB66x8vKRDGp9dKu3jq1TjwRGE3drJdLzNElKWjV6XB7P0Yzr4mQbTa YFgsXiXL+OsLu1GJaLgqldnDmyvgwPuEU1crIW+axYP64RJr/G12B8wPsoSdPwP6 brLLJOAPnjoOZsTiqjfufSnTNGMylzswRECf9lzjVwi2/3EzAyGzHjID2zwM/poO o8X6U/tdHGle54kxq2CBMDttsjMirpOI5weo4gYGz4T4nmYBqYoSZroasjpdH/pu lwIDAQAB -----END PUBLIC KEY-----'),('script_timeout','25'),('secpass_expireaccount','0'),('secpass_expirepass','0'),('secpass_forceold',''),('secpass_history','0'),('secpass_lockfailed','0'),('secpass_minlen','8'),('secpass_reqmixcase','on'),('secpass_reqnum','on'),('secpass_reqspec','on'),('secpass_unlocktime','60'),('selected_theme','modern'),('selective_debug',''),('selective_device_debug',''),('selective_plugin_debug',''),('sess_allowed_templates_lastchange','1589554353'),('settings_dns_primary',''),('settings_dns_secondary',''),('settings_dns_timeout','500'),('settings_how','0'),('settings_ping_mail','0'),('settings_sendmail_path','/usr/sbin/sendmail'),('settings_smtp_host','localhost'),('settings_smtp_port','25'),('settings_smtp_secure','none'),('settings_smtp_timeout','10'),('settings_wordwrap','120'),('snmp_auth_protocol','MD5'),('snmp_bulk_walk_size','10'),('snmp_community','rocomm'),('snmp_context',''),('snmp_engine_id',''),('snmp_password',''),('snmp_port','161'),('snmp_priv_passphrase',''),('snmp_priv_protocol','DES'),('snmp_retries','3'),('snmp_security_level','authPriv'),('snmp_timeout','500'),('snmp_username',''),('snmp_version','2'),('spikekill_avgnan','last'),('spikekill_backupdir','/usr/share/cacti/cache/spikekill/'),('spikekill_basetime','12:00am'),('spikekill_batch','0'),('spikekill_deviations','10'),('spikekill_method','2'),('spikekill_number','5'),('spikekill_outliers','5'),('spikekill_percent','1000'),('spikekill_purge','7856352'),('spikekill_timeout','3600'),('spine_log_level','0'),('stats_poller','Time:7.2987 Method:spine Processes:1 Threads:1 Hosts:9 HostsPerProcess:9 DataSources:379 RRDsProcessed:235'),('stats_recache_1','Poller:1 RecacheTime:0.0 DevicesRecached:0'),('storage_location','0'),('strip_domain',''),('title_font',''),('title_size','10'),('unit_font',''),('unit_size','7'),('user_template','0');
/*!40000 ALTER TABLE `settings` ENABLE KEYS */;
UNLOCK TABLES;

--
-- Table structure for table `settings_tree`
--

DROP TABLE IF EXISTS `settings_tree`;
/*!40101 SET @saved_cs_client     = @@character_set_client */;
/*!40101 SET character_set_client = utf8 */;
CREATE TABLE `settings_tree` (
  `user_id` mediumint(8) unsigned NOT NULL DEFAULT 0,
  `graph_tree_item_id` mediumint(8) unsigned NOT NULL DEFAULT 0,
  `status` tinyint(1) NOT NULL DEFAULT 0,
  PRIMARY KEY (`user_id`,`graph_tree_item_id`)
) ENGINE=InnoDB DEFAULT CHARSET=utf8mb4 COLLATE=utf8mb4_unicode_ci ROW_FORMAT=DYNAMIC;
/*!40101 SET character_set_client = @saved_cs_client */;

--
-- Dumping data for table `settings_tree`
--

LOCK TABLES `settings_tree` WRITE;
/*!40000 ALTER TABLE `settings_tree` DISABLE KEYS */;
/*!40000 ALTER TABLE `settings_tree` ENABLE KEYS */;
UNLOCK TABLES;

--
-- Table structure for table `settings_user`
--

DROP TABLE IF EXISTS `settings_user`;
/*!40101 SET @saved_cs_client     = @@character_set_client */;
/*!40101 SET character_set_client = utf8 */;
CREATE TABLE `settings_user` (
  `user_id` smallint(8) unsigned NOT NULL DEFAULT 0,
  `name` varchar(50) COLLATE utf8mb4_unicode_ci NOT NULL DEFAULT '',
  `value` varchar(2048) COLLATE utf8mb4_unicode_ci NOT NULL DEFAULT '',
  PRIMARY KEY (`user_id`,`name`)
) ENGINE=InnoDB DEFAULT CHARSET=utf8mb4 COLLATE=utf8mb4_unicode_ci ROW_FORMAT=DYNAMIC;
/*!40101 SET character_set_client = @saved_cs_client */;

--
-- Dumping data for table `settings_user`
--

LOCK TABLES `settings_user` WRITE;
/*!40000 ALTER TABLE `settings_user` DISABLE KEYS */;
INSERT INTO `settings_user` VALUES (1,'allow_graph_dates_in_future','on'),(1,'axis_font',''),(1,'axis_size','8'),(1,'custom_fonts',''),(1,'day_shift_end','18:00'),(1,'day_shift_start','07:00'),(1,'default_date_format','4'),(1,'default_datechar','1'),(1,'default_height','100'),(1,'default_rra_id','1'),(1,'default_sgg_4','30'),(1,'default_timeshift','7'),(1,'default_timespan','7'),(1,'default_tree_id','1'),(1,'default_view_mode','1'),(1,'default_width','300'),(1,'expand_hosts',''),(1,'first_weekdayid','1'),(1,'hide_disabled','on'),(1,'legend_font',''),(1,'legend_size','10'),(1,'max_tree_width','300'),(1,'min_tree_width','170'),(1,'num_columns','2'),(1,'num_columns_tree','2'),(1,'page_refresh','300'),(1,'preview_graphs_per_page','10'),(1,'realtime_gwindow','60'),(1,'realtime_interval','10'),(1,'realtime_mode','1'),(1,'realtime_nolegend','false'),(1,'realtime_size',''),(1,'selected_theme','modern'),(1,'sess_allowed_templates_lastchange','1589554353'),(1,'show_aggregates','on'),(1,'show_graph_title',''),(1,'thumbnail_section_preview','on'),(1,'thumbnail_section_tree_2',''),(1,'title_font',''),(1,'title_size','12'),(1,'tree_history','on'),(1,'treeview_graphs_per_page','100'),(1,'unit_font',''),(1,'unit_size','8'),(1,'user_language','en-US');
/*!40000 ALTER TABLE `settings_user` ENABLE KEYS */;
UNLOCK TABLES;

--
-- Table structure for table `settings_user_group`
--

DROP TABLE IF EXISTS `settings_user_group`;
/*!40101 SET @saved_cs_client     = @@character_set_client */;
/*!40101 SET character_set_client = utf8 */;
CREATE TABLE `settings_user_group` (
  `group_id` smallint(8) unsigned NOT NULL DEFAULT 0,
  `name` varchar(50) COLLATE utf8mb4_unicode_ci NOT NULL DEFAULT '',
  `value` varchar(2048) COLLATE utf8mb4_unicode_ci NOT NULL DEFAULT '',
  PRIMARY KEY (`group_id`,`name`)
) ENGINE=InnoDB DEFAULT CHARSET=utf8mb4 COLLATE=utf8mb4_unicode_ci ROW_FORMAT=DYNAMIC COMMENT='Stores the Default User Group Graph Settings';
/*!40101 SET character_set_client = @saved_cs_client */;

--
-- Dumping data for table `settings_user_group`
--

LOCK TABLES `settings_user_group` WRITE;
/*!40000 ALTER TABLE `settings_user_group` DISABLE KEYS */;
/*!40000 ALTER TABLE `settings_user_group` ENABLE KEYS */;
UNLOCK TABLES;

--
-- Table structure for table `sites`
--

DROP TABLE IF EXISTS `sites`;
/*!40101 SET @saved_cs_client     = @@character_set_client */;
/*!40101 SET character_set_client = utf8 */;
CREATE TABLE `sites` (
  `id` int(10) unsigned NOT NULL AUTO_INCREMENT,
  `name` varchar(100) COLLATE utf8mb4_unicode_ci NOT NULL DEFAULT '',
  `address1` varchar(100) COLLATE utf8mb4_unicode_ci DEFAULT '',
  `address2` varchar(100) COLLATE utf8mb4_unicode_ci DEFAULT '',
  `city` varchar(50) COLLATE utf8mb4_unicode_ci DEFAULT '',
  `state` varchar(20) COLLATE utf8mb4_unicode_ci DEFAULT NULL,
  `postal_code` varchar(20) COLLATE utf8mb4_unicode_ci DEFAULT '',
  `country` varchar(30) COLLATE utf8mb4_unicode_ci DEFAULT '',
  `timezone` varchar(40) COLLATE utf8mb4_unicode_ci DEFAULT '',
  `latitude` decimal(13,10) NOT NULL DEFAULT 0.0000000000,
  `longitude` decimal(13,10) NOT NULL DEFAULT 0.0000000000,
  `zoom` tinyint(3) unsigned DEFAULT NULL,
  `alternate_id` varchar(30) COLLATE utf8mb4_unicode_ci DEFAULT '',
  `notes` varchar(1024) COLLATE utf8mb4_unicode_ci DEFAULT NULL,
  PRIMARY KEY (`id`),
  KEY `name` (`name`),
  KEY `city` (`city`),
  KEY `state` (`state`),
  KEY `postal_code` (`postal_code`),
  KEY `country` (`country`),
  KEY `alternate_id` (`alternate_id`)
) ENGINE=InnoDB AUTO_INCREMENT=3 DEFAULT CHARSET=utf8mb4 COLLATE=utf8mb4_unicode_ci ROW_FORMAT=DYNAMIC COMMENT='Contains information about customer sites';
/*!40101 SET character_set_client = @saved_cs_client */;

--
-- Dumping data for table `sites`
--

LOCK TABLES `sites` WRITE;
/*!40000 ALTER TABLE `sites` DISABLE KEYS */;
INSERT INTO `sites` VALUES (1,'Edge','','','','','','','',0.0000000000,0.0000000000,0,'',''),(2,'Core','','','','','','','',0.0000000000,0.0000000000,0,'','');
/*!40000 ALTER TABLE `sites` ENABLE KEYS */;
UNLOCK TABLES;

--
-- Table structure for table `snmp_query`
--

DROP TABLE IF EXISTS `snmp_query`;
/*!40101 SET @saved_cs_client     = @@character_set_client */;
/*!40101 SET character_set_client = utf8 */;
CREATE TABLE `snmp_query` (
  `id` mediumint(8) unsigned NOT NULL AUTO_INCREMENT,
  `hash` varchar(32) COLLATE utf8mb4_unicode_ci NOT NULL DEFAULT '',
  `xml_path` varchar(255) COLLATE utf8mb4_unicode_ci NOT NULL DEFAULT '',
  `name` varchar(100) COLLATE utf8mb4_unicode_ci NOT NULL DEFAULT '',
  `description` varchar(255) COLLATE utf8mb4_unicode_ci DEFAULT NULL,
  `graph_template_id` mediumint(8) unsigned NOT NULL DEFAULT 0,
  `data_input_id` mediumint(8) unsigned NOT NULL DEFAULT 0,
  PRIMARY KEY (`id`),
  KEY `name` (`name`)
) ENGINE=InnoDB AUTO_INCREMENT=10 DEFAULT CHARSET=utf8mb4 COLLATE=utf8mb4_unicode_ci ROW_FORMAT=DYNAMIC;
/*!40101 SET character_set_client = @saved_cs_client */;

--
-- Dumping data for table `snmp_query`
--

LOCK TABLES `snmp_query` WRITE;
/*!40000 ALTER TABLE `snmp_query` DISABLE KEYS */;
INSERT INTO `snmp_query` VALUES (1,'3a54461cc68c5a1bfb5500d0f6400ec1','<path_cacti>/resource/script_server/cpoller.xml','Cacti Stats - Data Collector Stats','Poller Statistics for Cacti\'s Main and Remote Data Collectors',0,12),(2,'0b2d6a21fdc0688028d66441ec0bfaab','<path_cacti>/resource/script_server/webseer.xml','Cacti Stats - WebSeer Service Checks','WebSeer Service Check Statistics',0,12),(3,'77d589f1eceb0a84fe25d8453b4f8749','<path_cacti>/resource/script_server/gexport.xml','Cacti Stats - Graph Exports','Graph Export Statistics for the Gexport Plugin',0,12),(4,'d75e406fdeca4fcef45b8be3a9a63cbc','<path_cacti>/resource/snmp_queries/interface.xml','SNMP - Interface Statistics','Queries a host for a list of monitorable interfaces',0,2),(5,'8ffa36c1864124b38bcda2ae9bd61f46','<path_cacti>/resource/script_queries/unix_disk.xml','Unix - Get Mounted Partitions','Queries a list of mounted partitions on a unix-based host with the',0,11),(6,'3c1b27d94ad208a0090f293deadde753','<path_cacti>/resource/snmp_queries/net-snmp_disk.xml','Net-SNMP -  Get Monitored Partitions','Retrieves a list of monitored partitions/disks from a net-snmp enabled host.',0,2),(7,'9343eab1f4d88b0e61ffc9d020f35414','<path_cacti>/resource/script_server/host_disk.xml','SNMP - Get Mounted Partitions','Gets a list of partitions using SNMP',0,12),(8,'0d1ab53fe37487a5d0b9e1d3ee8c1d0d','<path_cacti>/resource/script_server/host_cpu.xml','SNMP - Get Processor Information','Gets usage for each processor in the system using the host MIB.',0,12),(9,'edb9fb7e6656f44e34652960625032b5','<path_cacti>/resource/snmp_queries/net-snmp_devio.xml','Net-SNMP - Get Device I/O','Retrieves the I/O for all disk and memory devices',0,2);
/*!40000 ALTER TABLE `snmp_query` ENABLE KEYS */;
UNLOCK TABLES;

--
-- Table structure for table `snmp_query_graph`
--

DROP TABLE IF EXISTS `snmp_query_graph`;
/*!40101 SET @saved_cs_client     = @@character_set_client */;
/*!40101 SET character_set_client = utf8 */;
CREATE TABLE `snmp_query_graph` (
  `id` mediumint(8) unsigned NOT NULL AUTO_INCREMENT,
  `hash` varchar(32) COLLATE utf8mb4_unicode_ci NOT NULL DEFAULT '',
  `snmp_query_id` mediumint(8) unsigned NOT NULL DEFAULT 0,
  `name` varchar(100) COLLATE utf8mb4_unicode_ci NOT NULL DEFAULT '',
  `graph_template_id` mediumint(8) unsigned NOT NULL DEFAULT 0,
  PRIMARY KEY (`id`),
  KEY `graph_template_id_name` (`graph_template_id`,`name`),
  KEY `snmp_query_id_name` (`snmp_query_id`,`name`)
) ENGINE=InnoDB AUTO_INCREMENT=33 DEFAULT CHARSET=utf8mb4 COLLATE=utf8mb4_unicode_ci ROW_FORMAT=DYNAMIC;
/*!40101 SET character_set_client = @saved_cs_client */;

--
-- Dumping data for table `snmp_query_graph`
--

LOCK TABLES `snmp_query_graph` WRITE;
/*!40000 ALTER TABLE `snmp_query_graph` DISABLE KEYS */;
INSERT INTO `snmp_query_graph` VALUES (1,'cfbbdbaba184a0fbea76fe33c64772e7',1,'Poller Items',24),(2,'ab2d927519ac4d7149785e457efedb5f',1,'Runtime',23),(3,'5296b23bc65c96473a863c5ca4222abf',1,'Processes/Threads',25),(4,'41f997af9bf01f3e0270f2ca4fccc55e',1,'Recache Stats',26),(5,'96b6db904fb34890d1e4befb3ef82836',2,'Timing',27),(6,'5e4c63456ecdccef5e461787a07b5e59',2,'Status',30),(7,'a8e3874adad4ec52b50279d1dcaae859',2,'Download Size',28),(8,'e53704d46bbd650b7766953c3a12733b',2,'Download Speed',29),(9,'87b10a33ccad3fb09b684f0d552b6bc7',3,'Export Duration',32),(10,'1d635a54202a94f9fc6ee27e4a2b2be8',3,'Exported Graphs',31),(11,'a4b829746fb45e35e10474c36c69c0cf',4,'In/Out (Errors/Discards)',37),(12,'01e33224f8b15997d3d09d6b1bf83e18',4,'In/Out (Non-Unicast)',39),(13,'1e6edee3115c42d644dbd014f0577066',4,'In/Out (Unicast)',38),(14,'ab93b588c29731ab15db601ca0bc9dec',4,'In/Out Bytes (64-bit)',40),(15,'ae34f5f385bed8c81a158bf3030f1089',4,'In/Out Bits',36),(16,'1e16a505ddefb40356221d7a50619d91',4,'In/Out Bits (64-bit)',36),(17,'d1e0d9b8efd4af98d28ce2aad81a87e7',4,'In/Out Bytes',40),(18,'ed7f68175d7bb83db8ead332fc945720',4,'In/Out Bits (95th)',41),(19,'f85386cd2fc94634ef167c7f1e5fbcd0',4,'In/Out Bits (BW)',42),(20,'7d309bf200b6e3cdb59a33493c2e58e0',4,'In/Out Bytes (BW)',43),(21,'a06c23783baa5022299706f5ff2a56e7',4,'In/Out Bits (64-bit, 95th)',41),(22,'1e24c56421c50a2114c15afd159a538c',4,'In/Out Bits (64-bit, BW)',42),(23,'fefe4ae1ec313b6875d6502319f08cde',4,'In/Out Bytes (64-bit, BW)',43),(24,'c5792b18bf1263b5bf3826f9196376d9',4,'In/Out (Broadcasts)',45),(25,'524e65b03f12b772f5c5bdad3f9dd783',4,'In/Out (Multicasts)',44),(26,'a0b3e7b63c2e66f9e1ea24a16ff245fc',5,'Disk Space',52),(27,'da43655bf1f641b07579256227806977',6,'Disk Space',62),(28,'46c4ee688932cf6370459527eceb8ef3',7,'Disk Space',63),(29,'4a515b61441ea5f27ab7dee6c3cb7818',8,'Utilization',64),(30,'a9290ce34d38bb09074ee5d96679694b',9,'Bytes Read/Written',65),(31,'44735d5afb573d8a19af9d0d85d07c4d',9,'Load Averages',66),(32,'2bb111ab931b86766db8e67150a6b5a2',9,'Reads/Writes',67);
/*!40000 ALTER TABLE `snmp_query_graph` ENABLE KEYS */;
UNLOCK TABLES;

--
-- Table structure for table `snmp_query_graph_rrd`
--

DROP TABLE IF EXISTS `snmp_query_graph_rrd`;
/*!40101 SET @saved_cs_client     = @@character_set_client */;
/*!40101 SET character_set_client = utf8 */;
CREATE TABLE `snmp_query_graph_rrd` (
  `snmp_query_graph_id` mediumint(8) unsigned NOT NULL DEFAULT 0,
  `data_template_id` mediumint(8) unsigned NOT NULL DEFAULT 0,
  `data_template_rrd_id` mediumint(8) unsigned NOT NULL DEFAULT 0,
  `snmp_field_name` varchar(50) COLLATE utf8mb4_unicode_ci NOT NULL DEFAULT '0',
  PRIMARY KEY (`snmp_query_graph_id`,`data_template_id`,`data_template_rrd_id`),
  KEY `data_template_rrd_id` (`data_template_rrd_id`),
  KEY `snmp_query_graph_id` (`snmp_query_graph_id`)
) ENGINE=InnoDB DEFAULT CHARSET=utf8mb4 COLLATE=utf8mb4_unicode_ci ROW_FORMAT=DYNAMIC;
/*!40101 SET character_set_client = @saved_cs_client */;

--
-- Dumping data for table `snmp_query_graph_rrd`
--

LOCK TABLES `snmp_query_graph_rrd` WRITE;
/*!40000 ALTER TABLE `snmp_query_graph_rrd` DISABLE KEYS */;
INSERT INTO `snmp_query_graph_rrd` VALUES (1,18,47,'getSNMP'),(1,18,48,'getScript'),(1,18,49,'getScriptServer'),(2,17,43,'pollerTime'),(2,17,44,'maxTime'),(2,17,45,'minTime'),(2,17,46,'avgTime'),(3,19,50,'threadCount'),(3,19,51,'processCount'),(4,20,52,'recacheDevices'),(4,20,53,'recacheTime'),(5,21,54,'redirectTime'),(5,21,55,'totalTime'),(5,21,56,'connectTime'),(5,21,57,'lookupTime'),(6,24,60,'checkStatus'),(7,22,58,'downloadSize'),(8,23,59,'downloadSpeed'),(9,26,62,'lastRuntime'),(10,25,61,'totalGraphs'),(11,31,68,'ifInErrors'),(11,31,69,'ifInDiscards'),(11,31,70,'ifOutDiscards'),(11,31,71,'ifOutErrors'),(12,33,74,'ifOutNUcastPkts'),(12,33,75,'ifInNUcastPkts'),(13,32,72,'ifInUcastPkts'),(13,32,73,'ifOutUcastPkts'),(14,30,66,'ifHCInOctets'),(14,30,67,'ifHCOutOctets'),(15,30,66,'ifInOctets'),(15,30,67,'ifOutOctets'),(16,30,66,'ifHCInOctets'),(16,30,67,'ifHCOutOctets'),(17,30,66,'ifInOctets'),(17,30,67,'ifOutOctets'),(18,30,66,'ifInOctets'),(18,30,67,'ifOutOctets'),(19,30,66,'ifInOctets'),(19,30,67,'ifOutOctets'),(20,30,66,'ifInOctets'),(20,30,67,'ifOutOctets'),(21,30,66,'ifHCInOctets'),(21,30,67,'ifHCOutOctets'),(22,30,66,'ifHCInOctets'),(22,30,67,'ifHCOutOctets'),(23,30,66,'ifHCInOctets'),(23,30,67,'ifHCOutOctets'),(24,33,74,'ifOutBroadcastPkts'),(24,33,75,'ifInBroadcastPkts'),(25,32,72,'ifInMulticastPkts'),(25,32,73,'ifOutMulticastPkts'),(26,41,85,'dskAvailable'),(26,41,86,'dskUsed'),(27,58,105,'dskAvail'),(27,58,106,'dskUsed'),(28,59,107,'hrStorageUsed'),(28,59,108,'hrStorageSize'),(29,60,109,'hrProcessorLoad'),(30,61,111,'diskIONWritten'),(30,61,116,'diskIONRead'),(31,61,113,'diskIOLA1'),(31,61,114,'diskIOLA5'),(31,61,115,'diskIOLA15'),(32,61,110,'diskIOReads'),(32,61,112,'diskIOWrites');
/*!40000 ALTER TABLE `snmp_query_graph_rrd` ENABLE KEYS */;
UNLOCK TABLES;

--
-- Table structure for table `snmp_query_graph_rrd_sv`
--

DROP TABLE IF EXISTS `snmp_query_graph_rrd_sv`;
/*!40101 SET @saved_cs_client     = @@character_set_client */;
/*!40101 SET character_set_client = utf8 */;
CREATE TABLE `snmp_query_graph_rrd_sv` (
  `id` mediumint(8) unsigned NOT NULL AUTO_INCREMENT,
  `hash` varchar(32) COLLATE utf8mb4_unicode_ci NOT NULL DEFAULT '',
  `snmp_query_graph_id` mediumint(8) unsigned NOT NULL DEFAULT 0,
  `data_template_id` mediumint(8) unsigned NOT NULL DEFAULT 0,
  `sequence` mediumint(8) unsigned NOT NULL DEFAULT 0,
  `field_name` varchar(100) COLLATE utf8mb4_unicode_ci NOT NULL DEFAULT '',
  `text` varchar(255) COLLATE utf8mb4_unicode_ci NOT NULL DEFAULT '',
  PRIMARY KEY (`id`),
  KEY `snmp_query_graph_id` (`snmp_query_graph_id`),
  KEY `data_template_id` (`data_template_id`)
) ENGINE=InnoDB AUTO_INCREMENT=76 DEFAULT CHARSET=utf8mb4 COLLATE=utf8mb4_unicode_ci ROW_FORMAT=DYNAMIC;
/*!40101 SET character_set_client = @saved_cs_client */;

--
-- Dumping data for table `snmp_query_graph_rrd_sv`
--

LOCK TABLES `snmp_query_graph_rrd_sv` WRITE;
/*!40000 ALTER TABLE `snmp_query_graph_rrd_sv` DISABLE KEYS */;
INSERT INTO `snmp_query_graph_rrd_sv` VALUES (1,'6537b3209e0697fbec278e94e7317b52',11,31,1,'name','|host_description| - Errors - |query_ifIP| - |query_ifName|'),(2,'6d3f612051016f48c951af8901720a1c',11,31,2,'name','|host_description| - Errors - |query_ifName|'),(3,'62bc981690576d0b2bd0041ec2e4aa6f',11,31,3,'name','|host_description| - Errors - |query_ifIP|/|query_ifDescr|'),(4,'adb270d55ba521d205eac6a21478804a',11,31,4,'name','|host_description| - Errors - |query_ifDescr|'),(5,'77065435f3bbb2ff99bc3b43b81de8fe',12,33,1,'name','|host_description| - Non-Unicast Packets - |query_ifIP| - |query_ifName|'),(6,'240d8893092619c97a54265e8d0b86a1',12,33,2,'name','|host_description| - Non-Unicast Packets - |query_ifName|'),(7,'4b200ecf445bdeb4c84975b74991df34',12,33,3,'name','|host_description| - Non-Unicast Packets - |query_ifIP|/|query_ifDescr|'),(8,'d6da3887646078e4d01fe60a123c2179',12,33,4,'name','|host_description| - Non-Unicast Packets - |query_ifDescr|'),(9,'ce7769b97d80ca31d21f83dc18ba93c2',13,32,1,'name','|host_description| - Unicast Packets - |query_ifIP| - |query_ifName|'),(10,'1ee1f9717f3f4771f7f823ca5a8b83dd',13,32,2,'name','|host_description| - Unicast Packets - |query_ifName|'),(11,'a7dbd54604533b592d4fae6e67587e32',13,32,3,'name','|host_description| - Unicast Packets - |query_ifIP|/|query_ifDescr|'),(12,'b148fa7199edcf06cd71c89e5c5d7b63',13,32,4,'name','|host_description| - Unicast Packets - |query_ifDescr|'),(13,'c582d3b37f19e4a703d9bf4908dc6548',14,30,1,'name','|host_description| - Traffic - |query_ifIP| - |query_ifName|'),(14,'ce0b9c92a15759d3ddbd7161d26a98b7',14,30,1,'rrd_maximum','|query_ifSpeed|'),(15,'e1be83d708ed3c0b8715ccb6517a0365',14,30,2,'name','|host_description| - Traffic - |query_ifName|'),(16,'57a9ae1f197498ca8dcde90194f61cbc',14,30,3,'name','|host_description| - Traffic - |query_ifIP|/|query_ifDescr|'),(17,'0110e120981c7ff15304e4a85cb42cbe',14,30,4,'name','|host_description| - Traffic - |query_ifDescr|'),(18,'87a659326af8c75158e5142874fd74b0',15,30,1,'name','|host_description| - Traffic - |query_ifIP| - |query_ifName|'),(19,'7e093c535fa3d810fa76fc3d8c80c94b',15,30,1,'rrd_maximum','|query_ifSpeed|'),(20,'14aa2dead86bbad0f992f1514722c95e',15,30,2,'name','|host_description| - Traffic - |query_ifName|'),(21,'70390712158c3c5052a7d830fb456489',15,30,3,'name','|host_description| - Traffic - |query_ifIP|/|query_ifDescr|'),(22,'084efd82bbddb69fb2ac9bd0b0f16ac6',15,30,4,'name','|host_description| - Traffic - |query_ifDescr|'),(23,'2e8b27c63d98249096ad5bc320787f43',16,30,1,'name','|host_description| - Traffic - |query_ifIP| - |query_ifName|'),(24,'e85ddc56efa677b70448f9e931360b77',16,30,1,'rrd_maximum','|query_ifSpeed|'),(25,'8d820d091ec1a9683cfa74a462f239ee',16,30,2,'name','|host_description| - Traffic - |query_ifName|'),(26,'62a47c18be10f273a5f5a13a76b76f54',16,30,3,'name','|host_description| - Traffic - |query_ifIP|/|query_ifDescr|'),(27,'37bb8c5b38bb7e89ec88ea7ccacf44d4',16,30,4,'name','|host_description| - Traffic - |query_ifDescr|'),(28,'db6547fe6d8a04e7d007eb8aab9d4ec5',16,30,5,'name','|host_description| - Traffic - |query_ifAlias|'),(29,'c7ee2110bf81639086d2da03d9d88286',17,30,1,'name','|host_description| - Traffic - |query_ifIP| - |query_ifName|'),(30,'27eb220995925e1a5e0e41b2582a2af6',17,30,1,'rrd_maximum','|query_ifSpeed|'),(31,'8ef8ae2ef548892ab95bb6c9f0b3170e',17,30,2,'name','|host_description| - Traffic - |query_ifName|'),(32,'3a0f707d1c8fd0e061b70241541c7e2e',17,30,3,'name','|host_description| - Traffic - |query_ifIP|/|query_ifDescr|'),(33,'2347e9f53564a54d43f3c00d4b60040d',17,30,4,'name','|host_description| - Traffic - |query_ifDescr|'),(34,'7e87efd0075caba9908e2e6e569b25b0',18,30,1,'name','|host_description| - Traffic - |query_ifIP| - |query_ifName|'),(35,'3b018f789ff72cc5693ef79e3a794370',18,30,1,'rrd_maximum','|query_ifSpeed|'),(36,'dd28d96a253ab86846aedb25d1cca712',18,30,2,'name','|host_description| - Traffic - |query_ifName|'),(37,'ce425fed4eb3174e4f1cde9713eeafa0',18,30,3,'name','|host_description| - Traffic - |query_ifIP|/|query_ifDescr|'),(38,'d0d05156ddb2c65181588db4b64d3907',18,30,4,'name','|host_description| - Traffic - |query_ifDescr|'),(39,'b225229dbbb48c1766cf90298674ceed',19,30,1,'name','|host_description| - Traffic - |query_ifIP| - |query_ifName|'),(40,'e9ab404a294e406c20fdd30df766161f',19,30,1,'rrd_maximum','|query_ifSpeed|'),(41,'c79248ddbbd195907260887b021a055d',19,30,2,'name','|host_description| - Traffic - |query_ifName|'),(42,'12a6750d973b7f14783f205d86220082',19,30,3,'name','|host_description| - Traffic - |query_ifIP|/|query_ifDescr|'),(43,'25b151fcfe093812cb5c208e36dd697e',19,30,4,'name','|host_description| - Traffic - |query_ifDescr|'),(44,'119578a4f01ab47e820b0e894e5e5bb3',20,30,1,'name','|host_description| - Traffic - |query_ifIP| - |query_ifName|'),(45,'fdc4cb976c4b9053bfa2af791a21c5b5',20,30,1,'rrd_maximum','|query_ifSpeed|'),(46,'940e57d24b2623849c77b59ed05931b9',20,30,2,'name','|host_description| - Traffic - |query_ifName|'),(47,'0f045eab01bbc4437b30da568ed5cb03',20,30,3,'name','|host_description| - Traffic - |query_ifIP|/|query_ifDescr|'),(48,'bd70bf71108d32f0bf91b24c85b87ff0',20,30,4,'name','|host_description| - Traffic - |query_ifDescr|'),(49,'af8c10bb98e3d96d7aeed76069f5d8f6',21,30,1,'name','|host_description| - Traffic - |query_ifIP| - |query_ifName| '),(50,'d5fe4ab8a8049c76715b11367544a77b',21,30,1,'rrd_maximum','|query_ifSpeed|'),(51,'eb9aa71f654327ecea55af11c6ff06ac',21,30,2,'name','|host_description| - Traffic - |query_ifName|'),(52,'afe143588235f0465993fd642dbc2ad9',21,30,3,'name','|host_description| - Traffic - |query_ifIP|/|query_ifDescr|'),(53,'424ebeaaef4a5cbffdc4611beeb7c19c',21,30,4,'name','|host_description| - Traffic - |query_ifDescr|'),(54,'694c4ef8e495357d8303d1c127d0c55e',22,30,1,'name','|host_description| - Traffic - |query_ifIP| - |query_ifName|'),(55,'0a772cfb504e15d7e784dd0e73ced97a',22,30,1,'rrd_maximum','|query_ifSpeed|'),(56,'114c55114ede9f492d84b1c79d3bbae6',22,30,2,'name','|host_description| - Traffic - |query_ifName| '),(57,'8aa4f743291cd2afdea20a4180e6eb42',22,30,3,'name','|host_description| - Traffic - |query_ifIP|/|query_ifDescr|'),(58,'3d4ba44d5e6a7bbcd5a448b9ef113c59',22,30,4,'name','|host_description| - Traffic - |query_ifDescr|'),(59,'e29d0a2547c6a48e73ce2c800e308515',23,30,1,'name','|host_description| - Traffic - |query_ifIP| - |query_ifName|'),(60,'cf780d419b924d0cbbb173b9a4918208',23,30,1,'rrd_maximum','|query_ifSpeed|'),(61,'3aeeb54a14baa08beaa59a1cd6af12c8',23,30,2,'name','|host_description| - Traffic - |query_ifName|'),(62,'30aaee4b45f97ac74641442e17e4527e',23,30,3,'name','|host_description| - Traffic - |query_ifIP|/|query_ifDescr|'),(63,'da2842ddfe7ea7d7b06266cc107169aa',23,30,4,'name','|host_description| - Traffic - |query_ifDescr|'),(64,'fc4e456b3fe4b712c943700ef1b3be80',24,33,1,'name','|host_description| - Broadcast Packets - |query_ifAlias| '),(65,'aea995fae5b2500b69819a09d20e9760',24,33,2,'name','|host_description| - Broadcast Packets - |query_ifName|'),(66,'8e07b64fa0767a318ec6d0320c3f9e2c',24,33,3,'name','|host_description| - Broadcast Packets - |query_ifIP| (|query_ifDescr|)'),(67,'9e7c0ec6d0025a509af6a510804c2488',24,33,4,'name','|host_description| - Broadcast Packets - |query_ifDescr|/|query_ifIndex|'),(68,'87418ca7ce94c355ba7bbc8625f53f92',25,32,1,'name','|host_description| - Multicast Packets - |query_ifAlias|'),(69,'ab0e5022e10f6529ac66772815be583f',25,32,2,'name','|host_description| - Multicast Packets - |query_ifName|'),(70,'27da5a787ff471f3da8bde88f6ecd4c9',25,32,3,'name','|host_description| - Multicast Packets - |query_ifIP| (|query_ifDescr|)'),(71,'3ac3c16381774c78791b5b568d06bc4f',25,32,4,'name','|host_description| - Multicast Packets - |query_ifDescr|/|query_ifIndex|'),(72,'cb09784ba05e401a3f1450126ed1e395',26,41,1,'name','|host_description| - Free Space - |query_dskDevice|'),(73,'5d3a8b2f4a454e5b0a1494e00fe7d424',27,58,1,'name','|host_description| - Partition - |query_dskDevice|'),(74,'a3f280327b1592a1a948e256380b544f',28,59,1,'name','|host_description| - Used Space - |query_hrStorageDescr|'),(75,'b5a724edc36c10891fa2a5c370d55b6f',29,60,1,'name','|host_description| - CPU Utilization - CPU|query_hrProcessorFrwID|');
/*!40000 ALTER TABLE `snmp_query_graph_rrd_sv` ENABLE KEYS */;
UNLOCK TABLES;

--
-- Table structure for table `snmp_query_graph_sv`
--

DROP TABLE IF EXISTS `snmp_query_graph_sv`;
/*!40101 SET @saved_cs_client     = @@character_set_client */;
/*!40101 SET character_set_client = utf8 */;
CREATE TABLE `snmp_query_graph_sv` (
  `id` mediumint(8) unsigned NOT NULL AUTO_INCREMENT,
  `hash` varchar(32) COLLATE utf8mb4_unicode_ci NOT NULL DEFAULT '',
  `snmp_query_graph_id` mediumint(8) unsigned NOT NULL DEFAULT 0,
  `sequence` mediumint(8) unsigned NOT NULL DEFAULT 0,
  `field_name` varchar(100) COLLATE utf8mb4_unicode_ci NOT NULL DEFAULT '',
  `text` varchar(255) COLLATE utf8mb4_unicode_ci NOT NULL DEFAULT '',
  PRIMARY KEY (`id`),
  KEY `snmp_query_graph_id` (`snmp_query_graph_id`)
) ENGINE=InnoDB AUTO_INCREMENT=65 DEFAULT CHARSET=utf8mb4 COLLATE=utf8mb4_unicode_ci ROW_FORMAT=DYNAMIC;
/*!40101 SET character_set_client = @saved_cs_client */;

--
-- Dumping data for table `snmp_query_graph_sv`
--

LOCK TABLES `snmp_query_graph_sv` WRITE;
/*!40000 ALTER TABLE `snmp_query_graph_sv` DISABLE KEYS */;
INSERT INTO `snmp_query_graph_sv` VALUES (1,'0180de36c2fc1b1c3d929705cdaadfc6',11,1,'title','|host_description| - Errors - |query_ifAlias|'),(2,'299d3434851fc0d5c0e105429069709d',11,2,'title','|host_description| - Errors - |query_ifName|'),(3,'8c8860b17fd67a9a500b4cb8b5e19d4b',11,3,'title','|host_description| - Errors - |query_ifIP| (|query_ifDescr|)'),(4,'d96360ae5094e5732e7e7496ceceb636',11,4,'title','|host_description| - Errors - |query_ifDescr|/|query_ifIndex|'),(5,'6a1d5e477fd0b8a4d743993be0fa2c8c',12,1,'title','|host_description| - Non-Unicast Packets - |query_ifAlias|'),(6,'750a290cadc3dc60bb682a5c5f47df16',12,2,'title','|host_description| - Non-Unicast Packets - |query_ifName|'),(7,'bde195eecc256c42ca9725f1f22c1dc0',12,3,'title','|host_description| - Non-Unicast Packets - |query_ifIP| (|query_ifDescr|)'),(8,'d9e97d22689e4ffddaca23b46f2aa306',12,4,'title','|host_description| - Non-Unicast Packets - |query_ifDescr|/|query_ifIndex|'),(9,'54f5a5508fc525a15bc2be83a880e0c9',13,1,'title','|host_description| - Unicast Packets - |query_ifAlias|'),(10,'48ceaba62e0c2671a810a7f1adc5f751',13,2,'title','|host_description| - Unicast Packets - |query_ifName|'),(11,'d6258884bed44abe46d264198adc7c5d',13,3,'title','|host_description| - Unicast Packets - |query_ifIP| (|query_ifDescr|)'),(12,'6eb58d9835b2b86222306d6ced9961d9',13,4,'title','|host_description| - Unicast Packets - |query_ifDescr|/|query_ifIndex|'),(13,'74c33dd7c052d14a8224148ab3fe23ae',14,1,'title','|host_description| - Traffic - |query_ifAlias|'),(14,'0a5eb36e98c04ad6be8e1ef66caeed3c',14,2,'title','|host_description| - Traffic - |query_ifName|'),(15,'4c4386a96e6057b7bd0b78095209ddfa',14,3,'title','|host_description| - Traffic - |query_ifIP| (|query_ifDescr|)'),(16,'fd3a384768b0388fa64119fe2f0cc113',14,4,'title','|host_description| - Traffic - |query_ifDescr|/|query_ifIndex|'),(17,'aafaab75d93c10a760d600c4ab4a742c',15,2,'title','|host_description| - Traffic - |query_ifAlias|'),(18,'bda15298139ad22bdc8a3b0952d4e3ab',15,3,'title','|host_description| - Traffic - |query_ifIP| (|query_ifDescr|)'),(19,'29e48483d0471fcd996bfb702a5960aa',15,4,'title','|host_description| - Traffic - |query_ifDescr|/|query_ifIndex|'),(20,'49dca5592ac26ff149a4fbd18d690644',15,5,'title','|host_description| - Traffic - |query_ifName|'),(21,'3f42d358965cb94ce4f708b59e04f82b',16,1,'title','|host_description| - Traffic - |query_ifName|'),(22,'69c14fbcc23aecb9920b3cdad7f89901',16,2,'title','|host_description| - Traffic - |query_ifDescr|/|query_ifIndex|'),(23,'a1d061ff7fb9875b29c54de4fadddcdc',16,3,'title','|host_description| - Traffic - |query_ifAlias|'),(24,'45f44b2f811ea8a8ace1cbed8ef906f1',16,4,'title','|host_description| - Traffic - |query_ifIP| (|query_ifDescr|)'),(25,'a5899a68c68e50959a099d7ac591873a',17,1,'title','|host_description| - Traffic - |query_ifAlias|'),(26,'7fb4a267065f960df81c15f9022cd3a4',17,2,'title','|host_description| - Traffic - |query_ifName|'),(27,'e403f5a733bf5c8401a110609683deb3',17,3,'title','|host_description| - Traffic - |query_ifIP| (|query_ifDescr|)'),(28,'809c2e80552d56b65ca496c1c2fff398',17,4,'title','|host_description| - Traffic - |query_ifDescr|/|query_ifIndex|'),(29,'1acc9985eb91a7234ff97608cb85b0f5',18,1,'title','|host_description| - Traffic - |query_ifAlias|'),(30,'f434ec853c479d424276f367e9806a75',18,2,'title','|host_description| - Traffic - |query_ifName|'),(31,'9b085245847444c5fb90ebbf4448e265',18,3,'title','|host_description| - Traffic - |query_ifIP| (|query_ifDescr|)'),(32,'5977863f28629bd8eb93a2a9cbc3e306',18,4,'title','|host_description| - Traffic - |query_ifDescr|/|query_ifIndex|'),(33,'820eb01dd91c9026fbdf667a7f25302f',19,1,'title','|host_description| - Traffic - |query_ifAlias|'),(34,'37b6711af3930c56309cf8956d8bbf14',19,2,'title','|host_description| - Traffic - |query_ifName|'),(35,'cc435c5884a75421329a9b08207c1c90',19,3,'title','|host_description| - Traffic - |query_ifIP| (|query_ifDescr|)'),(36,'82edeea1ec249c9818773e3145836492',19,4,'title','|host_description| - Traffic - |query_ifDescr|/|query_ifIndex|'),(37,'c0422682831631bf539023fc04615025',20,1,'title','|host_description| - Traffic - |query_ifAlias|'),(38,'87522150ee8a601b4d6a1f6b9e919c47',20,2,'title','|host_description| - Traffic - |query_ifName|'),(39,'993a87c04f550f1209d689d584aa8b45',20,3,'title','|host_description| - Traffic - |query_ifIP| (|query_ifDescr|)'),(40,'183bb486c92a566fddcb0585ede37865',20,4,'title','|host_description| - Traffic - |query_ifDescr|/|query_ifIndex|'),(41,'a877a37f5d0e6f49a5d9d99ac7e347f3',21,1,'title','|host_description| - Traffic - |query_ifAlias| '),(42,'9e42f7e5310653f35f977285e48ecfa5',21,2,'title','|host_description| - Traffic - |query_ifName| '),(43,'cab54d19353de5548e0151180cb7c5dd',21,3,'title','|host_description| - Traffic - |query_ifIP| (|query_ifDescr|) '),(44,'f9de6e508d7fa64d91d163d864b9f31a',21,4,'title','|host_description| - Traffic - |query_ifDescr|/|query_ifIndex| '),(45,'419c8f569d1695b86c1943f7204abf3d',22,1,'title','|host_description| - Traffic - |query_ifAlias|'),(46,'1819f9ccdb512f19acfdc4edcda425b5',22,2,'title','|host_description| - Traffic - |query_ifName|'),(47,'08310b48a18f195d941fcd2c4ed40e7b',22,3,'title','|host_description| - Traffic - |query_ifIP| (|query_ifDescr|)'),(48,'dffe8e880677480a795b1232fc1207e5',22,4,'title','|host_description| - Traffic - |query_ifDescr|/|query_ifIndex|'),(49,'9be678415c48e9ee7a16e5208e523c6d',23,1,'title','|host_description| - Traffic - |query_ifAlias|'),(50,'702b89f7db8eae17a358e246d6264d05',23,2,'title','|host_description| - Traffic - |query_ifName|'),(51,'1fc5aabb79ad301bee69e6bb0094df2c',23,3,'title','|host_description| - Traffic - |query_ifIP| (|query_ifDescr|)'),(52,'bb5bd62bcfbfc5ff765afe625b830d31',23,4,'title','|host_description| - Traffic - |query_ifDescr|/|query_ifIndex|'),(53,'6b166ed8f603998fdc51719da3478e55',24,1,'title','|host_description| - Broadcast Packets - |query_ifAlias|'),(54,'dd545c92388329c666f7e88f99618e87',24,2,'title','|host_description| - Broadcast Packets - |query_ifName|'),(55,'71574f16039ab62c26d626c113ebdab0',24,3,'title','|host_description| - Broadcast Packets - |query_ifIP| (|query_ifDescr|)'),(56,'555ae21f832f02689c7a6e2f690ec7d3',24,4,'title','|host_description| - Broadcast Packets - |query_ifDescr|/|query_ifIndex|'),(57,'c5e2bd31d661ba33d5169e505bf920b6',25,1,'title','|host_description| - Multicast Packets - |query_ifAlias|'),(58,'be5c494fd82964bd9bd267399c4f7a3b',25,2,'title','|host_description| - Multicast Packets - |query_ifName|'),(59,'ca3d99f3c6f8ee1e3849e28274be14ba',25,3,'title','|host_description| - Multicast Packets - |query_ifIP| (|query_ifDescr|)'),(60,'6f48f284918085de78181d9698fb35ad',25,4,'title','|host_description| - Multicast Packets - |query_ifDescr|/|query_ifIndex|'),(61,'f21b23df740bc4a2d691d2d7b1b18dba',26,1,'title','|host_description| - Disk Space - |query_dskDevice|'),(62,'437918b8dcd66a64625c6cee481fff61',27,1,'title','|host_description| - Disk Space - |query_dskPath|'),(63,'9852782792ede7c0805990e506ac9618',28,1,'title','|host_description| - Used Space - |query_hrStorageDescr|'),(64,'fa2f07ab54fce72eea684ba893dd9c95',29,1,'title','|host_description| - CPU Utilization - CPU|query_hrProcessorFrwID|');
/*!40000 ALTER TABLE `snmp_query_graph_sv` ENABLE KEYS */;
UNLOCK TABLES;

--
-- Table structure for table `snmpagent_cache`
--

DROP TABLE IF EXISTS `snmpagent_cache`;
/*!40101 SET @saved_cs_client     = @@character_set_client */;
/*!40101 SET character_set_client = utf8 */;
CREATE TABLE `snmpagent_cache` (
  `oid` varchar(50) COLLATE utf8mb4_unicode_ci NOT NULL,
  `name` varchar(50) COLLATE utf8mb4_unicode_ci NOT NULL,
  `mib` varchar(50) COLLATE utf8mb4_unicode_ci NOT NULL,
  `type` varchar(50) COLLATE utf8mb4_unicode_ci NOT NULL DEFAULT '',
  `otype` varchar(50) COLLATE utf8mb4_unicode_ci NOT NULL DEFAULT '',
  `kind` varchar(50) COLLATE utf8mb4_unicode_ci NOT NULL DEFAULT '',
  `max-access` varchar(50) COLLATE utf8mb4_unicode_ci NOT NULL DEFAULT 'not-accessible',
  `value` varchar(255) COLLATE utf8mb4_unicode_ci NOT NULL DEFAULT '',
  `description` varchar(5000) COLLATE utf8mb4_unicode_ci NOT NULL DEFAULT '',
  PRIMARY KEY (`oid`),
  KEY `name` (`name`),
  KEY `mib_name` (`mib`,`name`)
) ENGINE=InnoDB DEFAULT CHARSET=utf8mb4 COLLATE=utf8mb4_unicode_ci ROW_FORMAT=DYNAMIC COMMENT='SNMP MIB CACHE';
/*!40101 SET character_set_client = @saved_cs_client */;

--
-- Dumping data for table `snmpagent_cache`
--

LOCK TABLES `snmpagent_cache` WRITE;
/*!40000 ALTER TABLE `snmpagent_cache` DISABLE KEYS */;
INSERT INTO `snmpagent_cache` VALUES ('.1.3.6.1.4.1.23925','cacti','CACTI-MIB','','MODULE-IDENTITY','Node','not-accessible','','Initial version of this MIB module.'),('.1.3.6.1.4.1.23925.1','cactiAppl','CACTI-MIB','','OBJECT-IDENTITY','Node','not-accessible','','reserved for Cacti application data'),('.1.3.6.1.4.1.23925.1.1.0','cactiApplLastUpdate','CACTI-MIB','Unsigned32','DATA','Scalar','read-only','1589595013','Unix timestamp when this data has been updated for the last time.'),('.1.3.6.1.4.1.23925.1.10.0','cactiApplSpineMaxThreads','CACTI-MIB','Unsigned32','DATA','Scalar','read-only','1','Represents the maximum threads allowed per process.'),('.1.3.6.1.4.1.23925.1.11.0','cactiApplSpineScriptServers','CACTI-MIB','Unsigned32','DATA','Scalar','read-only','1','Represents the maximum number of script servers a spine process is<br>allowed to run.'),('.1.3.6.1.4.1.23925.1.12.0','cactiApplSpineScriptTimeout','CACTI-MIB','Unsigned32','DATA','Scalar','read-only','25','Describes the maximum time Cacti will wait on a script to complete.'),('.1.3.6.1.4.1.23925.1.13.0','cactiApplSpineMaxOids','CACTI-MIB','Unsigned32','DATA','Scalar','read-only','10','The maximum number of snmp get OIDs to issue per snmpbulkwalk<br>request.'),('.1.3.6.1.4.1.23925.1.14','cactiApplDeviceTable','CACTI-MIB','SEQUENCE OF','OBJECT-TYPE','Table','not-accessible','','A table of registered hosts on a Cacti system.<br>The maximum number of entries is implementation dependent.'),('.1.3.6.1.4.1.23925.1.14.1','cactiApplDeviceEntry','CACTI-MIB','CactiApplDeviceEntry','OBJECT-TYPE','Row','not-accessible','','An entry in the table of registered hosts on a Cacti system. A row<br>in this table cannot be created or deleted by SNMP operations on<br>columns of the table.'),('.1.3.6.1.4.1.23925.1.14.1.1','cactiApplDeviceIndex','CACTI-MIB','Unsigned32','OBJECT-TYPE','Column','read-only','','A unique device identifier. This ID will be created by Cacti itself.'),('.1.3.6.1.4.1.23925.1.14.1.1.1','cactiApplDeviceIndex','CACTI-MIB','Unsigned32','DATA','Column Data','read-only','1',''),('.1.3.6.1.4.1.23925.1.14.1.1.10','cactiApplDeviceIndex','CACTI-MIB','Unsigned32','DATA','Column Data','read-only','10',''),('.1.3.6.1.4.1.23925.1.14.1.1.3','cactiApplDeviceIndex','CACTI-MIB','Unsigned32','DATA','Column Data','read-only','3',''),('.1.3.6.1.4.1.23925.1.14.1.1.4','cactiApplDeviceIndex','CACTI-MIB','Unsigned32','DATA','Column Data','read-only','4',''),('.1.3.6.1.4.1.23925.1.14.1.1.5','cactiApplDeviceIndex','CACTI-MIB','Unsigned32','DATA','Column Data','read-only','5',''),('.1.3.6.1.4.1.23925.1.14.1.1.6','cactiApplDeviceIndex','CACTI-MIB','Unsigned32','DATA','Column Data','read-only','6',''),('.1.3.6.1.4.1.23925.1.14.1.1.7','cactiApplDeviceIndex','CACTI-MIB','Unsigned32','DATA','Column Data','read-only','7',''),('.1.3.6.1.4.1.23925.1.14.1.1.8','cactiApplDeviceIndex','CACTI-MIB','Unsigned32','DATA','Column Data','read-only','8',''),('.1.3.6.1.4.1.23925.1.14.1.1.9','cactiApplDeviceIndex','CACTI-MIB','Unsigned32','DATA','Column Data','read-only','9',''),('.1.3.6.1.4.1.23925.1.14.1.2','cactiApplDeviceDescription','CACTI-MIB','DisplayString','OBJECT-TYPE','Column','read-only','','A meaning description of a device.'),('.1.3.6.1.4.1.23925.1.14.1.2.1','cactiApplDeviceDescription','CACTI-MIB','DisplayString','DATA','Column Data','read-only','Local Linux Machine',''),('.1.3.6.1.4.1.23925.1.14.1.2.10','cactiApplDeviceDescription','CACTI-MIB','DisplayString','DATA','Column Data','read-only','OpenWRT-WZR300',''),('.1.3.6.1.4.1.23925.1.14.1.2.3','cactiApplDeviceDescription','CACTI-MIB','DisplayString','DATA','Column Data','read-only','VMwinserv11',''),('.1.3.6.1.4.1.23925.1.14.1.2.4','cactiApplDeviceDescription','CACTI-MIB','DisplayString','DATA','Column Data','read-only','VMnetserv01',''),('.1.3.6.1.4.1.23925.1.14.1.2.5','cactiApplDeviceDescription','CACTI-MIB','DisplayString','DATA','Column Data','read-only','Rdc01',''),('.1.3.6.1.4.1.23925.1.14.1.2.6','cactiApplDeviceDescription','CACTI-MIB','DisplayString','DATA','Column Data','read-only','FWdc01',''),('.1.3.6.1.4.1.23925.1.14.1.2.7','cactiApplDeviceDescription','CACTI-MIB','DisplayString','DATA','Column Data','read-only','esxi01',''),('.1.3.6.1.4.1.23925.1.14.1.2.8','cactiApplDeviceDescription','CACTI-MIB','DisplayString','DATA','Column Data','read-only','Rbranch01',''),('.1.3.6.1.4.1.23925.1.14.1.2.9','cactiApplDeviceDescription','CACTI-MIB','DisplayString','DATA','Column Data','read-only','OpenWRT-WZR450',''),('.1.3.6.1.4.1.23925.1.14.1.3','cactiApplDeviceHostname','CACTI-MIB','DisplayString','OBJECT-TYPE','Column','read-only','','Fully qualified devicename or IP address.'),('.1.3.6.1.4.1.23925.1.14.1.3.1','cactiApplDeviceHostname','CACTI-MIB','DisplayString','DATA','Column Data','read-only','localhost',''),('.1.3.6.1.4.1.23925.1.14.1.3.10','cactiApplDeviceHostname','CACTI-MIB','DisplayString','DATA','Column Data','read-only','10.101.29.252',''),('.1.3.6.1.4.1.23925.1.14.1.3.3','cactiApplDeviceHostname','CACTI-MIB','DisplayString','DATA','Column Data','read-only','10.254.10.241',''),('.1.3.6.1.4.1.23925.1.14.1.3.4','cactiApplDeviceHostname','CACTI-MIB','DisplayString','DATA','Column Data','read-only','10.254.10.251',''),('.1.3.6.1.4.1.23925.1.14.1.3.5','cactiApplDeviceHostname','CACTI-MIB','DisplayString','DATA','Column Data','read-only','10.254.0.1',''),('.1.3.6.1.4.1.23925.1.14.1.3.6','cactiApplDeviceHostname','CACTI-MIB','DisplayString','DATA','Column Data','read-only','10.254.254.252',''),('.1.3.6.1.4.1.23925.1.14.1.3.7','cactiApplDeviceHostname','CACTI-MIB','DisplayString','DATA','Column Data','read-only','10.254.110.193',''),('.1.3.6.1.4.1.23925.1.14.1.3.8','cactiApplDeviceHostname','CACTI-MIB','DisplayString','DATA','Column Data','read-only','10.101.0.1',''),('.1.3.6.1.4.1.23925.1.14.1.3.9','cactiApplDeviceHostname','CACTI-MIB','DisplayString','DATA','Column Data','read-only','10.101.29.253',''),('.1.3.6.1.4.1.23925.1.14.1.4','cactiApplDeviceStatus','CACTI-MIB','INTEGER','OBJECT-TYPE','Column','read-only','','The status a device can have within Cacti:<br>unknown(0)     - device has not been polled yet<br>down(1)        - device became unresponsive<br>recovering(2)  - device was down and became reachable again<br>up(3)          - device is reachable<br>disabled(4)    - device will not be monitored'),('.1.3.6.1.4.1.23925.1.14.1.4.1','cactiApplDeviceStatus','CACTI-MIB','INTEGER','DATA','Column Data','read-only','3',''),('.1.3.6.1.4.1.23925.1.14.1.4.10','cactiApplDeviceStatus','CACTI-MIB','INTEGER','DATA','Column Data','read-only','3',''),('.1.3.6.1.4.1.23925.1.14.1.4.3','cactiApplDeviceStatus','CACTI-MIB','INTEGER','DATA','Column Data','read-only','3',''),('.1.3.6.1.4.1.23925.1.14.1.4.4','cactiApplDeviceStatus','CACTI-MIB','INTEGER','DATA','Column Data','read-only','3',''),('.1.3.6.1.4.1.23925.1.14.1.4.5','cactiApplDeviceStatus','CACTI-MIB','INTEGER','DATA','Column Data','read-only','3',''),('.1.3.6.1.4.1.23925.1.14.1.4.6','cactiApplDeviceStatus','CACTI-MIB','INTEGER','DATA','Column Data','read-only','3',''),('.1.3.6.1.4.1.23925.1.14.1.4.7','cactiApplDeviceStatus','CACTI-MIB','INTEGER','DATA','Column Data','read-only','3',''),('.1.3.6.1.4.1.23925.1.14.1.4.8','cactiApplDeviceStatus','CACTI-MIB','INTEGER','DATA','Column Data','read-only','3',''),('.1.3.6.1.4.1.23925.1.14.1.4.9','cactiApplDeviceStatus','CACTI-MIB','INTEGER','DATA','Column Data','read-only','3',''),('.1.3.6.1.4.1.23925.1.14.1.5','cactiApplDeviceEventCount','CACTI-MIB','Unsigned32','OBJECT-TYPE','Column','read-only','','Total number of events registered for that device since last reset.'),('.1.3.6.1.4.1.23925.1.14.1.5.1','cactiApplDeviceEventCount','CACTI-MIB','Unsigned32','DATA','Column Data','read-only','0',''),('.1.3.6.1.4.1.23925.1.14.1.5.10','cactiApplDeviceEventCount','CACTI-MIB','Unsigned32','DATA','Column Data','read-only','0',''),('.1.3.6.1.4.1.23925.1.14.1.5.3','cactiApplDeviceEventCount','CACTI-MIB','Unsigned32','DATA','Column Data','read-only','0',''),('.1.3.6.1.4.1.23925.1.14.1.5.4','cactiApplDeviceEventCount','CACTI-MIB','Unsigned32','DATA','Column Data','read-only','0',''),('.1.3.6.1.4.1.23925.1.14.1.5.5','cactiApplDeviceEventCount','CACTI-MIB','Unsigned32','DATA','Column Data','read-only','0',''),('.1.3.6.1.4.1.23925.1.14.1.5.6','cactiApplDeviceEventCount','CACTI-MIB','Unsigned32','DATA','Column Data','read-only','0',''),('.1.3.6.1.4.1.23925.1.14.1.5.7','cactiApplDeviceEventCount','CACTI-MIB','Unsigned32','DATA','Column Data','read-only','0',''),('.1.3.6.1.4.1.23925.1.14.1.5.8','cactiApplDeviceEventCount','CACTI-MIB','Unsigned32','DATA','Column Data','read-only','0',''),('.1.3.6.1.4.1.23925.1.14.1.5.9','cactiApplDeviceEventCount','CACTI-MIB','Unsigned32','DATA','Column Data','read-only','0',''),('.1.3.6.1.4.1.23925.1.14.1.6','cactiApplDeviceFailDate','CACTI-MIB','DisplayString','OBJECT-TYPE','Column','read-only','','Date of last fail'),('.1.3.6.1.4.1.23925.1.14.1.6.1','cactiApplDeviceFailDate','CACTI-MIB','DisplayString','DATA','Column Data','read-only','0000-00-00 00:00:00',''),('.1.3.6.1.4.1.23925.1.14.1.6.10','cactiApplDeviceFailDate','CACTI-MIB','DisplayString','DATA','Column Data','read-only','2020-05-14 09:45:00',''),('.1.3.6.1.4.1.23925.1.14.1.6.3','cactiApplDeviceFailDate','CACTI-MIB','DisplayString','DATA','Column Data','read-only','0000-00-00 00:00:00',''),('.1.3.6.1.4.1.23925.1.14.1.6.4','cactiApplDeviceFailDate','CACTI-MIB','DisplayString','DATA','Column Data','read-only','0000-00-00 00:00:00',''),('.1.3.6.1.4.1.23925.1.14.1.6.5','cactiApplDeviceFailDate','CACTI-MIB','DisplayString','DATA','Column Data','read-only','0000-00-00 00:00:00',''),('.1.3.6.1.4.1.23925.1.14.1.6.6','cactiApplDeviceFailDate','CACTI-MIB','DisplayString','DATA','Column Data','read-only','0000-00-00 00:00:00',''),('.1.3.6.1.4.1.23925.1.14.1.6.7','cactiApplDeviceFailDate','CACTI-MIB','DisplayString','DATA','Column Data','read-only','0000-00-00 00:00:00',''),('.1.3.6.1.4.1.23925.1.14.1.6.8','cactiApplDeviceFailDate','CACTI-MIB','DisplayString','DATA','Column Data','read-only','2020-05-15 23:45:00',''),('.1.3.6.1.4.1.23925.1.14.1.6.9','cactiApplDeviceFailDate','CACTI-MIB','DisplayString','DATA','Column Data','read-only','2020-05-14 09:45:00',''),('.1.3.6.1.4.1.23925.1.14.1.7','cactiApplDeviceRecoveryDate','CACTI-MIB','DisplayString','OBJECT-TYPE','Column','read-only','','Date of lats recovery'),('.1.3.6.1.4.1.23925.1.14.1.7.1','cactiApplDeviceRecoveryDate','CACTI-MIB','DisplayString','DATA','Column Data','read-only','0000-00-00 00:00:00',''),('.1.3.6.1.4.1.23925.1.14.1.7.10','cactiApplDeviceRecoveryDate','CACTI-MIB','DisplayString','DATA','Column Data','read-only','0000-00-00 00:00:00',''),('.1.3.6.1.4.1.23925.1.14.1.7.3','cactiApplDeviceRecoveryDate','CACTI-MIB','DisplayString','DATA','Column Data','read-only','0000-00-00 00:00:00',''),('.1.3.6.1.4.1.23925.1.14.1.7.4','cactiApplDeviceRecoveryDate','CACTI-MIB','DisplayString','DATA','Column Data','read-only','0000-00-00 00:00:00',''),('.1.3.6.1.4.1.23925.1.14.1.7.5','cactiApplDeviceRecoveryDate','CACTI-MIB','DisplayString','DATA','Column Data','read-only','0000-00-00 00:00:00',''),('.1.3.6.1.4.1.23925.1.14.1.7.6','cactiApplDeviceRecoveryDate','CACTI-MIB','DisplayString','DATA','Column Data','read-only','0000-00-00 00:00:00',''),('.1.3.6.1.4.1.23925.1.14.1.7.7','cactiApplDeviceRecoveryDate','CACTI-MIB','DisplayString','DATA','Column Data','read-only','0000-00-00 00:00:00',''),('.1.3.6.1.4.1.23925.1.14.1.7.8','cactiApplDeviceRecoveryDate','CACTI-MIB','DisplayString','DATA','Column Data','read-only','2020-05-14 09:50:00',''),('.1.3.6.1.4.1.23925.1.14.1.7.9','cactiApplDeviceRecoveryDate','CACTI-MIB','DisplayString','DATA','Column Data','read-only','2020-05-15 09:50:00',''),('.1.3.6.1.4.1.23925.1.14.1.8','cactiApplDeviceLastError','CACTI-MIB','DisplayString','OBJECT-TYPE','Column','read-only','','Description of last error being detected.'),('.1.3.6.1.4.1.23925.1.14.1.8.1','cactiApplDeviceLastError','CACTI-MIB','DisplayString','DATA','Column Data','read-only','',''),('.1.3.6.1.4.1.23925.1.14.1.8.10','cactiApplDeviceLastError','CACTI-MIB','DisplayString','DATA','Column Data','read-only','Device did not respond to SNMP',''),('.1.3.6.1.4.1.23925.1.14.1.8.3','cactiApplDeviceLastError','CACTI-MIB','DisplayString','DATA','Column Data','read-only','',''),('.1.3.6.1.4.1.23925.1.14.1.8.4','cactiApplDeviceLastError','CACTI-MIB','DisplayString','DATA','Column Data','read-only','',''),('.1.3.6.1.4.1.23925.1.14.1.8.5','cactiApplDeviceLastError','CACTI-MIB','DisplayString','DATA','Column Data','read-only','',''),('.1.3.6.1.4.1.23925.1.14.1.8.6','cactiApplDeviceLastError','CACTI-MIB','DisplayString','DATA','Column Data','read-only','',''),('.1.3.6.1.4.1.23925.1.14.1.8.7','cactiApplDeviceLastError','CACTI-MIB','DisplayString','DATA','Column Data','read-only','',''),('.1.3.6.1.4.1.23925.1.14.1.8.8','cactiApplDeviceLastError','CACTI-MIB','DisplayString','DATA','Column Data','read-only','Device did not respond to SNMP',''),('.1.3.6.1.4.1.23925.1.14.1.8.9','cactiApplDeviceLastError','CACTI-MIB','DisplayString','DATA','Column Data','read-only','Device did not respond to SNMP',''),('.1.3.6.1.4.1.23925.1.15','cactiApplPollerTable','CACTI-MIB','SEQUENCE OF','OBJECT-TYPE','Table','not-accessible','','A table of pollers registered on a Cacti system.<br>The maximum number of entries is implementation dependent.'),('.1.3.6.1.4.1.23925.1.15.1','cactiApplPollerEntry','CACTI-MIB','CactiApplPollerEntry','OBJECT-TYPE','Row','not-accessible','','An entry in the table of registered pollers to a Cacti system. A row<br>in this table cannot be created or deleted by SNMP operations on<br>columns of the table.'),('.1.3.6.1.4.1.23925.1.15.1.1','cactiApplPollerIndex','CACTI-MIB','Unsigned32','OBJECT-TYPE','Column','read-only','','A unique poller identifier. This ID will be created by Cacti itself.'),('.1.3.6.1.4.1.23925.1.15.1.2','cactiApplPollerHostname','CACTI-MIB','DisplayString','OBJECT-TYPE','Column','read-only','','Name of the device where the poller is running on.'),('.1.3.6.1.4.1.23925.1.15.1.3','cactiApplPollerIpAddress','CACTI-MIB','DisplayString','OBJECT-TYPE','Column','read-only','','IP address of the poller\'s host.'),('.1.3.6.1.4.1.23925.1.15.1.4','cactiApplPollerLastUpdate','CACTI-MIB','DisplayString','OBJECT-TYPE','Column','read-only','','Timestamp of last update.'),('.1.3.6.1.4.1.23925.1.16','cactiApplPluginTable','CACTI-MIB','SEQUENCE OF','OBJECT-TYPE','Table','not-accessible','','A table of registered plugins on a Cacti system.<br>The maximum number of entries is implementation dependent.'),('.1.3.6.1.4.1.23925.1.16.1','cactiApplPluginEntry','CACTI-MIB','CactiApplPluginEntry','OBJECT-TYPE','Row','not-accessible','','An entry in the table of all installed Cacti plugins. A row<br>in this table cannot be created or deleted by SNMP operations on<br>columns of the table.'),('.1.3.6.1.4.1.23925.1.16.1.1','cactiApplPluginIndex','CACTI-MIB','Unsigned32','OBJECT-TYPE','Column','read-only','','A unique plugin identifier. This ID will be administrated by Cacti itself.'),('.1.3.6.1.4.1.23925.1.16.1.1.1','cactiApplPluginIndex','CACTI-MIB','Unsigned32','DATA','Column Data','read-only','1',''),('.1.3.6.1.4.1.23925.1.16.1.1.2','cactiApplPluginIndex','CACTI-MIB','Unsigned32','DATA','Column Data','read-only','2',''),('.1.3.6.1.4.1.23925.1.16.1.2','cactiApplPluginType','CACTI-MIB','INTEGER','OBJECT-TYPE','Column','read-only','','Describes whether or not the plugin has been registered as a system plugin.<br>System plugins offer a lot of functions normal Cacti plugins rely on.'),('.1.3.6.1.4.1.23925.1.16.1.2.1','cactiApplPluginType','CACTI-MIB','INTEGER','DATA','Column Data','read-only','2',''),('.1.3.6.1.4.1.23925.1.16.1.2.2','cactiApplPluginType','CACTI-MIB','INTEGER','DATA','Column Data','read-only','2',''),('.1.3.6.1.4.1.23925.1.16.1.3','cactiApplPluginName','CACTI-MIB','DisplayString','OBJECT-TYPE','Column','read-only','','The official name of a plugin given by its author.'),('.1.3.6.1.4.1.23925.1.16.1.3.1','cactiApplPluginName','CACTI-MIB','DisplayString','DATA','Column Data','read-only','rrdcalendar',''),('.1.3.6.1.4.1.23925.1.16.1.3.2','cactiApplPluginName','CACTI-MIB','DisplayString','DATA','Column Data','read-only','haruca',''),('.1.3.6.1.4.1.23925.1.16.1.4','cactiApplPluginStatus','CACTI-MIB','INTEGER','OBJECT-TYPE','Column','read-only','','The status a plugin can have within Cacti:<br>disabledold(-2)   - plugin (old PIA) is available, but has not been installed<br>activeold(-1)     - plugin (old PIA) is installed and active<br>notinstalled(0)   - plugin (new PIA) is available, but has not been installed<br>active(1)         - plugin (new PIA) is installed and active<br>setupmode(2)      - plugin (new PIA) is installed, but configuration is needed<br>disabled(4)       - plugin (new PIA) is installed, but without function'),('.1.3.6.1.4.1.23925.1.16.1.4.1','cactiApplPluginStatus','CACTI-MIB','INTEGER','DATA','Column Data','read-only','1',''),('.1.3.6.1.4.1.23925.1.16.1.4.2','cactiApplPluginStatus','CACTI-MIB','INTEGER','DATA','Column Data','read-only','0',''),('.1.3.6.1.4.1.23925.1.16.1.5','cactiApplPluginVersion','CACTI-MIB','DisplayString','OBJECT-TYPE','Column','read-only','','Version string of the Cacti plugin being installed.'),('.1.3.6.1.4.1.23925.1.16.1.5.1','cactiApplPluginVersion','CACTI-MIB','DisplayString','DATA','Column Data','read-only','0.5',''),('.1.3.6.1.4.1.23925.1.16.1.5.2','cactiApplPluginVersion','CACTI-MIB','DisplayString','DATA','Column Data','read-only','0.4',''),('.1.3.6.1.4.1.23925.1.2.0','cactiApplVersion','CACTI-MIB','DisplayString','DATA','Scalar','read-only','1.2.11','Returns the version string of Cacti'),('.1.3.6.1.4.1.23925.1.3.0','cactiApplSnmpVersion','CACTI-MIB','TcCactiApplSnmpVersion','DATA','Scalar','read-only','3','Represents the type of SNMP used by Cacti:<br><br>NET-SNMP<br>UCD-SNMP<br>PHP-SNMP'),('.1.3.6.1.4.1.23925.1.4.0','cactiApplRrdtoolVersion','CACTI-MIB','DisplayString','DATA','Scalar','read-only','1.7.0','The version of RRDtool used by Cacti'),('.1.3.6.1.4.1.23925.1.5.0','cactiApplPollerEnabled','CACTI-MIB','TruthValue','DATA','Scalar','read-only','1','If Cacti polling has been enabled this object is set to true(1).'),('.1.3.6.1.4.1.23925.1.6.0','cactiApplPollerType','CACTI-MIB','TcCactiApplPollerType','DATA','Scalar','read-only','2','Describes the polling engine used by Cacti:<br><br>cmd         - php based poller<br>spine       - high performance C-based polling engine'),('.1.3.6.1.4.1.23925.1.7.0','cactiApplPollerInterval','CACTI-MIB','Unsigned32','DATA','Scalar','read-only','300','The polling interval in seconds which determines how often<br>data sources will be checked and updated.'),('.1.3.6.1.4.1.23925.1.8.0','cactiApplPollerMaxProcesses','CACTI-MIB','Unsigned32','DATA','Scalar','read-only','1','Represents the number of maximum poller processes Cacti is allowed to<br>perform in parallel.'),('.1.3.6.1.4.1.23925.1.9.0','cactiApplPollerLoadBalance','CACTI-MIB','TruthValue','DATA','Scalar','read-only','1','If true Cacti attempt to balance the load of each poller process.'),('.1.3.6.1.4.1.23925.2','cactiStats','CACTI-MIB','','OBJECT-IDENTITY','Node','not-accessible','','reserved for cacti statistics'),('.1.3.6.1.4.1.23925.2.1.0','cactiStatsLastUpdate','CACTI-MIB','Unsigned32','DATA','Scalar','read-only','1589595013','Unix timestamp when this data has been updated for the last time.'),('.1.3.6.1.4.1.23925.2.10','cactiStatsPollerTable','CACTI-MIB','SEQUENCE OF','OBJECT-TYPE','Table','not-accessible','','A table of statistics for all pollers registered on a Cacti system.<br>The maximum number of entries is implementation dependent.<br>This table has a 1:1 relationship to cactiApplPollerTable.'),('.1.3.6.1.4.1.23925.2.10.1','cactiStatsPollerEntry','CACTI-MIB','CactiStatsPollerEntry','OBJECT-TYPE','Row','not-accessible','','An entry in the table of statistics for registered pollers of a Cacti system.<br>A row in this table cannot be created or deleted by SNMP operations on<br>columns of the table.'),('.1.3.6.1.4.1.23925.2.10.1.1','cactiStatsPollerIndex','CACTI-MIB','Unsigned32','OBJECT-TYPE','Column','read-only','','A unique poller identifier. This ID will be created by Cacti itself.'),('.1.3.6.1.4.1.23925.2.10.1.10','cactiStatsPollerRrrdsProcessed','CACTI-MIB','Unsigned32','OBJECT-TYPE','Column','read-only','','Number of RRDs being processed. This object will always return zero<br>if RRD updates will be handled by BOOST.'),('.1.3.6.1.4.1.23925.2.10.1.11','cactiStatsPollerUtilization','CACTI-MIB','DisplayString','OBJECT-TYPE','Column','read-only','','The proportion of the poller interval in percent the poller requires<br>to poll all data sources.'),('.1.3.6.1.4.1.23925.2.10.1.2','cactiStatsPollerHostname','CACTI-MIB','DisplayString','OBJECT-TYPE','Column','read-only','','Name of the device where the poller is running on.'),('.1.3.6.1.4.1.23925.2.10.1.3','cactiStatsPollerRunTime','CACTI-MIB','DisplayString','OBJECT-TYPE','Column','read-only','','Last poller runtime in seconds.'),('.1.3.6.1.4.1.23925.2.10.1.4','cactiStatsPollerMethod','CACTI-MIB','TcCactiApplPollerType','OBJECT-TYPE','Column','read-only','','Describes the polling engine used by Cacti:<br>cmd         - php based poller<br>spine       - high performance C-based polling engine'),('.1.3.6.1.4.1.23925.2.10.1.5','cactiStatsPollerConcurrentProcesses','CACTI-MIB','Unsigned32','OBJECT-TYPE','Column','read-only','','Number of concurrent processes.'),('.1.3.6.1.4.1.23925.2.10.1.6','cactiStatsPollerThreads','CACTI-MIB','Unsigned32','OBJECT-TYPE','Column','read-only','','Number of threads. This object will always return zero if<br>polling method is CMD.'),('.1.3.6.1.4.1.23925.2.10.1.7','cactiStatsPollerHosts','CACTI-MIB','Unsigned32','OBJECT-TYPE','Column','read-only','','Number of polled devices.'),('.1.3.6.1.4.1.23925.2.10.1.8','cactiStatsPollerHostsPerProcess','CACTI-MIB','Unsigned32','OBJECT-TYPE','Column','read-only','','Maximum number of hosts per process.'),('.1.3.6.1.4.1.23925.2.10.1.9','cactiStatsPollerItems','CACTI-MIB','Unsigned32','OBJECT-TYPE','Column','read-only','','Number of items being polled.'),('.1.3.6.1.4.1.23925.2.11.0','cactiStatsTotalsDeviceStatusUnknown','CACTI-MIB','Unsigned32','DATA','Scalar','read-only','0','Total number of devices that have not been polled yet.'),('.1.3.6.1.4.1.23925.2.12.0','cactiStatsTotalsDeviceStatusDown','CACTI-MIB','Unsigned32','DATA','Scalar','read-only','0','Total number of devices being unreachable.'),('.1.3.6.1.4.1.23925.2.13.0','cactiStatsTotalsDeviceStatusRecovering','CACTI-MIB','Unsigned32','DATA','Scalar','read-only','0','Total number of devices recovering.'),('.1.3.6.1.4.1.23925.2.14.0','cactiStatsTotalsDeviceStatusUp','CACTI-MIB','Unsigned32','DATA','Scalar','read-only','9','Total number of devices being reachable.'),('.1.3.6.1.4.1.23925.2.15.0','cactiStatsTotalsDeviceStatusDisabled','CACTI-MIB','Unsigned32','DATA','Scalar','read-only','0','Total number of devices being reachable.'),('.1.3.6.1.4.1.23925.2.2.0','cactiStatsRecacheTime','CACTI-MIB','Unsigned32','DATA','Scalar','read-only','','Returns the recache Time in seconds.'),('.1.3.6.1.4.1.23925.2.3.0','cactiStatsRecachedHosts','CACTI-MIB','Unsigned32','DATA','Scalar','read-only','','The current number of recaching events being discovered.'),('.1.3.6.1.4.1.23925.2.4.0','cactiStatsLocalPollerRuntime','CACTI-MIB','DisplayString','DATA','Scalar','read-only','7.2987','Returns the runtime of the local poller in seconds.'),('.1.3.6.1.4.1.23925.2.5.0','cactiStatsTotalsDevices','CACTI-MIB','Unsigned32','DATA','Scalar','read-only','9','Returns the total number of registered devices.'),('.1.3.6.1.4.1.23925.2.6.0','cactiStatsTotalsDataSources','CACTI-MIB','Unsigned32','DATA','Scalar','read-only','235','Returns the total number of data sources.'),('.1.3.6.1.4.1.23925.2.7.0','cactiStatsTotalsGraphs','CACTI-MIB','Unsigned32','DATA','Scalar','read-only','202','Returns the total number of graphs.'),('.1.3.6.1.4.1.23925.2.8','cactiStatsTotalsDeviceStatusTable','CACTI-MIB','SEQUENCE OF','OBJECT-TYPE','Table','not-accessible','','A table of statistics for all devices registered on a Cacti system<br>in relation to their device status.<br>The maximum number of entries is limited to maximum number of<br>device stati.'),('.1.3.6.1.4.1.23925.2.8.1','cactiStatsTotalsDeviceStatusEntry','CACTI-MIB','CactiStatsTotalsDeviceStatusEntry','OBJECT-TYPE','Row','not-accessible','','A table of statistics for all devices registered on a Cacti system<br>in relation to their device status.<br>A row in this table cannot be created or deleted by SNMP operations on<br>columns of the table.'),('.1.3.6.1.4.1.23925.2.8.1.1','cactiStatsTotalsDeviceStatusIndex','CACTI-MIB','INTEGER','OBJECT-TYPE','Column','read-only','','unknown(0)     - Total number of devices that have not been polled yet<br>down(1)        - Total number of devices being unreachable<br>recovering(2)  - Total number of devices recovering<br>up(3)          - Total number of devices being reachable<br>disabled(4)    - Total number of devices that will not be monitored'),('.1.3.6.1.4.1.23925.2.8.1.1.0','cactiStatsTotalsDeviceStatusIndex','CACTI-MIB','INTEGER','DATA','Column Data','read-only','0',''),('.1.3.6.1.4.1.23925.2.8.1.1.1','cactiStatsTotalsDeviceStatusIndex','CACTI-MIB','INTEGER','DATA','Column Data','read-only','1',''),('.1.3.6.1.4.1.23925.2.8.1.1.2','cactiStatsTotalsDeviceStatusIndex','CACTI-MIB','INTEGER','DATA','Column Data','read-only','2',''),('.1.3.6.1.4.1.23925.2.8.1.1.3','cactiStatsTotalsDeviceStatusIndex','CACTI-MIB','INTEGER','DATA','Column Data','read-only','3',''),('.1.3.6.1.4.1.23925.2.8.1.1.4','cactiStatsTotalsDeviceStatusIndex','CACTI-MIB','INTEGER','DATA','Column Data','read-only','4',''),('.1.3.6.1.4.1.23925.2.8.1.2','cactiStatsTotalsDeviceStatusCounter','CACTI-MIB','Unsigned32','OBJECT-TYPE','Column','read-only','','Returns the total number of registered devices in relation to<br>cactiStatsTotalsDeviceStatusIndex.'),('.1.3.6.1.4.1.23925.2.8.1.2.0','cactiStatsTotalsDeviceStatusCounter','CACTI-MIB','Unsigned32','DATA','Column Data','read-only','0',''),('.1.3.6.1.4.1.23925.2.8.1.2.1','cactiStatsTotalsDeviceStatusCounter','CACTI-MIB','Unsigned32','DATA','Column Data','read-only','0',''),('.1.3.6.1.4.1.23925.2.8.1.2.2','cactiStatsTotalsDeviceStatusCounter','CACTI-MIB','Unsigned32','DATA','Column Data','read-only','0',''),('.1.3.6.1.4.1.23925.2.8.1.2.3','cactiStatsTotalsDeviceStatusCounter','CACTI-MIB','Unsigned32','DATA','Column Data','read-only','9',''),('.1.3.6.1.4.1.23925.2.8.1.2.4','cactiStatsTotalsDeviceStatusCounter','CACTI-MIB','Unsigned32','DATA','Column Data','read-only','0',''),('.1.3.6.1.4.1.23925.2.9','cactiStatsDeviceTable','CACTI-MIB','SEQUENCE OF','OBJECT-TYPE','Table','not-accessible','','A table of statistics for all devices registered on a Cacti system.<br>The maximum number of entries is implementation dependent.<br>This table has a 1:1 relationship to cactiApplDeviceTable.'),('.1.3.6.1.4.1.23925.2.9.1','cactiStatsDeviceEntry','CACTI-MIB','CactiStatsDeviceEntry','OBJECT-TYPE','Row','not-accessible','','An entry in the table of statistics for registered devices of a Cacti system.<br>A row in this table cannot be created or deleted by SNMP operations on<br>columns of the table.'),('.1.3.6.1.4.1.23925.2.9.1.1','cactiStatsDeviceIndex','CACTI-MIB','Unsigned32','OBJECT-TYPE','Column','read-only','','A unique device identifier. This ID will be created by Cacti itself.'),('.1.3.6.1.4.1.23925.2.9.1.1.1','cactiStatsDeviceIndex','CACTI-MIB','Unsigned32','DATA','Column Data','read-only','1',''),('.1.3.6.1.4.1.23925.2.9.1.1.10','cactiStatsDeviceIndex','CACTI-MIB','Unsigned32','DATA','Column Data','read-only','10',''),('.1.3.6.1.4.1.23925.2.9.1.1.3','cactiStatsDeviceIndex','CACTI-MIB','Unsigned32','DATA','Column Data','read-only','3',''),('.1.3.6.1.4.1.23925.2.9.1.1.4','cactiStatsDeviceIndex','CACTI-MIB','Unsigned32','DATA','Column Data','read-only','4',''),('.1.3.6.1.4.1.23925.2.9.1.1.5','cactiStatsDeviceIndex','CACTI-MIB','Unsigned32','DATA','Column Data','read-only','5',''),('.1.3.6.1.4.1.23925.2.9.1.1.6','cactiStatsDeviceIndex','CACTI-MIB','Unsigned32','DATA','Column Data','read-only','6',''),('.1.3.6.1.4.1.23925.2.9.1.1.7','cactiStatsDeviceIndex','CACTI-MIB','Unsigned32','DATA','Column Data','read-only','7',''),('.1.3.6.1.4.1.23925.2.9.1.1.8','cactiStatsDeviceIndex','CACTI-MIB','Unsigned32','DATA','Column Data','read-only','8',''),('.1.3.6.1.4.1.23925.2.9.1.1.9','cactiStatsDeviceIndex','CACTI-MIB','Unsigned32','DATA','Column Data','read-only','9',''),('.1.3.6.1.4.1.23925.2.9.1.2','cactiStatsDeviceHostname','CACTI-MIB','DisplayString','OBJECT-TYPE','Column','read-only','','Fully qualified devicename or IP address.'),('.1.3.6.1.4.1.23925.2.9.1.2.1','cactiStatsDeviceHostname','CACTI-MIB','DisplayString','DATA','Column Data','read-only','localhost',''),('.1.3.6.1.4.1.23925.2.9.1.2.10','cactiStatsDeviceHostname','CACTI-MIB','DisplayString','DATA','Column Data','read-only','10.101.29.252',''),('.1.3.6.1.4.1.23925.2.9.1.2.3','cactiStatsDeviceHostname','CACTI-MIB','DisplayString','DATA','Column Data','read-only','10.254.10.241',''),('.1.3.6.1.4.1.23925.2.9.1.2.4','cactiStatsDeviceHostname','CACTI-MIB','DisplayString','DATA','Column Data','read-only','10.254.10.251',''),('.1.3.6.1.4.1.23925.2.9.1.2.5','cactiStatsDeviceHostname','CACTI-MIB','DisplayString','DATA','Column Data','read-only','10.254.0.1',''),('.1.3.6.1.4.1.23925.2.9.1.2.6','cactiStatsDeviceHostname','CACTI-MIB','DisplayString','DATA','Column Data','read-only','10.254.254.252',''),('.1.3.6.1.4.1.23925.2.9.1.2.7','cactiStatsDeviceHostname','CACTI-MIB','DisplayString','DATA','Column Data','read-only','10.254.110.193',''),('.1.3.6.1.4.1.23925.2.9.1.2.8','cactiStatsDeviceHostname','CACTI-MIB','DisplayString','DATA','Column Data','read-only','10.101.0.1',''),('.1.3.6.1.4.1.23925.2.9.1.2.9','cactiStatsDeviceHostname','CACTI-MIB','DisplayString','DATA','Column Data','read-only','10.101.29.253',''),('.1.3.6.1.4.1.23925.2.9.1.3','cactiStatsDeviceMinTime','CACTI-MIB','DisplayString','OBJECT-TYPE','Column','read-only','','Minimum response time in seconds.'),('.1.3.6.1.4.1.23925.2.9.1.3.1','cactiStatsDeviceMinTime','CACTI-MIB','DisplayString','DATA','Column Data','read-only','0.00000',''),('.1.3.6.1.4.1.23925.2.9.1.3.10','cactiStatsDeviceMinTime','CACTI-MIB','DisplayString','DATA','Column Data','read-only','7.50709',''),('.1.3.6.1.4.1.23925.2.9.1.3.3','cactiStatsDeviceMinTime','CACTI-MIB','DisplayString','DATA','Column Data','read-only','0.35286',''),('.1.3.6.1.4.1.23925.2.9.1.3.4','cactiStatsDeviceMinTime','CACTI-MIB','DisplayString','DATA','Column Data','read-only','0.31686',''),('.1.3.6.1.4.1.23925.2.9.1.3.5','cactiStatsDeviceMinTime','CACTI-MIB','DisplayString','DATA','Column Data','read-only','1.00803',''),('.1.3.6.1.4.1.23925.2.9.1.3.6','cactiStatsDeviceMinTime','CACTI-MIB','DisplayString','DATA','Column Data','read-only','1.03712',''),('.1.3.6.1.4.1.23925.2.9.1.3.7','cactiStatsDeviceMinTime','CACTI-MIB','DisplayString','DATA','Column Data','read-only','0.97513',''),('.1.3.6.1.4.1.23925.2.9.1.3.8','cactiStatsDeviceMinTime','CACTI-MIB','DisplayString','DATA','Column Data','read-only','7.58815',''),('.1.3.6.1.4.1.23925.2.9.1.3.9','cactiStatsDeviceMinTime','CACTI-MIB','DisplayString','DATA','Column Data','read-only','7.90095',''),('.1.3.6.1.4.1.23925.2.9.1.4','cactiStatsDeviceMaxTime','CACTI-MIB','DisplayString','OBJECT-TYPE','Column','read-only','','Maximum response time in seconds.'),('.1.3.6.1.4.1.23925.2.9.1.4.1','cactiStatsDeviceMaxTime','CACTI-MIB','DisplayString','DATA','Column Data','read-only','0.00000',''),('.1.3.6.1.4.1.23925.2.9.1.4.10','cactiStatsDeviceMaxTime','CACTI-MIB','DisplayString','DATA','Column Data','read-only','1947.62492',''),('.1.3.6.1.4.1.23925.2.9.1.4.3','cactiStatsDeviceMaxTime','CACTI-MIB','DisplayString','DATA','Column Data','read-only','90.20686',''),('.1.3.6.1.4.1.23925.2.9.1.4.4','cactiStatsDeviceMaxTime','CACTI-MIB','DisplayString','DATA','Column Data','read-only','5.22685',''),('.1.3.6.1.4.1.23925.2.9.1.4.5','cactiStatsDeviceMaxTime','CACTI-MIB','DisplayString','DATA','Column Data','read-only','26.98207',''),('.1.3.6.1.4.1.23925.2.9.1.4.6','cactiStatsDeviceMaxTime','CACTI-MIB','DisplayString','DATA','Column Data','read-only','937.30807',''),('.1.3.6.1.4.1.23925.2.9.1.4.7','cactiStatsDeviceMaxTime','CACTI-MIB','DisplayString','DATA','Column Data','read-only','1098.20318',''),('.1.3.6.1.4.1.23925.2.9.1.4.8','cactiStatsDeviceMaxTime','CACTI-MIB','DisplayString','DATA','Column Data','read-only','1518.92996',''),('.1.3.6.1.4.1.23925.2.9.1.4.9','cactiStatsDeviceMaxTime','CACTI-MIB','DisplayString','DATA','Column Data','read-only','1534.86586',''),('.1.3.6.1.4.1.23925.2.9.1.5','cactiStatsDeviceCurTime','CACTI-MIB','DisplayString','OBJECT-TYPE','Column','read-only','','Last response time in seconds.'),('.1.3.6.1.4.1.23925.2.9.1.5.1','cactiStatsDeviceCurTime','CACTI-MIB','DisplayString','DATA','Column Data','read-only','0.00000',''),('.1.3.6.1.4.1.23925.2.9.1.5.10','cactiStatsDeviceCurTime','CACTI-MIB','DisplayString','DATA','Column Data','read-only','9.60302',''),('.1.3.6.1.4.1.23925.2.9.1.5.3','cactiStatsDeviceCurTime','CACTI-MIB','DisplayString','DATA','Column Data','read-only','0.91696',''),('.1.3.6.1.4.1.23925.2.9.1.5.4','cactiStatsDeviceCurTime','CACTI-MIB','DisplayString','DATA','Column Data','read-only','0.51117',''),('.1.3.6.1.4.1.23925.2.9.1.5.5','cactiStatsDeviceCurTime','CACTI-MIB','DisplayString','DATA','Column Data','read-only','1.40810',''),('.1.3.6.1.4.1.23925.2.9.1.5.6','cactiStatsDeviceCurTime','CACTI-MIB','DisplayString','DATA','Column Data','read-only','1.54495',''),('.1.3.6.1.4.1.23925.2.9.1.5.7','cactiStatsDeviceCurTime','CACTI-MIB','DisplayString','DATA','Column Data','read-only','1.69086',''),('.1.3.6.1.4.1.23925.2.9.1.5.8','cactiStatsDeviceCurTime','CACTI-MIB','DisplayString','DATA','Column Data','read-only','9.18603',''),('.1.3.6.1.4.1.23925.2.9.1.5.9','cactiStatsDeviceCurTime','CACTI-MIB','DisplayString','DATA','Column Data','read-only','9.56988',''),('.1.3.6.1.4.1.23925.2.9.1.6','cactiStatsDeviceAvgTime','CACTI-MIB','DisplayString','OBJECT-TYPE','Column','read-only','','Average response time in seconds.'),('.1.3.6.1.4.1.23925.2.9.1.6.1','cactiStatsDeviceAvgTime','CACTI-MIB','DisplayString','DATA','Column Data','read-only','0.00000',''),('.1.3.6.1.4.1.23925.2.9.1.6.10','cactiStatsDeviceAvgTime','CACTI-MIB','DisplayString','DATA','Column Data','read-only','46.71521',''),('.1.3.6.1.4.1.23925.2.9.1.6.3','cactiStatsDeviceAvgTime','CACTI-MIB','DisplayString','DATA','Column Data','read-only','1.40784',''),('.1.3.6.1.4.1.23925.2.9.1.6.4','cactiStatsDeviceAvgTime','CACTI-MIB','DisplayString','DATA','Column Data','read-only','0.64762',''),('.1.3.6.1.4.1.23925.2.9.1.6.5','cactiStatsDeviceAvgTime','CACTI-MIB','DisplayString','DATA','Column Data','read-only','1.99223',''),('.1.3.6.1.4.1.23925.2.9.1.6.6','cactiStatsDeviceAvgTime','CACTI-MIB','DisplayString','DATA','Column Data','read-only','12.09640',''),('.1.3.6.1.4.1.23925.2.9.1.6.7','cactiStatsDeviceAvgTime','CACTI-MIB','DisplayString','DATA','Column Data','read-only','64.32786',''),('.1.3.6.1.4.1.23925.2.9.1.6.8','cactiStatsDeviceAvgTime','CACTI-MIB','DisplayString','DATA','Column Data','read-only','37.72887',''),('.1.3.6.1.4.1.23925.2.9.1.6.9','cactiStatsDeviceAvgTime','CACTI-MIB','DisplayString','DATA','Column Data','read-only','55.72086',''),('.1.3.6.1.4.1.23925.2.9.1.7','cactiStatsDeviceTotalPolls','CACTI-MIB','Unsigned32','OBJECT-TYPE','Column','read-only','','Number of total polls against a monitored device.'),('.1.3.6.1.4.1.23925.2.9.1.7.1','cactiStatsDeviceTotalPolls','CACTI-MIB','Unsigned32','DATA','Column Data','read-only','1938',''),('.1.3.6.1.4.1.23925.2.9.1.7.10','cactiStatsDeviceTotalPolls','CACTI-MIB','Unsigned32','DATA','Column Data','read-only','750',''),('.1.3.6.1.4.1.23925.2.9.1.7.3','cactiStatsDeviceTotalPolls','CACTI-MIB','Unsigned32','DATA','Column Data','read-only','1937',''),('.1.3.6.1.4.1.23925.2.9.1.7.4','cactiStatsDeviceTotalPolls','CACTI-MIB','Unsigned32','DATA','Column Data','read-only','1937',''),('.1.3.6.1.4.1.23925.2.9.1.7.5','cactiStatsDeviceTotalPolls','CACTI-MIB','Unsigned32','DATA','Column Data','read-only','1936',''),('.1.3.6.1.4.1.23925.2.9.1.7.6','cactiStatsDeviceTotalPolls','CACTI-MIB','Unsigned32','DATA','Column Data','read-only','1936',''),('.1.3.6.1.4.1.23925.2.9.1.7.7','cactiStatsDeviceTotalPolls','CACTI-MIB','Unsigned32','DATA','Column Data','read-only','1935',''),('.1.3.6.1.4.1.23925.2.9.1.7.8','cactiStatsDeviceTotalPolls','CACTI-MIB','Unsigned32','DATA','Column Data','read-only','1581',''),('.1.3.6.1.4.1.23925.2.9.1.7.9','cactiStatsDeviceTotalPolls','CACTI-MIB','Unsigned32','DATA','Column Data','read-only','991',''),('.1.3.6.1.4.1.23925.2.9.1.8','cactiStatsDeviceFailedPolls','CACTI-MIB','Unsigned32','OBJECT-TYPE','Column','read-only','','Number of failed polls.'),('.1.3.6.1.4.1.23925.2.9.1.8.1','cactiStatsDeviceFailedPolls','CACTI-MIB','Unsigned32','DATA','Column Data','read-only','0',''),('.1.3.6.1.4.1.23925.2.9.1.8.10','cactiStatsDeviceFailedPolls','CACTI-MIB','Unsigned32','DATA','Column Data','read-only','2',''),('.1.3.6.1.4.1.23925.2.9.1.8.3','cactiStatsDeviceFailedPolls','CACTI-MIB','Unsigned32','DATA','Column Data','read-only','0',''),('.1.3.6.1.4.1.23925.2.9.1.8.4','cactiStatsDeviceFailedPolls','CACTI-MIB','Unsigned32','DATA','Column Data','read-only','0',''),('.1.3.6.1.4.1.23925.2.9.1.8.5','cactiStatsDeviceFailedPolls','CACTI-MIB','Unsigned32','DATA','Column Data','read-only','0',''),('.1.3.6.1.4.1.23925.2.9.1.8.6','cactiStatsDeviceFailedPolls','CACTI-MIB','Unsigned32','DATA','Column Data','read-only','0',''),('.1.3.6.1.4.1.23925.2.9.1.8.7','cactiStatsDeviceFailedPolls','CACTI-MIB','Unsigned32','DATA','Column Data','read-only','0',''),('.1.3.6.1.4.1.23925.2.9.1.8.8','cactiStatsDeviceFailedPolls','CACTI-MIB','Unsigned32','DATA','Column Data','read-only','6',''),('.1.3.6.1.4.1.23925.2.9.1.8.9','cactiStatsDeviceFailedPolls','CACTI-MIB','Unsigned32','DATA','Column Data','read-only','382',''),('.1.3.6.1.4.1.23925.2.9.1.9','cactiStatsDeviceAvailability','CACTI-MIB','DisplayString','OBJECT-TYPE','Column','read-only','','Calculated availablity in percent.'),('.1.3.6.1.4.1.23925.2.9.1.9.1','cactiStatsDeviceAvailability','CACTI-MIB','DisplayString','DATA','Column Data','read-only','100.00000',''),('.1.3.6.1.4.1.23925.2.9.1.9.10','cactiStatsDeviceAvailability','CACTI-MIB','DisplayString','DATA','Column Data','read-only','99.73330',''),('.1.3.6.1.4.1.23925.2.9.1.9.3','cactiStatsDeviceAvailability','CACTI-MIB','DisplayString','DATA','Column Data','read-only','100.00000',''),('.1.3.6.1.4.1.23925.2.9.1.9.4','cactiStatsDeviceAvailability','CACTI-MIB','DisplayString','DATA','Column Data','read-only','100.00000',''),('.1.3.6.1.4.1.23925.2.9.1.9.5','cactiStatsDeviceAvailability','CACTI-MIB','DisplayString','DATA','Column Data','read-only','100.00000',''),('.1.3.6.1.4.1.23925.2.9.1.9.6','cactiStatsDeviceAvailability','CACTI-MIB','DisplayString','DATA','Column Data','read-only','100.00000',''),('.1.3.6.1.4.1.23925.2.9.1.9.7','cactiStatsDeviceAvailability','CACTI-MIB','DisplayString','DATA','Column Data','read-only','100.00000',''),('.1.3.6.1.4.1.23925.2.9.1.9.8','cactiStatsDeviceAvailability','CACTI-MIB','DisplayString','DATA','Column Data','read-only','99.62050',''),('.1.3.6.1.4.1.23925.2.9.1.9.9','cactiStatsDeviceAvailability','CACTI-MIB','DisplayString','DATA','Column Data','read-only','61.45310',''),('.1.3.6.1.4.1.23925.3','cactiEvents','CACTI-MIB','','OBJECT-IDENTITY','Node','not-accessible','','reserved for cacti events'),('.1.3.6.1.4.1.23925.3.1','cactiEventAttributes','CACTI-MIB','','OBJECT-IDENTITY','Node','not-accessible','','resevered for event attributes, used as varbind for the SMNP notifications'),('.1.3.6.1.4.1.23925.3.1.1.0','cactiEventDescription','CACTI-MIB','DisplayString','DATA','Scalar','accessible-for-notify','','Contains a customized event description.'),('.1.3.6.1.4.1.23925.3.2','cactiEventNotifications','CACTI-MIB','','OBJECT-IDENTITY','Node','not-accessible','','resevered for event notifications'),('.1.3.6.1.4.1.23925.3.2.1','cactiNotify','CACTI-MIB','','NOTIFICATION-TYPE','Notification','not-accessible','','This SNMP notification will only include varbind cactiEventDescription<br>and can be used as a simple and generic notification by plugins for example.'),('.1.3.6.1.4.1.23925.3.2.2','cactiNotifyDeviceDown','CACTI-MIB','','NOTIFICATION-TYPE','Notification','not-accessible','','This SNMP notification will be send to notification receivers if Cacti has detected<br>that a monitored device went down.'),('.1.3.6.1.4.1.23925.3.2.3','cactiNotifyDeviceRecovering','CACTI-MIB','','NOTIFICATION-TYPE','Notification','not-accessible','','This SNMP notification will be send to notification receivers if Cacti has detected<br>that a monitored device became reachable again.'),('.1.3.6.1.4.1.23925.3.2.4','cactiNotifyPollerRuntimeExceeding','CACTI-MIB','','NOTIFICATION-TYPE','Notification','not-accessible','','This SNMP notification will be send to notification receivers if a Cacti poller<br>has breached its maximum runtime.'),('.1.3.6.1.4.1.23925.3.2.5','cactiNotifyDeviceFailedPoll','CACTI-MIB','','NOTIFICATION-TYPE','Notification','not-accessible','','This SNMP notification will be send to notification receivers if Cacti<br>was unable to poll a device.'),('.1.3.6.1.4.1.23925.4','cactiPlugins','CACTI-MIB','','OBJECT-IDENTITY','Node','not-accessible','','cactiPlugins provides a root object identifier<br>from which mibs produced by plugin developers may be<br>placed. mibs written by other developers will typically<br>be implemented with the object identifiers as defined<br>in the mib.<br>Plugin developers have to take notice of the following<br>requirements:<br><br>|MIB name: CACTI-<plugin_name>-MIB<br>|Module name: <plugin_name><br>|Architecture:<br>Plugin mibs have to reserve the first three<br>sub-trees for:<br>+<br>|-<plugin_name>Appl(1)<br>|-<plugin_name>Stats(2)<br>|-<plugin_name>Events(3)<br>|-<plugin_name>MibGroups(4)<br><br>The plugin name has to be written in lower cases only.<br><br>As reference plugin developers should take a look at<br>the CACTI-THOLD-MIB.'),('.1.3.6.1.4.1.23925.4.2','boost','CACTI-BOOST-MIB','','MODULE-IDENTITY','Node','not-accessible','','Initial version of this MIB module.'),('.1.3.6.1.4.1.23925.4.2.1','boostAppl','CACTI-BOOST-MIB','','OBJECT-IDENTITY','Node','not-accessible','','reserved for Boost application data'),('.1.3.6.1.4.1.23925.4.2.1.1.0','boostApplLastUpdate','CACTI-BOOST-MIB','Unsigned32','DATA','Scalar','read-only','1589015425','Unix timestamp when this data has been updated for the last time.'),('.1.3.6.1.4.1.23925.4.2.1.10.0','boostApplServerEnabled','CACTI-BOOST-MIB','TruthValue','DATA','Scalar','read-only','','If Boost Server will be used for RRDUpdates this object is set<br>to true (1).'),('.1.3.6.1.4.1.23925.4.2.1.11.0','boostApplServerMultiprocess','CACTI-BOOST-MIB','TruthValue','DATA','Scalar','read-only','','This object returns true (1) if Boost Server should  fork a separate<br>update process for each boost request'),('.1.3.6.1.4.1.23925.4.2.1.12.0','boostApplServerHostname','CACTI-BOOST-MIB','DisplayString','DATA','Scalar','read-only','','Returns the Hostname/IP of the boost server.'),('.1.3.6.1.4.1.23925.4.2.1.13.0','boostApplServerListenPort','CACTI-BOOST-MIB','DisplayString','DATA','Scalar','read-only','','Returns the TCP port the boost server will listen on.'),('.1.3.6.1.4.1.23925.4.2.1.14.0','boostApplServerTimeOuts','CACTI-BOOST-MIB','Unsigned32','DATA','Scalar','read-only','','Defines the maximum number of seconds a client should wait on the<br>Boost server before giving up.'),('.1.3.6.1.4.1.23925.4.2.1.15.0','boostApplImageCacheEnabled','CACTI-BOOST-MIB','TruthValue','DATA','Scalar','read-only','2','If image caching has been enabled this object is set to true (1).'),('.1.3.6.1.4.1.23925.4.2.1.16.0','boostApplLoggingEnabled','CACTI-BOOST-MIB','TruthValue','DATA','Scalar','read-only','2','If Boost debug logging is enabled this object will return true (1).'),('.1.3.6.1.4.1.23925.4.2.1.17.0','boostApplStorageDatabaseEngine','CACTI-BOOST-MIB','DisplayString','DATA','Scalar','read-only','','Returns the database engine being used for the boost storage.'),('.1.3.6.1.4.1.23925.4.2.1.18.0','boostApplStorageMaxTableSize','CACTI-BOOST-MIB','Integer32','DATA','Scalar','read-only','','This object contains the maximum size in kbytes a boost memory (1) table<br>is allowed to have. If boostApplStorageDatabaseEngine is set to<br>myisam (2) the table size is unlimited and this object returns -1.'),('.1.3.6.1.4.1.23925.4.2.1.19.0','boostApplStorageMaxRecords','CACTI-BOOST-MIB','Unsigned32','DATA','Scalar','read-only','','This object contains the estimated number of records a boost memory (1)<br>table can store. If boostApplStorageDatabaseEngine is set to<br>myisam (2) the number of maximum records is unlimited and<br>this object returns 0.'),('.1.3.6.1.4.1.23925.4.2.1.2.0','boostApplRrdUpdateEnabled','CACTI-BOOST-MIB','TruthValue','DATA','Scalar','read-only','2','If Boost on demand RRD updating has been enabled this object is set<br>to true(1).'),('.1.3.6.1.4.1.23925.4.2.1.3.0','boostApplRrdUpdateInterval','CACTI-BOOST-MIB','Unsigned32','DATA','Scalar','read-only','60','If Boost has been enabled this interval determines when<br>RRDfiles will be updated automatically.'),('.1.3.6.1.4.1.23925.4.2.1.4.0','boostApplRrdUpdateMaxRecords','CACTI-BOOST-MIB','Unsigned32','DATA','Scalar','read-only','1000000','Represents the maximum size in records of the Boost output table.<br>If the boost output table exceeds this size, in records, an update<br>will take place.'),('.1.3.6.1.4.1.23925.4.2.1.5.0','boostApplRrdUpdateMaxRecordsPerSelect','CACTI-BOOST-MIB','Unsigned32','DATA','Scalar','read-only','50000','Defines the maximum number of data source items that should be<br>retrieved in one single pass.'),('.1.3.6.1.4.1.23925.4.2.1.6.0','boostApplRrdUpdateMaxStringLength','CACTI-BOOST-MIB','Unsigned32','DATA','Scalar','read-only','2000','Defines the maximum argument length Boost must not exceed for update<br>commands to RRDtool. This limit varies by operating system and kernel<br>level.'),('.1.3.6.1.4.1.23925.4.2.1.7.0','boostApplRrdUpdatePollerMemLimit','CACTI-BOOST-MIB','Unsigned32','DATA','Scalar','read-only','1024','Returns the maximum amount of memory for the Cacti Poller and<br>Boost\'s Poller.'),('.1.3.6.1.4.1.23925.4.2.1.8.0','boostApplRrdUpdateMaxRunTime','CACTI-BOOST-MIB','Unsigned32','DATA','Scalar','read-only','1200','Represents the maximum boot poller run time in seconds being allowed.'),('.1.3.6.1.4.1.23925.4.2.1.9.0','boostApplRrdUpdateRedirect','CACTI-BOOST-MIB','TruthValue','DATA','Scalar','read-only','2','If direct population of poller_output_boost table by spine has been<br>enabled this object is set to true(1). This enables direct insert of<br>records into poller output boost.'),('.1.3.6.1.4.1.23925.4.2.2','boostStats','CACTI-BOOST-MIB','','OBJECT-IDENTITY','Node','not-accessible','','reserved for boost statistics'),('.1.3.6.1.4.1.23925.4.2.2.1.0','boostStatsLastUpdate','CACTI-BOOST-MIB','Unsigned32','DATA','Scalar','read-only','','Unix timestamp when this data has been updated for the last time.'),('.1.3.6.1.4.1.23925.4.2.2.10.0','boostStatsTotalsRecords','CACTI-BOOST-MIB','Unsigned32','DATA','Scalar','read-only','','Returns the total number of records being handled by Boost.'),('.1.3.6.1.4.1.23925.4.2.2.11.0','boostStatsTotalsRecordsPending','CACTI-BOOST-MIB','Unsigned32','DATA','Scalar','read-only','','Total number of records marked as pending.'),('.1.3.6.1.4.1.23925.4.2.2.12.0','boostStatsTotalsRecordsArchived','CACTI-BOOST-MIB','Unsigned32','DATA','Scalar','read-only','','Total number of records marked as archived.'),('.1.3.6.1.4.1.23925.4.2.2.13.0','boostStatsStorageTableSize','CACTI-BOOST-MIB','Unsigned32','DATA','Scalar','read-only','','This object contains the current size of the boost memory table<br>in kBytes.'),('.1.3.6.1.4.1.23925.4.2.2.14.0','boostStatsStorageAverageRecordSize','CACTI-BOOST-MIB','Unsigned32','DATA','Scalar','read-only','','Returns the average record size of the boost memory table in bytes.'),('.1.3.6.1.4.1.23925.4.2.2.15.0','boostStatsStorageMaxRecordLength','CACTI-BOOST-MIB','Unsigned32','DATA','Scalar','read-only','','Returns size of longest record within the boost memory table<br>in bytes.'),('.1.3.6.1.4.1.23925.4.2.2.16.0','boostStatsTotalsImagesCacheSize','CACTI-BOOST-MIB','Unsigned32','DATA','Scalar','read-only','','Represents the total number of RRD image files being<br>currently cached by Boost.'),('.1.3.6.1.4.1.23925.4.2.2.17.0','boostStatsTotalsImagesCacheReads','CACTI-BOOST-MIB','Counter64','DATA','Scalar','read-only','','Number of succesful read operations.'),('.1.3.6.1.4.1.23925.4.2.2.18.0','boostStatsTotalsImagesCacheWrites','CACTI-BOOST-MIB','Counter64','DATA','Scalar','read-only','','Indicates the number of uncached read operations.'),('.1.3.6.1.4.1.23925.4.2.2.2.0','boostStatsRrdUpdateProcessStatus','CACTI-BOOST-MIB','INTEGER','DATA','Scalar','read-only','','The status the update process of Boost can have:<br>disabled(0)    - RRD update process has been disabled.<br>neverrun(1)    - RRD update process is enabled but did not run so far<br>complete(2)    - Last RRD update process has been completed<br>running(3)     - RRD update process is still running<br>overrun(4)     - Overrun detected ?     *review*<br>timeout(5)     - Time out detected ?    *review*<br>other(6)       - Undefined state        *review*'),('.1.3.6.1.4.1.23925.4.2.2.3.0','boostStatsRrdUpdateLastRun','CACTI-BOOST-MIB','DisplayString','DATA','Scalar','read-only','','Date of last run'),('.1.3.6.1.4.1.23925.4.2.2.4.0','boostStatsRrdUpdates','CACTI-BOOST-MIB','Unsigned32','DATA','Scalar','read-only','','Number of RRDs being updated.'),('.1.3.6.1.4.1.23925.4.2.2.5.0','boostStatsRrdUpdateDuration','CACTI-BOOST-MIB','DisplayString','DATA','Scalar','read-only','','Represents the duration of the last update process in seconds.'),('.1.3.6.1.4.1.23925.4.2.2.6.0','boostStatsRrdUpdateUtilization','CACTI-BOOST-MIB','DisplayString','DATA','Scalar','read-only','','The proportion of the maximum upate frequency in percent Boost requires<br>to update all rrds.'),('.1.3.6.1.4.1.23925.4.2.2.7.0','boostStatsRrdUpdatePollerPeakMemory','CACTI-BOOST-MIB','Unsigned32','DATA','Scalar','read-only','','Returns the peak of memory in bytes that has been allocated by Boost<br>during the last rrd update process.'),('.1.3.6.1.4.1.23925.4.2.2.8.0','boostStatsRrdUpdateNextRun','CACTI-BOOST-MIB','DisplayString','DATA','Scalar','read-only','','Date of next run'),('.1.3.6.1.4.1.23925.4.2.2.9.0','boostStatsTotalsDataSources','CACTI-BOOST-MIB','Unsigned32','DATA','Scalar','read-only','','Represents the total number of poller items Boost has to take care of.'),('.1.3.6.1.4.1.23925.4.2.3','boostEvents','CACTI-BOOST-MIB','','OBJECT-IDENTITY','Node','not-accessible','','reserved for boost events'),('.1.3.6.1.4.1.23925.4.2.4','boostMibGroups','CACTI-BOOST-MIB','','OBJECT-IDENTITY','Node','not-accessible','','reserved for group definitions'),('.1.3.6.1.4.1.23925.4.4','snmpagent','CACTI-SNMPAGENT-MIB','','MODULE-IDENTITY','Node','not-accessible','','Initial version of this MIB module.'),('.1.3.6.1.4.1.23925.4.4.1','snmpagentAppl','CACTI-SNMPAGENT-MIB','','OBJECT-IDENTITY','Node','not-accessible','','resevered for statistics'),('.1.3.6.1.4.1.23925.4.4.1.1.0','snmpagentApplLastUpdate','CACTI-SNMPAGENT-MIB','Unsigned32','DATA','Scalar','read-only','','Unix timestamp when this data has been updated for the last time.'),('.1.3.6.1.4.1.23925.4.4.2','snmpagentStats','CACTI-SNMPAGENT-MIB','','OBJECT-IDENTITY','Node','not-accessible','','resevered for statistics'),('.1.3.6.1.4.1.23925.4.4.2.1.0','snmpagentStatsLastUpdate','CACTI-SNMPAGENT-MIB','Unsigned32','DATA','Scalar','read-only','','Unix timestamp when this data has been updated for the last time.'),('.1.3.6.1.4.1.23925.4.4.3','snmpagentEvents','CACTI-SNMPAGENT-MIB','','OBJECT-IDENTITY','Node','not-accessible','','resevered for events'),('.1.3.6.1.4.1.23925.4.4.3.1','snmpagentEventAttributes','CACTI-SNMPAGENT-MIB','','OBJECT-IDENTITY','Node','not-accessible','','resevered for event attributes, used as varbind for the SMNP notifications'),('.1.3.6.1.4.1.23925.4.4.3.1.1.0','snmpagentEventDescription','CACTI-SNMPAGENT-MIB','DisplayString','DATA','Scalar','accessible-for-notify','','Contains a customized event description.'),('.1.3.6.1.4.1.23925.4.4.3.2','snmpagentEventNotifications','CACTI-SNMPAGENT-MIB','','OBJECT-IDENTITY','Node','not-accessible','','resevered for event notifications'),('.1.3.6.1.4.1.23925.4.4.3.2.1','snmpagentNotificationTest','CACTI-SNMPAGENT-MIB','','NOTIFICATION-TYPE','Notification','not-accessible','','This SNMP notification will only include varbind snmpagentEventDescription<br>and can be used to verify the configuration of SNMP managers.'),('.1.3.6.1.4.1.23925.4.4.4','snmpagentMibGroups','CACTI-SNMPAGENT-MIB','','OBJECT-IDENTITY','Node','not-accessible','','resevered for group definitions'),('.1.3.6.1.4.1.23925.4.4.4.1','snmpagentEventGroup','CACTI-SNMPAGENT-MIB','','OBJECT-GROUP','Group','not-accessible','','A collection of objects providing the SNMPAgent event<br>attributes.'),('.1.3.6.1.4.1.23925.4.4.4.2','snmpagentNotifyGroup','CACTI-SNMPAGENT-MIB','','NOTIFICATION-GROUP','Group','not-accessible','','The group of notifications SNMPAgent offers.'),('.1.3.6.1.4.1.23925.5','cactiMibGroups','CACTI-MIB','','OBJECT-IDENTITY','Node','not-accessible','','reserved for group definitions'),('.1.3.6.1.4.1.23925.5.1','cactiApplPollerGroup','CACTI-MIB','','OBJECT-GROUP','Group','not-accessible','','A collection of poller settings.'),('.1.3.6.1.4.1.23925.5.2','cactiApplSpineGroup','CACTI-MIB','','OBJECT-GROUP','Group','not-accessible','','A collection of Spine specific parameters.'),('.1.3.6.1.4.1.23925.5.3','cactiStatsTotalsDeviceGroup','CACTI-MIB','','OBJECT-GROUP','Group','not-accessible','','A collection of Spine specific parameters.'),('.1.3.6.1.4.1.23925.5.4','cactiNotifyGroup','CACTI-MIB','','NOTIFICATION-GROUP','Group','not-accessible','','The group of notifications Cacti supports.');
/*!40000 ALTER TABLE `snmpagent_cache` ENABLE KEYS */;
UNLOCK TABLES;

--
-- Table structure for table `snmpagent_cache_notifications`
--

DROP TABLE IF EXISTS `snmpagent_cache_notifications`;
/*!40101 SET @saved_cs_client     = @@character_set_client */;
/*!40101 SET character_set_client = utf8 */;
CREATE TABLE `snmpagent_cache_notifications` (
  `name` varchar(50) COLLATE utf8mb4_unicode_ci NOT NULL,
  `mib` varchar(50) COLLATE utf8mb4_unicode_ci NOT NULL,
  `attribute` varchar(50) COLLATE utf8mb4_unicode_ci NOT NULL,
  `sequence_id` smallint(6) NOT NULL,
  PRIMARY KEY (`name`,`mib`,`attribute`,`sequence_id`),
  KEY `name` (`name`)
) ENGINE=InnoDB DEFAULT CHARSET=utf8mb4 COLLATE=utf8mb4_unicode_ci ROW_FORMAT=DYNAMIC COMMENT='Notifcations and related attributes';
/*!40101 SET character_set_client = @saved_cs_client */;

--
-- Dumping data for table `snmpagent_cache_notifications`
--

LOCK TABLES `snmpagent_cache_notifications` WRITE;
/*!40000 ALTER TABLE `snmpagent_cache_notifications` DISABLE KEYS */;
INSERT INTO `snmpagent_cache_notifications` VALUES ('cactiNotify','CACTI-MIB','cactiEventDescription',0),('cactiNotifyDeviceDown','CACTI-MIB','cactiApplDeviceDescription',2),('cactiNotifyDeviceDown','CACTI-MIB','cactiApplDeviceHostname',4),('cactiNotifyDeviceDown','CACTI-MIB','cactiApplDeviceIndex',0),('cactiNotifyDeviceDown','CACTI-MIB','cactiApplDeviceLastError',6),('cactiNotifyDeviceFailedPoll','CACTI-MIB','cactiApplDeviceDescription',2),('cactiNotifyDeviceFailedPoll','CACTI-MIB','cactiApplDeviceHostname',4),('cactiNotifyDeviceFailedPoll','CACTI-MIB','cactiApplDeviceIndex',0),('cactiNotifyDeviceFailedPoll','CACTI-MIB','cactiApplDeviceLastError',6),('cactiNotifyDeviceRecovering','CACTI-MIB','cactiApplDeviceDescription',2),('cactiNotifyDeviceRecovering','CACTI-MIB','cactiApplDeviceHostname',4),('cactiNotifyDeviceRecovering','CACTI-MIB','cactiApplDeviceIndex',0),('cactiNotifyDeviceRecovering','CACTI-MIB','cactiApplDeviceLastError',6),('cactiNotifyPollerRuntimeExceeding','CACTI-MIB','cactiApplPollerHostname',2),('cactiNotifyPollerRuntimeExceeding','CACTI-MIB','cactiApplPollerIndex',0),('cactiNotifyPollerRuntimeExceeding','CACTI-MIB','cactiApplPollerIpAddress',4),('snmpagentNotificationTest','CACTI-SNMPAGENT-MIB','snmpagentEventDescription',0);
/*!40000 ALTER TABLE `snmpagent_cache_notifications` ENABLE KEYS */;
UNLOCK TABLES;

--
-- Table structure for table `snmpagent_cache_textual_conventions`
--

DROP TABLE IF EXISTS `snmpagent_cache_textual_conventions`;
/*!40101 SET @saved_cs_client     = @@character_set_client */;
/*!40101 SET character_set_client = utf8 */;
CREATE TABLE `snmpagent_cache_textual_conventions` (
  `name` varchar(50) COLLATE utf8mb4_unicode_ci NOT NULL,
  `mib` varchar(50) COLLATE utf8mb4_unicode_ci NOT NULL,
  `type` varchar(50) COLLATE utf8mb4_unicode_ci NOT NULL DEFAULT '',
  `description` varchar(5000) COLLATE utf8mb4_unicode_ci NOT NULL DEFAULT '',
  PRIMARY KEY (`name`,`mib`,`type`),
  KEY `name` (`name`),
  KEY `mib` (`mib`)
) ENGINE=InnoDB DEFAULT CHARSET=utf8mb4 COLLATE=utf8mb4_unicode_ci ROW_FORMAT=DYNAMIC COMMENT='Textual conventions';
/*!40101 SET character_set_client = @saved_cs_client */;

--
-- Dumping data for table `snmpagent_cache_textual_conventions`
--

LOCK TABLES `snmpagent_cache_textual_conventions` WRITE;
/*!40000 ALTER TABLE `snmpagent_cache_textual_conventions` DISABLE KEYS */;
INSERT INTO `snmpagent_cache_textual_conventions` VALUES ('TcCactiApplPollerType','CACTI-MIB','INTEGER','Poller types:<br />\r\n<br />\r\ncmd         - php based poller<br />\r\nspine       - high performance C-based polling engine<br />\r\n'),('TcCactiApplSnmpVersion','CACTI-MIB','INTEGER','The type of SNMP being used:<br />\r\n<br />\r\nNET-SNMP<br />\r\nUCD-SNMP<br />\r\nPHP-SNMP<br />\r\n');
/*!40000 ALTER TABLE `snmpagent_cache_textual_conventions` ENABLE KEYS */;
UNLOCK TABLES;

--
-- Table structure for table `snmpagent_managers`
--

DROP TABLE IF EXISTS `snmpagent_managers`;
/*!40101 SET @saved_cs_client     = @@character_set_client */;
/*!40101 SET character_set_client = utf8 */;
CREATE TABLE `snmpagent_managers` (
  `id` int(8) NOT NULL AUTO_INCREMENT,
  `hostname` varchar(100) COLLATE utf8mb4_unicode_ci NOT NULL,
  `description` varchar(255) COLLATE utf8mb4_unicode_ci NOT NULL,
  `disabled` char(2) COLLATE utf8mb4_unicode_ci DEFAULT NULL,
  `max_log_size` tinyint(1) NOT NULL,
  `snmp_version` tinyint(1) unsigned NOT NULL DEFAULT 1,
  `snmp_community` varchar(100) COLLATE utf8mb4_unicode_ci NOT NULL DEFAULT '',
  `snmp_username` varchar(50) COLLATE utf8mb4_unicode_ci NOT NULL,
  `snmp_password` varchar(50) COLLATE utf8mb4_unicode_ci NOT NULL,
  `snmp_auth_protocol` char(6) COLLATE utf8mb4_unicode_ci NOT NULL,
  `snmp_priv_passphrase` varchar(200) COLLATE utf8mb4_unicode_ci NOT NULL,
  `snmp_priv_protocol` char(6) COLLATE utf8mb4_unicode_ci NOT NULL,
  `snmp_engine_id` varchar(64) COLLATE utf8mb4_unicode_ci DEFAULT NULL,
  `snmp_port` mediumint(5) unsigned NOT NULL DEFAULT 161,
  `snmp_message_type` tinyint(1) NOT NULL,
  `notes` text COLLATE utf8mb4_unicode_ci DEFAULT NULL,
  PRIMARY KEY (`id`),
  KEY `hostname` (`hostname`)
) ENGINE=InnoDB DEFAULT CHARSET=utf8mb4 COLLATE=utf8mb4_unicode_ci ROW_FORMAT=DYNAMIC COMMENT='snmp notification receivers';
/*!40101 SET character_set_client = @saved_cs_client */;

--
-- Dumping data for table `snmpagent_managers`
--

LOCK TABLES `snmpagent_managers` WRITE;
/*!40000 ALTER TABLE `snmpagent_managers` DISABLE KEYS */;
/*!40000 ALTER TABLE `snmpagent_managers` ENABLE KEYS */;
UNLOCK TABLES;

--
-- Table structure for table `snmpagent_managers_notifications`
--

DROP TABLE IF EXISTS `snmpagent_managers_notifications`;
/*!40101 SET @saved_cs_client     = @@character_set_client */;
/*!40101 SET character_set_client = utf8 */;
CREATE TABLE `snmpagent_managers_notifications` (
  `manager_id` int(8) NOT NULL,
  `notification` varchar(50) COLLATE utf8mb4_unicode_ci NOT NULL,
  `mib` varchar(50) COLLATE utf8mb4_unicode_ci NOT NULL,
  PRIMARY KEY (`manager_id`,`notification`,`mib`),
  KEY `mib` (`mib`),
  KEY `manager_id_notification` (`manager_id`,`notification`)
) ENGINE=InnoDB DEFAULT CHARSET=utf8mb4 COLLATE=utf8mb4_unicode_ci ROW_FORMAT=DYNAMIC COMMENT='snmp notifications to receivers';
/*!40101 SET character_set_client = @saved_cs_client */;

--
-- Dumping data for table `snmpagent_managers_notifications`
--

LOCK TABLES `snmpagent_managers_notifications` WRITE;
/*!40000 ALTER TABLE `snmpagent_managers_notifications` DISABLE KEYS */;
/*!40000 ALTER TABLE `snmpagent_managers_notifications` ENABLE KEYS */;
UNLOCK TABLES;

--
-- Table structure for table `snmpagent_mibs`
--

DROP TABLE IF EXISTS `snmpagent_mibs`;
/*!40101 SET @saved_cs_client     = @@character_set_client */;
/*!40101 SET character_set_client = utf8 */;
CREATE TABLE `snmpagent_mibs` (
  `id` int(8) NOT NULL AUTO_INCREMENT,
  `name` varchar(50) COLLATE utf8mb4_unicode_ci NOT NULL DEFAULT '',
  `file` varchar(255) COLLATE utf8mb4_unicode_ci NOT NULL DEFAULT '',
  PRIMARY KEY (`id`)
) ENGINE=InnoDB AUTO_INCREMENT=4 DEFAULT CHARSET=utf8mb4 COLLATE=utf8mb4_unicode_ci ROW_FORMAT=DYNAMIC COMMENT='Registered MIB files';
/*!40101 SET character_set_client = @saved_cs_client */;

--
-- Dumping data for table `snmpagent_mibs`
--

LOCK TABLES `snmpagent_mibs` WRITE;
/*!40000 ALTER TABLE `snmpagent_mibs` DISABLE KEYS */;
INSERT INTO `snmpagent_mibs` VALUES (1,'CACTI-MIB','/usr/share/cacti/mibs/CACTI-MIB'),(2,'CACTI-SNMPAGENT-MIB','/usr/share/cacti/mibs/CACTI-SNMPAGENT-MIB'),(3,'CACTI-BOOST-MIB','/usr/share/cacti/mibs/CACTI-BOOST-MIB');
/*!40000 ALTER TABLE `snmpagent_mibs` ENABLE KEYS */;
UNLOCK TABLES;

--
-- Table structure for table `snmpagent_notifications_log`
--

DROP TABLE IF EXISTS `snmpagent_notifications_log`;
/*!40101 SET @saved_cs_client     = @@character_set_client */;
/*!40101 SET character_set_client = utf8 */;
CREATE TABLE `snmpagent_notifications_log` (
  `id` int(12) NOT NULL AUTO_INCREMENT,
  `time` int(24) NOT NULL,
  `severity` tinyint(1) NOT NULL,
  `manager_id` int(8) NOT NULL,
  `notification` varchar(190) COLLATE utf8mb4_unicode_ci NOT NULL,
  `mib` varchar(50) COLLATE utf8mb4_unicode_ci NOT NULL,
  `varbinds` varchar(5000) COLLATE utf8mb4_unicode_ci NOT NULL,
  PRIMARY KEY (`id`),
  KEY `time` (`time`),
  KEY `severity` (`severity`),
  KEY `manager_id_notification` (`manager_id`,`notification`)
) ENGINE=InnoDB DEFAULT CHARSET=utf8mb4 COLLATE=utf8mb4_unicode_ci ROW_FORMAT=DYNAMIC COMMENT='logs snmp notifications to receivers';
/*!40101 SET character_set_client = @saved_cs_client */;

--
-- Dumping data for table `snmpagent_notifications_log`
--

LOCK TABLES `snmpagent_notifications_log` WRITE;
/*!40000 ALTER TABLE `snmpagent_notifications_log` DISABLE KEYS */;
/*!40000 ALTER TABLE `snmpagent_notifications_log` ENABLE KEYS */;
UNLOCK TABLES;

--
-- Table structure for table `user_auth`
--

DROP TABLE IF EXISTS `user_auth`;
/*!40101 SET @saved_cs_client     = @@character_set_client */;
/*!40101 SET character_set_client = utf8 */;
CREATE TABLE `user_auth` (
  `id` mediumint(8) unsigned NOT NULL AUTO_INCREMENT,
  `username` varchar(50) COLLATE utf8mb4_unicode_ci NOT NULL DEFAULT '0',
  `password` varchar(256) COLLATE utf8mb4_unicode_ci NOT NULL DEFAULT '',
  `realm` mediumint(8) NOT NULL DEFAULT 0,
  `full_name` varchar(100) COLLATE utf8mb4_unicode_ci DEFAULT '0',
  `email_address` varchar(128) COLLATE utf8mb4_unicode_ci DEFAULT NULL,
  `must_change_password` char(2) COLLATE utf8mb4_unicode_ci DEFAULT NULL,
  `password_change` char(2) COLLATE utf8mb4_unicode_ci DEFAULT 'on',
  `show_tree` char(2) COLLATE utf8mb4_unicode_ci DEFAULT 'on',
  `show_list` char(2) COLLATE utf8mb4_unicode_ci DEFAULT 'on',
  `show_preview` char(2) COLLATE utf8mb4_unicode_ci NOT NULL DEFAULT 'on',
  `graph_settings` char(2) COLLATE utf8mb4_unicode_ci DEFAULT NULL,
  `login_opts` tinyint(1) NOT NULL DEFAULT 1,
  `policy_graphs` tinyint(1) unsigned NOT NULL DEFAULT 1,
  `policy_trees` tinyint(1) unsigned NOT NULL DEFAULT 1,
  `policy_hosts` tinyint(1) unsigned NOT NULL DEFAULT 1,
  `policy_graph_templates` tinyint(1) unsigned NOT NULL DEFAULT 1,
  `enabled` char(2) COLLATE utf8mb4_unicode_ci NOT NULL DEFAULT 'on',
  `lastchange` int(12) NOT NULL DEFAULT -1,
  `lastlogin` int(12) NOT NULL DEFAULT -1,
  `password_history` varchar(4096) COLLATE utf8mb4_unicode_ci NOT NULL DEFAULT '-1',
  `locked` varchar(3) COLLATE utf8mb4_unicode_ci NOT NULL DEFAULT '',
  `failed_attempts` int(5) NOT NULL DEFAULT 0,
  `lastfail` int(12) NOT NULL DEFAULT 0,
  `reset_perms` int(12) unsigned NOT NULL DEFAULT 0,
  PRIMARY KEY (`id`),
  KEY `username` (`username`),
  KEY `realm` (`realm`),
  KEY `enabled` (`enabled`)
) ENGINE=InnoDB AUTO_INCREMENT=4 DEFAULT CHARSET=utf8mb4 COLLATE=utf8mb4_unicode_ci ROW_FORMAT=DYNAMIC;
/*!40101 SET character_set_client = @saved_cs_client */;

--
-- Dumping data for table `user_auth`
--

LOCK TABLES `user_auth` WRITE;
/*!40000 ALTER TABLE `user_auth` DISABLE KEYS */;
INSERT INTO `user_auth` VALUES (1,'admin','$2y$10$p6o.2azOVXRGsTUnqzphZekuFRFtaWkGx9EKxcTNbmZXqoLC5ssU6',0,'Administrator','','','on','on','on','on','on',2,1,1,1,1,'on',-1,-1,'-1','',0,0,3708231279),(3,'guest','43e9a4ab75570f5b',0,'Guest Account','','on','on','on','on','on','3',1,1,1,1,1,'',-1,-1,'-1','',0,0,0);
/*!40000 ALTER TABLE `user_auth` ENABLE KEYS */;
UNLOCK TABLES;

--
-- Table structure for table `user_auth_cache`
--

DROP TABLE IF EXISTS `user_auth_cache`;
/*!40101 SET @saved_cs_client     = @@character_set_client */;
/*!40101 SET character_set_client = utf8 */;
CREATE TABLE `user_auth_cache` (
  `id` int(10) unsigned NOT NULL AUTO_INCREMENT,
  `user_id` int(10) unsigned NOT NULL DEFAULT 0,
  `hostname` varchar(100) COLLATE utf8mb4_unicode_ci NOT NULL DEFAULT '',
  `last_update` timestamp NOT NULL DEFAULT current_timestamp(),
  `token` varchar(191) COLLATE utf8mb4_unicode_ci NOT NULL DEFAULT '',
  PRIMARY KEY (`id`),
  UNIQUE KEY `tokenkey` (`token`),
  KEY `hostname` (`hostname`),
  KEY `user_id` (`user_id`),
  KEY `last_update` (`last_update`)
) ENGINE=InnoDB AUTO_INCREMENT=28 DEFAULT CHARSET=utf8mb4 COLLATE=utf8mb4_unicode_ci ROW_FORMAT=DYNAMIC COMMENT='Caches Remember Me Details';
/*!40101 SET character_set_client = @saved_cs_client */;

--
-- Dumping data for table `user_auth_cache`
--

LOCK TABLES `user_auth_cache` WRITE;
/*!40000 ALTER TABLE `user_auth_cache` DISABLE KEYS */;
INSERT INTO `user_auth_cache` VALUES (3,1,'172.21.0.1','2020-05-09 09:42:01','8facd9514c9b37d618de22e270f4bcb16886571f0d6620d85a130051aadc83d7a7a844ffe3db07f338c721d8a51ed031979fd0c90dbdbca6027f32644404c339'),(4,1,'172.21.0.1','2020-05-09 09:42:16','f9d57eefebdd9e03c537317aa321cbc8fe2d8bf0dfcb98a195751c4284b6e46a492ebc1f89ab120c76dcbbb9a26434df4f2ba68b3b8f013ed05c6b8166cce80c'),(6,1,'172.21.0.1','2020-05-09 10:10:47','209dd45db0adc26ddf3f4dae9a1013437da9ea322fc84be2ccb1228f328847486a8160c2f312aad9375819a79c696b3a97d34216d004e1376ae686e4a12ff269'),(7,1,'172.21.0.1','2020-05-09 10:11:11','c094cc078e075acc63dd189fb2bbead44d55f333afa58d61faa529d432910d34423b62573d9d130345f62cb9915e61988abff895ad32d7d84e199314dd76d1e8'),(8,1,'172.21.0.1','2020-05-09 10:11:22','a8ccfe0fab27d75ebd19f09ff1118c4bc71471f01fc95d22d1e7c39c881dd7871dca349cd3b5f38e9cafb5673a544d80b5d14e80c8c87d994f092105deefae5e'),(9,1,'172.21.0.1','2020-05-09 10:11:56','3a0200553482f0b9084c48e1d8ba02adfb4ddb8e6daa90d038f15ee3d8a192e2e560109ad54f45c0d923880eb5f3abd835815b86b2638a4ad965e05f86fd4436'),(13,1,'172.21.0.1','2020-05-09 10:54:34','3007e7b4795befa250bab6f88832800911447125e15802296726fc7c3bcfd033fd468f8855948b7ab30a3574879dc8116190f2a8d69b6060c33110b450effd82'),(15,1,'172.21.0.1','2020-05-10 01:34:23','921806d5519f6d5b8d52c86c444d1f9e3367449bf24e16ac6057580d42d6af7392a5a36729643de8f2a9233ec0cd488fcb0bab31ff8f02ed4a2a2c8643b564ba'),(16,1,'172.21.0.1','2020-05-10 01:51:30','db8a06c4d5af6b5f02f7f8c137c23dae363570c8d18574059b745c839bf499d71ec9d0eb0d683d49a3e5dff2c0693b20633db6ad01faa34dbdb758e79f7333fb'),(21,1,'172.21.0.1','2020-05-11 00:10:16','6f0cdeeca09ea24be142b3b7803cdd72f34669b0c2be965ffd6a4acc104333c669d4835dd7b87b7574cecc7f5c165c86c3e6926bc4ae752ebfb2dd8dfbd5c6da'),(27,1,'172.21.0.1','2020-05-15 14:52:10','48660ae926d4d904ea9c528238e17e3839ba86f36820d8300c10bf743a9ceaea503c527fa54638afaaedf5ce6d4969040d4090df89384ae24dac2fcf7117032b');
/*!40000 ALTER TABLE `user_auth_cache` ENABLE KEYS */;
UNLOCK TABLES;

--
-- Table structure for table `user_auth_group`
--

DROP TABLE IF EXISTS `user_auth_group`;
/*!40101 SET @saved_cs_client     = @@character_set_client */;
/*!40101 SET character_set_client = utf8 */;
CREATE TABLE `user_auth_group` (
  `id` int(10) unsigned NOT NULL AUTO_INCREMENT,
  `name` varchar(20) COLLATE utf8mb4_unicode_ci NOT NULL,
  `description` varchar(255) COLLATE utf8mb4_unicode_ci NOT NULL DEFAULT '',
  `graph_settings` varchar(2) COLLATE utf8mb4_unicode_ci DEFAULT NULL,
  `login_opts` tinyint(1) NOT NULL DEFAULT 1,
  `show_tree` varchar(2) COLLATE utf8mb4_unicode_ci DEFAULT 'on',
  `show_list` varchar(2) COLLATE utf8mb4_unicode_ci DEFAULT 'on',
  `show_preview` varchar(2) COLLATE utf8mb4_unicode_ci NOT NULL DEFAULT 'on',
  `policy_graphs` tinyint(1) unsigned NOT NULL DEFAULT 1,
  `policy_trees` tinyint(1) unsigned NOT NULL DEFAULT 1,
  `policy_hosts` tinyint(1) unsigned NOT NULL DEFAULT 1,
  `policy_graph_templates` tinyint(1) unsigned NOT NULL DEFAULT 1,
  `enabled` char(2) COLLATE utf8mb4_unicode_ci NOT NULL DEFAULT 'on',
  PRIMARY KEY (`id`)
) ENGINE=InnoDB DEFAULT CHARSET=utf8mb4 COLLATE=utf8mb4_unicode_ci ROW_FORMAT=DYNAMIC COMMENT='Table that Contains User Groups';
/*!40101 SET character_set_client = @saved_cs_client */;

--
-- Dumping data for table `user_auth_group`
--

LOCK TABLES `user_auth_group` WRITE;
/*!40000 ALTER TABLE `user_auth_group` DISABLE KEYS */;
/*!40000 ALTER TABLE `user_auth_group` ENABLE KEYS */;
UNLOCK TABLES;

--
-- Table structure for table `user_auth_group_members`
--

DROP TABLE IF EXISTS `user_auth_group_members`;
/*!40101 SET @saved_cs_client     = @@character_set_client */;
/*!40101 SET character_set_client = utf8 */;
CREATE TABLE `user_auth_group_members` (
  `group_id` int(10) unsigned NOT NULL,
  `user_id` int(10) unsigned NOT NULL,
  PRIMARY KEY (`group_id`,`user_id`),
  KEY `realm_id` (`user_id`)
) ENGINE=InnoDB DEFAULT CHARSET=utf8mb4 COLLATE=utf8mb4_unicode_ci ROW_FORMAT=DYNAMIC COMMENT='Table that Contains User Group Members';
/*!40101 SET character_set_client = @saved_cs_client */;

--
-- Dumping data for table `user_auth_group_members`
--

LOCK TABLES `user_auth_group_members` WRITE;
/*!40000 ALTER TABLE `user_auth_group_members` DISABLE KEYS */;
/*!40000 ALTER TABLE `user_auth_group_members` ENABLE KEYS */;
UNLOCK TABLES;

--
-- Table structure for table `user_auth_group_perms`
--

DROP TABLE IF EXISTS `user_auth_group_perms`;
/*!40101 SET @saved_cs_client     = @@character_set_client */;
/*!40101 SET character_set_client = utf8 */;
CREATE TABLE `user_auth_group_perms` (
  `group_id` mediumint(8) unsigned NOT NULL DEFAULT 0,
  `item_id` mediumint(8) unsigned NOT NULL DEFAULT 0,
  `type` tinyint(2) unsigned NOT NULL DEFAULT 0,
  PRIMARY KEY (`group_id`,`item_id`,`type`),
  KEY `group_id` (`group_id`,`type`)
) ENGINE=InnoDB DEFAULT CHARSET=utf8mb4 COLLATE=utf8mb4_unicode_ci ROW_FORMAT=DYNAMIC COMMENT='Table that Contains User Group Permissions';
/*!40101 SET character_set_client = @saved_cs_client */;

--
-- Dumping data for table `user_auth_group_perms`
--

LOCK TABLES `user_auth_group_perms` WRITE;
/*!40000 ALTER TABLE `user_auth_group_perms` DISABLE KEYS */;
/*!40000 ALTER TABLE `user_auth_group_perms` ENABLE KEYS */;
UNLOCK TABLES;

--
-- Table structure for table `user_auth_group_realm`
--

DROP TABLE IF EXISTS `user_auth_group_realm`;
/*!40101 SET @saved_cs_client     = @@character_set_client */;
/*!40101 SET character_set_client = utf8 */;
CREATE TABLE `user_auth_group_realm` (
  `group_id` int(10) unsigned NOT NULL,
  `realm_id` int(10) unsigned NOT NULL,
  PRIMARY KEY (`group_id`,`realm_id`),
  KEY `realm_id` (`realm_id`)
) ENGINE=InnoDB DEFAULT CHARSET=utf8mb4 COLLATE=utf8mb4_unicode_ci ROW_FORMAT=DYNAMIC COMMENT='Table that Contains User Group Realm Permissions';
/*!40101 SET character_set_client = @saved_cs_client */;

--
-- Dumping data for table `user_auth_group_realm`
--

LOCK TABLES `user_auth_group_realm` WRITE;
/*!40000 ALTER TABLE `user_auth_group_realm` DISABLE KEYS */;
/*!40000 ALTER TABLE `user_auth_group_realm` ENABLE KEYS */;
UNLOCK TABLES;

--
-- Table structure for table `user_auth_perms`
--

DROP TABLE IF EXISTS `user_auth_perms`;
/*!40101 SET @saved_cs_client     = @@character_set_client */;
/*!40101 SET character_set_client = utf8 */;
CREATE TABLE `user_auth_perms` (
  `user_id` mediumint(8) unsigned NOT NULL DEFAULT 0,
  `item_id` mediumint(8) unsigned NOT NULL DEFAULT 0,
  `type` tinyint(2) unsigned NOT NULL DEFAULT 0,
  PRIMARY KEY (`user_id`,`item_id`,`type`),
  KEY `user_id` (`user_id`,`type`)
) ENGINE=InnoDB DEFAULT CHARSET=utf8mb4 COLLATE=utf8mb4_unicode_ci ROW_FORMAT=DYNAMIC;
/*!40101 SET character_set_client = @saved_cs_client */;

--
-- Dumping data for table `user_auth_perms`
--

LOCK TABLES `user_auth_perms` WRITE;
/*!40000 ALTER TABLE `user_auth_perms` DISABLE KEYS */;
/*!40000 ALTER TABLE `user_auth_perms` ENABLE KEYS */;
UNLOCK TABLES;

--
-- Table structure for table `user_auth_realm`
--

DROP TABLE IF EXISTS `user_auth_realm`;
/*!40101 SET @saved_cs_client     = @@character_set_client */;
/*!40101 SET character_set_client = utf8 */;
CREATE TABLE `user_auth_realm` (
  `realm_id` mediumint(8) unsigned NOT NULL DEFAULT 0,
  `user_id` mediumint(8) unsigned NOT NULL DEFAULT 0,
  PRIMARY KEY (`realm_id`,`user_id`),
  KEY `user_id` (`user_id`)
) ENGINE=InnoDB DEFAULT CHARSET=utf8mb4 COLLATE=utf8mb4_unicode_ci ROW_FORMAT=DYNAMIC;
/*!40101 SET character_set_client = @saved_cs_client */;

--
-- Dumping data for table `user_auth_realm`
--

LOCK TABLES `user_auth_realm` WRITE;
/*!40000 ALTER TABLE `user_auth_realm` DISABLE KEYS */;
INSERT INTO `user_auth_realm` VALUES (1,1),(2,1),(3,1),(4,1),(5,1),(7,1),(7,3),(8,1),(9,1),(10,1),(11,1),(12,1),(13,1),(14,1),(15,1),(16,1),(17,1),(18,1),(19,1),(20,1),(21,1),(22,1),(23,1),(24,1),(25,1),(26,1),(101,1),(117,1),(120,1),(121,1),(1043,1);
/*!40000 ALTER TABLE `user_auth_realm` ENABLE KEYS */;
UNLOCK TABLES;

--
-- Table structure for table `user_domains`
--

DROP TABLE IF EXISTS `user_domains`;
/*!40101 SET @saved_cs_client     = @@character_set_client */;
/*!40101 SET character_set_client = utf8 */;
CREATE TABLE `user_domains` (
  `domain_id` int(10) unsigned NOT NULL AUTO_INCREMENT,
  `domain_name` varchar(20) COLLATE utf8mb4_unicode_ci NOT NULL,
  `type` int(10) unsigned NOT NULL DEFAULT 0,
  `enabled` char(2) COLLATE utf8mb4_unicode_ci NOT NULL DEFAULT 'on',
  `defdomain` tinyint(3) NOT NULL DEFAULT 0,
  `user_id` int(10) unsigned NOT NULL DEFAULT 0,
  PRIMARY KEY (`domain_id`)
) ENGINE=InnoDB DEFAULT CHARSET=utf8mb4 COLLATE=utf8mb4_unicode_ci ROW_FORMAT=DYNAMIC COMMENT='Table to Hold Login Domains';
/*!40101 SET character_set_client = @saved_cs_client */;

--
-- Dumping data for table `user_domains`
--

LOCK TABLES `user_domains` WRITE;
/*!40000 ALTER TABLE `user_domains` DISABLE KEYS */;
/*!40000 ALTER TABLE `user_domains` ENABLE KEYS */;
UNLOCK TABLES;

--
-- Table structure for table `user_domains_ldap`
--

DROP TABLE IF EXISTS `user_domains_ldap`;
/*!40101 SET @saved_cs_client     = @@character_set_client */;
/*!40101 SET character_set_client = utf8 */;
CREATE TABLE `user_domains_ldap` (
  `domain_id` int(10) unsigned NOT NULL,
  `server` varchar(128) COLLATE utf8mb4_unicode_ci NOT NULL,
  `port` int(10) unsigned NOT NULL,
  `port_ssl` int(10) unsigned NOT NULL,
  `proto_version` tinyint(3) unsigned NOT NULL,
  `encryption` tinyint(3) unsigned NOT NULL,
  `referrals` tinyint(3) unsigned NOT NULL,
  `mode` tinyint(3) unsigned NOT NULL,
  `dn` varchar(128) COLLATE utf8mb4_unicode_ci NOT NULL,
  `group_require` char(2) COLLATE utf8mb4_unicode_ci NOT NULL,
  `group_dn` varchar(128) COLLATE utf8mb4_unicode_ci NOT NULL,
  `group_attrib` varchar(128) COLLATE utf8mb4_unicode_ci NOT NULL,
  `group_member_type` tinyint(3) unsigned NOT NULL,
  `search_base` varchar(128) COLLATE utf8mb4_unicode_ci NOT NULL,
  `search_filter` varchar(128) COLLATE utf8mb4_unicode_ci NOT NULL,
  `specific_dn` varchar(128) COLLATE utf8mb4_unicode_ci NOT NULL,
  `specific_password` varchar(128) COLLATE utf8mb4_unicode_ci NOT NULL,
  `cn_full_name` varchar(50) COLLATE utf8mb4_unicode_ci DEFAULT '',
  `cn_email` varchar(50) COLLATE utf8mb4_unicode_ci DEFAULT '',
  PRIMARY KEY (`domain_id`)
) ENGINE=InnoDB DEFAULT CHARSET=utf8mb4 COLLATE=utf8mb4_unicode_ci ROW_FORMAT=DYNAMIC COMMENT='Table to Hold Login Domains for LDAP';
/*!40101 SET character_set_client = @saved_cs_client */;

--
-- Dumping data for table `user_domains_ldap`
--

LOCK TABLES `user_domains_ldap` WRITE;
/*!40000 ALTER TABLE `user_domains_ldap` DISABLE KEYS */;
/*!40000 ALTER TABLE `user_domains_ldap` ENABLE KEYS */;
UNLOCK TABLES;

--
-- Table structure for table `user_log`
--

DROP TABLE IF EXISTS `user_log`;
/*!40101 SET @saved_cs_client     = @@character_set_client */;
/*!40101 SET character_set_client = utf8 */;
CREATE TABLE `user_log` (
  `username` varchar(50) COLLATE utf8mb4_unicode_ci NOT NULL DEFAULT '0',
  `user_id` mediumint(8) NOT NULL DEFAULT 0,
  `time` timestamp NOT NULL DEFAULT '0000-00-00 00:00:00',
  `result` tinyint(1) NOT NULL DEFAULT 0,
  `ip` varchar(40) COLLATE utf8mb4_unicode_ci NOT NULL DEFAULT '',
  PRIMARY KEY (`username`,`user_id`,`time`),
  KEY `user_id` (`user_id`)
) ENGINE=InnoDB DEFAULT CHARSET=utf8mb4 COLLATE=utf8mb4_unicode_ci ROW_FORMAT=DYNAMIC;
/*!40101 SET character_set_client = @saved_cs_client */;

--
-- Dumping data for table `user_log`
--

LOCK TABLES `user_log` WRITE;
/*!40000 ALTER TABLE `user_log` DISABLE KEYS */;
INSERT INTO `user_log` VALUES ('admin',0,'2020-05-09 08:41:33',3,'172.21.0.1'),('admin',1,'2020-05-09 08:41:23',1,'172.21.0.1'),('admin',1,'2020-05-09 09:10:08',1,'172.21.0.1'),('admin',1,'2020-05-09 09:10:38',1,'172.21.0.1'),('admin',1,'2020-05-09 09:41:50',1,'172.21.0.1'),('admin',1,'2020-05-09 09:41:56',0,'172.21.0.1'),('admin',1,'2020-05-09 09:42:01',1,'172.21.0.1'),('admin',1,'2020-05-09 09:42:06',0,'172.21.0.1'),('admin',1,'2020-05-09 09:42:16',1,'172.21.0.1'),('admin',1,'2020-05-09 09:42:41',1,'172.21.0.1'),('admin',1,'2020-05-09 09:43:10',1,'172.21.0.1'),('admin',1,'2020-05-09 10:10:08',1,'172.21.0.1'),('admin',1,'2020-05-09 10:10:47',1,'172.21.0.1'),('admin',1,'2020-05-09 10:11:11',1,'172.21.0.1'),('admin',1,'2020-05-09 10:11:22',1,'172.21.0.1'),('admin',1,'2020-05-09 10:11:56',1,'172.21.0.1'),('admin',1,'2020-05-09 10:16:47',1,'172.21.0.1'),('admin',1,'2020-05-09 10:34:38',1,'172.21.0.1'),('admin',1,'2020-05-09 10:38:09',1,'172.21.0.1'),('admin',1,'2020-05-09 10:47:41',1,'172.21.0.1'),('admin',1,'2020-05-09 10:54:34',1,'172.21.0.1'),('admin',1,'2020-05-09 10:55:51',1,'172.21.0.1'),('admin',1,'2020-05-10 01:34:23',2,'172.21.0.1'),('admin',1,'2020-05-10 01:51:30',1,'172.21.0.1'),('admin',1,'2020-05-10 02:05:33',1,'172.21.0.1'),('admin',1,'2020-05-10 03:57:37',2,'172.21.0.1'),('admin',1,'2020-05-10 03:58:17',2,'172.21.0.1'),('admin',1,'2020-05-10 12:39:21',2,'172.21.0.1'),('admin',1,'2020-05-11 00:10:16',2,'172.21.0.1'),('admin',1,'2020-05-12 15:38:01',2,'172.21.0.1'),('admin',1,'2020-05-12 23:42:29',2,'172.21.0.1'),('admin',1,'2020-05-13 11:41:57',2,'172.21.0.1'),('admin',1,'2020-05-13 12:34:05',2,'172.21.0.1'),('admin',1,'2020-05-15 00:00:43',2,'172.21.0.1'),('admin',1,'2020-05-15 14:52:10',2,'172.21.0.1');
/*!40000 ALTER TABLE `user_log` ENABLE KEYS */;
UNLOCK TABLES;

--
-- Table structure for table `vdef`
--

DROP TABLE IF EXISTS `vdef`;
/*!40101 SET @saved_cs_client     = @@character_set_client */;
/*!40101 SET character_set_client = utf8 */;
CREATE TABLE `vdef` (
  `id` mediumint(8) unsigned NOT NULL AUTO_INCREMENT,
  `hash` varchar(32) COLLATE utf8mb4_unicode_ci NOT NULL DEFAULT '',
  `name` varchar(255) COLLATE utf8mb4_unicode_ci NOT NULL DEFAULT '',
  PRIMARY KEY (`id`),
  KEY `hash` (`hash`),
  KEY `name` (`name`(171))
) ENGINE=InnoDB AUTO_INCREMENT=8 DEFAULT CHARSET=utf8mb4 COLLATE=utf8mb4_unicode_ci ROW_FORMAT=DYNAMIC COMMENT='vdef';
/*!40101 SET character_set_client = @saved_cs_client */;

--
-- Dumping data for table `vdef`
--

LOCK TABLES `vdef` WRITE;
/*!40000 ALTER TABLE `vdef` DISABLE KEYS */;
INSERT INTO `vdef` VALUES (1,'e06ed529238448773038601afb3cf278','Maximum'),(2,'e4872dda82092393d6459c831a50dc3b','Minimum'),(3,'5ce1061a46bb62f36840c80412d2e629','Average'),(4,'06bd3cbe802da6a0745ea5ba93af554a','Last (Current)'),(5,'631c1b9086f3979d6dcf5c7a6946f104','First'),(6,'6b5335843630b66f858ce6b7c61fc493','Total: Current Data Source'),(7,'c80d12b0f030af3574da68b28826cd39','95th Percentage: Current Data Source');
/*!40000 ALTER TABLE `vdef` ENABLE KEYS */;
UNLOCK TABLES;

--
-- Table structure for table `vdef_items`
--

DROP TABLE IF EXISTS `vdef_items`;
/*!40101 SET @saved_cs_client     = @@character_set_client */;
/*!40101 SET character_set_client = utf8 */;
CREATE TABLE `vdef_items` (
  `id` mediumint(8) unsigned NOT NULL AUTO_INCREMENT,
  `hash` varchar(32) COLLATE utf8mb4_unicode_ci NOT NULL DEFAULT '',
  `vdef_id` mediumint(8) unsigned NOT NULL DEFAULT 0,
  `sequence` mediumint(8) unsigned NOT NULL DEFAULT 0,
  `type` tinyint(2) NOT NULL DEFAULT 0,
  `value` varchar(150) COLLATE utf8mb4_unicode_ci NOT NULL DEFAULT '',
  PRIMARY KEY (`id`),
  KEY `vdef_id_sequence` (`vdef_id`,`sequence`)
) ENGINE=InnoDB AUTO_INCREMENT=16 DEFAULT CHARSET=utf8mb4 COLLATE=utf8mb4_unicode_ci ROW_FORMAT=DYNAMIC COMMENT='vdef items';
/*!40101 SET character_set_client = @saved_cs_client */;

--
-- Dumping data for table `vdef_items`
--

LOCK TABLES `vdef_items` WRITE;
/*!40000 ALTER TABLE `vdef_items` DISABLE KEYS */;
INSERT INTO `vdef_items` VALUES (1,'88d33bf9271ac2bdf490cf1784a342c1',1,1,4,'CURRENT_DATA_SOURCE'),(2,'a307afab0c9b1779580039e3f7c4f6e5',1,2,1,'1'),(3,'0945a96068bb57c80bfbd726cf1afa02',2,1,4,'CURRENT_DATA_SOURCE'),(4,'95a8df2eac60a89e8a8ca3ea3d019c44',2,2,1,'2'),(5,'cc2e1c47ec0b4f02eb13708cf6dac585',3,1,4,'CURRENT_DATA_SOURCE'),(6,'a2fd796335b87d9ba54af6a855689507',3,2,1,'3'),(7,'a1d7974ee6018083a2053e0d0f7cb901',4,1,4,'CURRENT_DATA_SOURCE'),(8,'26fccba1c215439616bc1b83637ae7f3',4,2,1,'5'),(9,'a8993b265f4c5398f4a47c44b5b37a07',5,1,4,'CURRENT_DATA_SOURCE'),(10,'5a380d469d611719057c3695ce1e4eee',5,2,1,'6'),(11,'65cfe546b17175fad41fcca98c057feb',6,1,4,'CURRENT_DATA_SOURCE'),(12,'f330b5633c3517d7c62762cef091cc9e',6,2,1,'7'),(13,'f1bf2ecf54ca0565cf39c9c3f7e5394b',7,1,4,'CURRENT_DATA_SOURCE'),(14,'11a26f18feba3919be3af426670cba95',7,2,6,'95'),(15,'e7ae90275bc1efada07c19ca3472d9db',7,3,1,'8');
/*!40000 ALTER TABLE `vdef_items` ENABLE KEYS */;
UNLOCK TABLES;

--
-- Table structure for table `version`
--

DROP TABLE IF EXISTS `version`;
/*!40101 SET @saved_cs_client     = @@character_set_client */;
/*!40101 SET character_set_client = utf8 */;
CREATE TABLE `version` (
  `cacti` char(20) COLLATE utf8mb4_unicode_ci NOT NULL DEFAULT '',
  PRIMARY KEY (`cacti`)
) ENGINE=InnoDB DEFAULT CHARSET=utf8mb4 COLLATE=utf8mb4_unicode_ci ROW_FORMAT=DYNAMIC;
/*!40101 SET character_set_client = @saved_cs_client */;

--
-- Dumping data for table `version`
--

LOCK TABLES `version` WRITE;
/*!40000 ALTER TABLE `version` DISABLE KEYS */;
INSERT INTO `version` VALUES ('1.2.11');
/*!40000 ALTER TABLE `version` ENABLE KEYS */;
UNLOCK TABLES;
/*!40103 SET TIME_ZONE=@OLD_TIME_ZONE */;

/*!40101 SET SQL_MODE=@OLD_SQL_MODE */;
/*!40014 SET FOREIGN_KEY_CHECKS=@OLD_FOREIGN_KEY_CHECKS */;
/*!40014 SET UNIQUE_CHECKS=@OLD_UNIQUE_CHECKS */;
/*!40101 SET CHARACTER_SET_CLIENT=@OLD_CHARACTER_SET_CLIENT */;
/*!40101 SET CHARACTER_SET_RESULTS=@OLD_CHARACTER_SET_RESULTS */;
/*!40101 SET COLLATION_CONNECTION=@OLD_COLLATION_CONNECTION */;
/*!40111 SET SQL_NOTES=@OLD_SQL_NOTES */;

-- Dump completed on 2020-05-16 11:12:26
